borough,address,latitude,longitude
QN,CORPORAL STONE ST,40.7687399,-73.7715154
QN,39-19 212TH STREET,40.764291,-73.7730324
BK,253 LORRAINE STREET,40.672458,-73.9995133
BK,67 STREET,40.6276437,-74.007958
BK,1116 67 STREET,40.6269356,-74.0068448
BK,1060 66 STREET,40.6282778,-74.0074105
BK,5204 18TH AVENUE,40.6266381,-73.9831944
BK,OVINGTON AVENUE,40.6260244,-74.0060305
BK,EAST 42 STREET,40.6489323,-73.9380958
BK,3937 SHORE PARKWAY,40.5856325,-73.9295498
QN,30-75 21 STREET,40.7679071,-73.9289815
QN,35-24 105 STREET,40.7543658,-73.8633843
BK,FRONT STREET,40.7024624,-73.9818733
BK,PLYMOUTH STREET,40.7034009,-73.9804989
BK,76 HUDSON AVENUE,40.7026216,-73.9814044
BK,309 WATER STREET,40.7031156,-73.9815666
BK,BERRY STREET,40.7076711,-73.9658682
BK,451 BERRY STREET,40.7077589,-73.9657924
BK,449 BERRY STREET,40.7078001,-73.9657852
BK,1 DIVISION AVENUE,40.7082018,-73.9693847
BK,411 BERRY STREET,40.7092492,-73.9653336
BK,447 BERRY STREET,40.707855,-73.9658176
BK,69 SOUTH 8 STREET,40.7100318,-73.9664982
BK,BERRY STREET,40.7125864,-73.9640585
BK,SOUTH 1 STREET,40.7144634,-73.9626146
BX,439 DEVOE AVENUE,40.841677,-73.8767725
BX,1607 MELVILLE STREET,40.8404465,-73.8684913
BK,708 DRIGGS AVENUE,40.7135898,-73.9602199
BK,712 DRIGGS AVENUE,40.713491,-73.9602849
BK,183 SOUTH 1 STREET,40.7135953,-73.9603642
BK,181 SOUTH 1 STREET,40.7136283,-73.9604436
BK,SOUTH 1 STREET,40.7136585,-73.9605229
BX,1713 TAYLOR AVENUE,40.8422726,-73.8692901
BK,RIVER STREET,40.7178818,-73.9663716
BK,60 NORTH 1 STREET,40.7164375,-73.9646733
BX,1115 LEBANON STREET,40.8413685,-73.8757539
BX,1956 BIRCHALL AVENUE,40.8483374,-73.8684107
BK,1033 JEFFERSON AVENUE,40.6873902,-73.9174567
BX,1159 EAST TREMONT AVENUE,40.8400558,-73.8750552
BX,1157 EAST TREMONT AVENUE,40.8400724,-73.8751491
BX,416 BRONX PARK AVENUE,40.8401712,-73.8751237
BX,1119 EAST 179 STREET,40.8406937,-73.8760876
BX,EAST 180 STREET,40.8413288,-73.8745324
BX,427 LEBANON STREET,40.8408057,-73.8755995
BX,BRONX RIVER AVENUE,40.8405967,-73.8777539
MN,277 PLEASANT AVENUE,40.7942294,-73.9341144
BX,615 MEAD STREET,40.8423964,-73.867143
BX,644 BAKER AVENUE,40.842098,-73.8653907
BX,646 BAKER AVENUE,40.8422104,-73.865311
BX,611 MEAD STREET,40.8423526,-73.8672118
BX,WHITE PLAINS ROAD,40.8419797,-73.8651705
MN,6 AVENUE,40.7301667,-74.0017427
QN,87-80 191 STREET,40.7163125,-73.7716158
QN,FOOTHILL AVENUE,40.7207596,-73.7637396
QN,HILLSIDE AVENUE,40.7164261,-73.7707749
QN,40 AVENUE,40.7724798,-73.7435545
QN,87-15 PALERMO STREET,40.7186027,-73.7707602
QN,87-27 PALERNO STREET,40.7188592,-73.7700306
QN,194-32 DUNTON AVENUE,40.7191343,-73.7689438
QN,191-43 FOOTHILL AVENUE,40.7175366,-73.7702299
QN,193-19 CLOVER HILL ROAD,40.7188304,-73.7693561
BK,287 HENDRIX STREET,40.67501,-73.8896983
BK,280 HENDRIX STREET,40.675112,-73.8901704
BK,BRADFORD STREET,40.6733736,-73.8920695
BK,502 LIBERTY AVENUE,40.6749675,-73.8911873
BK,221 VAN SICLEN AVENUE,40.6746786,-73.8905316
QN,87-07 PALERMO STREET,40.7188801,-73.7708891
QN,97-19 PALERMO STREET,40.7187118,-73.7704568
QN,87-23 PALERMO STREET,40.7187855,-73.7702437
BK,492 GLENMORE AVENUE,40.6735574,-73.8920187
BK,382 HENDRIX STREET,40.6724627,-73.8895439
QN,199-46 KENO AVENUE,40.7221536,-73.7662817
QN,194-28 DUNTON AVENUE,40.719088,-73.7691568
BK,504 LIBERTY AVENUE,40.6749756,-73.8911188
BK,510 LIBERTY AVENUE,40.6749865,-73.8910431
BK,350 HENDRIX STREET,40.6733495,-73.88982
BK,2245 PITKIN AVENUE,40.6730666,-73.8896547
BK,GLENMORE AVENUE,40.6738629,-73.8929267
QN,192-12 HILLSIDE AVENUE,40.7162395,-73.769448
BK,388 MILLER AVENUE,40.67138,-73.8911787
QN,196 STREET,40.7142646,-73.7646464
BK,453 LIBERTY AVENUE,40.6751339,-73.8930581
BK,2744 ATLANTIC AVENUE,40.675883,-73.8928478
BK,VAN SICLEN AVENUE,40.6768618,-73.8916709
BX,612 GRAND CONCOURSE,40.8200114,-73.9262849
MN,CANAL STREET,40.7236641,-74.008121
QN,21 STREET,40.7534553,-73.942532
BK,2675 ATLANTIC AVENUE,40.67616,-73.8955872
BK,491 BELMONT AVENUE,40.67135,-73.8913915
MN,126 LAFAYETTE STREET,40.7189462,-74.0004221
MN,57 CROSBY STREET,40.7220889,-73.9981565
MN,32 THOMPSON STREET,40.7230111,-74.0038927
BK,VERMONT STREET,40.677063,-73.8954957
BK,2677 ATLANTIC AVENUE,40.6761709,-73.8955007
BK,2703 ATLANTIC AVENUE,40.6762387,-73.8946245
BK,WYONA STREET,40.6766772,-73.8938704
MN,CANAL STREET,40.7236724,-74.0074969
BK,511 LIBERTY AVENUE,40.6754585,-73.8908656
MN,63 VARICK STREET,40.7221573,-74.0066669
BK,LIBERTY AVENUE,40.6754994,-73.8905952
MN,144 SPRING STREET,40.7240624,-74.0013565
BK,118 NEW JERSEY AVENUE,40.6770309,-73.8964079
BK,2669 ATLANTIC AVENUE,40.67613,-73.8957676
BK,NEW JERSEY AVENUE,40.6768034,-73.8967579
BK,2673 ATLANTIC AVENUE,40.6761491,-73.895681
BK,2697 ATLANTIC AVENUE,40.6762306,-73.8946931
BK,2695 ATLANTIC AVENUE,40.6762169,-73.8947652
BK,2693 ATLANTIC AVENUE,40.6762033,-73.8948445
BK,399 LIBERTY AVENUE,40.6747982,-73.8951351
BK,397 LIBERTY AVENUE,40.67479,-73.8952036
BK,SEELEY STREET,40.6533883,-73.979991
BK,28 GEORGIA AVENUE,40.6764982,-73.8992856
BK,111 SHEFFIELD AVENUE,40.6747453,-73.8973379
BK,MILLER AVENUE,40.6774749,-73.8927443
BK,FULTON STREET,40.6777678,-73.891947
BK,187 HENDRIX STREET,40.6777389,-73.8903896
BK,133 VAN SICLEN AVENUE,40.6767515,-73.8911483
BK,129 VAN SICLEN AVENUE,40.6771935,-73.8911873
BK,213 SCHENCK AVENUE,40.675915,-73.888983
BK,BRADFORD STREET,40.6772831,-73.8930763
BX,ELLISON AVENUE,40.837446,-73.8359612
BX,2746 GIFFORD AVENUE,40.8311307,-73.8323524
BX,REVERE AVENUE,40.8334152,-73.8292244
BX,2719 BRUCKNER BOULEVARD,40.8306652,-73.8331124
BK,LAKE PLACE,40.5952152,-73.9796339
MN,545 WEST 37 STREET,40.7576225,-73.9994441
BK,32 VILLAGE ROAD NORTH,40.5962982,-73.9739983
BK,38 VILLAGE ROAD NORTH,40.5963586,-73.9738434
BK,LAKE STREET,40.5981701,-73.973659
BK,440 19 STREET,40.6577588,-73.9849021
BK,455 20 STREET,40.6575337,-73.9851256
BK,EAST 4 STREET,40.6517604,-73.9783373
BK,OCEAN PARKWAY,40.6084123,-73.9683176
BK,EAST 5 STREET,40.6051873,-73.9685604
BK,EAST 2 STREET,40.6055449,-73.9715349
BK,1070 OCEAN PARKWAY,40.622686,-73.9710017
BX,673 EAST 221 STREET,40.8855052,-73.8628834
BK,1162 FLUSHING AVENUE,40.7065097,-73.9246106
BX,745 EAST 222 STREET,40.8854248,-73.8599433
BX,841 EAST 223 STREET,40.8852151,-73.8567793
BX,850A EAST 223 STREET,40.8847265,-73.856708
QN,SENECA AVENUE,40.708822,-73.9183535
BX,3806 WHITE PLAINS ROAD,40.8837891,-73.8623408
BX,EAST 221 STREET,40.8845878,-73.8600174
BK,VAN SICKLEN STREET,40.5931804,-73.9753569
QN,1863 STARR STREET,40.7107923,-73.9177379
BX,EAST 221 STREET,40.8844335,-73.8595223
BX,761 EAST 222 STREET,40.8852265,-73.8593217
BX,813 EAST 223 STREET,40.885532,-73.8577768
BK,WEST 7 STREET,40.5931397,-73.9775966
BK,WEST 7 STREET,40.5939028,-73.9777439
BK,STERLING PLACE,40.674018,-73.9591368
BK,LAKE STREET,40.5910668,-73.9748104
BK,11 SOUTHGATE COURT,40.5912392,-73.97247
BK,VAN SICKLEN STREET,40.5922363,-73.9755229
BK,VAN SICKLEN STREET,40.5919262,-73.9759587
BK,CARROLL STREET,40.6668916,-73.9383278
BK,1512 UNION STREET,40.6680284,-73.9393325
BK,1332 PRESIDENT STREET,40.6674854,-73.9455907
BK,1751 WEST 1 STREET,40.60526,-73.974074
BK,WEST 3 STREET,40.6030562,-73.9755153
BK,137 MONTGOMERY STREET,40.666558,-73.9599993
BK,145 MONTGOMERY STREET,40.6665168,-73.959765
BK,995 PRESIDENT STREET,40.6692695,-73.959028
BK,884 FRANKLIN AVENUE,40.6683391,-73.9591259
BK,576 STERLING PLACE,40.6735186,-73.9594291
BK,VAN SICKLEN STREET,40.597863,-73.9751679
BX,1424 FERRIS PLACE,40.8399705,-73.8413544
BX,EAST TREMONT AVENUE,40.8402721,-73.8411802
BK,1040 HALSEY STREET,40.687409,-73.9132055
BK,BROADWAY,40.6848345,-73.9133278
BK,325 AVENUE U,40.5973463,-73.9720966
BX,1301 HERSCHELL STREET,40.8357041,-73.8426041
BK,29 WYTHE AVENUE,40.7229617,-73.9562423
BX,BUTLER PLACE,40.8361813,-73.8463867
BK,59 SCHAEFER STREET,40.686255,-73.9115447
BK,50A HULL STREET,40.6788986,-73.9147308
MN,8 WEST 14 STREET,40.7359416,-73.994674
MN,44 WEST 8 STREET,40.7329499,-73.9986433
BX,180 EAST 132 STREET,40.8044399,-73.9252726
BX,839 EAST 135 STREET,40.8017206,-73.910817
BK,810 MAC DONOUGH STREET,40.6842063,-73.9138298
QN,117-03 CURZON ROAD,40.7051812,-73.8351939
BK,31 THOMAS S BOYLAND ST,40.6841903,-73.914468
BK,1653 BROADWAY,40.6847933,-73.9132557
BK,1629 BROADWAY,40.6852083,-73.9140412
BK,DECATUR STREET,40.6851734,-73.9114272
QN,63-09 62 AVENUE,40.7144741,-73.8984671
QN,10-37 46 AVENUE,40.7467786,-73.9510477
BK,196 ROCKAWAY AVENUE,40.6765491,-73.9111719
BX,3980 PROVOST AVENUE,40.8906855,-73.8268783
QN,110-18 ROCKAWAY BEACH BLVD,40.5812781,-73.8328896
QN,109-18 ROCKAWAY BEACH BLVD,40.5816577,-73.8315386
QN,BEACH CHANNEL DRIVE,40.5828664,-73.8360393
QN,112-11 ROCKAWAY BEACH BLVD,40.5805114,-73.8341407
QN,167 BEACH 114 STREET,40.5792914,-73.8351301
QN,162 BEACH 114 STREET,40.5793537,-73.8345648
BX,2242 GLEASON AVENUE,40.8319282,-73.8493597
BK,176 TOMPKINS AVENUE,40.6929955,-73.9461361
BX,212 WEST 231 STREET,40.8791146,-73.9056903
BK,40 STREET,40.6542652,-74.0096442
BK,588 UNION STREET,40.6777352,-73.9845479
QN,48 STREET,40.7706986,-73.8996233
QN,DITMARS BOULEVARD,40.7693079,-73.9006327
BK,147 CLIFTON PLACE,40.6885678,-73.95823
BK,462 LAFAYETTE AVENUE,40.6890393,-73.9566071
BK,448 LAFAYETTE AVENUE,40.6889737,-73.9573968
BK,342 FRANKLIN AVENUE,40.6874036,-73.957167
BK,GREENE AVENUE,40.6875516,-73.9564963
BK,409 CLASSON AVENUE,40.6869982,-73.9593668
BK,1096 BEDFORD AVENUE,40.6873286,-73.954982
BK,199 LEXINGTON AVENUE,40.6873809,-73.9553389
BK,177 LEXINGTON AVENUE,40.68737,-73.9554255
BK,483 DEKALB AVENUE,40.6908595,-73.9577995
BK,635 GREENE AVENUE,40.6895002,-73.9436076
BK,5200 1 AVENUE,40.6494055,-74.0209268
BK,38 VAN BUREN STREET,40.6897556,-73.9438778
BK,11 VAN BUREN STREET,40.6901102,-73.9448114
BK,604 MYRTLE AVENUE,40.693896,-73.9599865
BK,HART STREET,40.6935014,-73.9479315
BK,SKILLMAN STREET,40.6911226,-73.9566562
MN,TERRACE VIEW AVENUE,40.8780837,-73.9105555
BK,722 LAFAYETTE AVENUE,40.6904612,-73.9442378
MN,HARLEM RIVER DRIVE,40.8736087,-73.9091441
BK,467 BUSHWICK AVENUE,40.7014802,-73.9364818
MN,119 WEST 138 STREET,40.8167479,-73.9405878
BK,76 HANSON PLACE,40.6852376,-73.9745369
BK,92 STREET,40.6166808,-74.0273352
QN,21 AVENUE,40.771272,-73.8902754
QN,77 ROAD,40.7231703,-73.806883
QN,73-08 DITMARS BOULEVARD,40.7680191,-73.8958151
BK,94 STREET,40.6159967,-74.0296546
QN,162-11 77 ROAD,40.7237312,-73.8058134
BK,219 KOSCIUSZKO STREET,40.6914228,-73.9462275
QN,161-09 UNION TURNPIKE,40.7211243,-73.8062034
QN,22-23 75 STREET,40.7676497,-73.8940792
BK,727 LAFAYETTE AVENUE,40.690936,-73.9441617
BK,622 WILLOUGHBY AVENUE,40.694186,-73.9444511
BK,154 HART STREET,40.6933382,-73.9452848
QN,166 STREET,40.7218529,-73.8020706
BX,OLINVILLE AVENUE,40.8807502,-73.8665167
BK,332 STAGG STREET,40.7100816,-73.9352436
BK,818 DEKALB AVENUE,40.6920501,-73.943454
BK,540 WILLOUGHBY AVENUE,40.6937978,-73.9478015
BK,94 PULASKI STREET,40.6923156,-73.947698
BK,154 TOMPKINS AVENUE,40.693863,-73.9463085
MN,249 EAST 105 STREET,40.7903752,-73.943356
MN,2 AVENUE,40.790172,-73.9431576
BX,1515 LURTING AVENUE,40.8432404,-73.8503424
BX,1558 LURTING AVENUE,40.845203,-73.8504175
BX,1612 POPLAR STREET,40.8454998,-73.8464808
BK,MARCY AVENUE,40.6920551,-73.9483149
BX,1415 OVERING STREET,40.839615,-73.8443585
BK,152 HART STREET,40.6933328,-73.9453389
BX,1513 OVERING STREET,40.8408551,-73.8460506
BK,149 PULASKI STREET,40.693061,-73.9452237
BK,185 TOMPKINS AVENUE,40.6929843,-73.9455483
BX,1140 SACKET AVENUE,40.8471847,-73.8462601
BK,150 HART STREET,40.693341,-73.9454002
BK,GARNET STREET,40.6743547,-73.9983489
QN,87-74 172 STREET,40.7111355,-73.7901594
QN,170-05 CEDARCROFT ROAD,40.7117961,-73.79274
QN,87-21 HOMELAWN STREET,40.7119664,-73.7928152
QN,87-25 HOMELAWN STREET,40.7118731,-73.7927831
BK,413 BOND STREET,40.676262,-73.9918055
BK,148 3 STREET,40.6761687,-73.9914161
BK,213 THIRD AVENUE,40.6793162,-73.9844322
BK,SACKETT STREET,40.6784296,-73.9846054
BX,EAST 169 STREET,40.8303409,-73.8988432
QN,90-29 170 STREET,40.7079894,-73.7898591
QN,177-06 87 DRIVE,40.7126552,-73.7867242
BK,HOYT STREET,40.6779556,-73.9933771
BK,3 STREET,40.6768412,-73.9928761
BK,509 CARROLL STREET,40.6768405,-73.9850384
BK,5 3 STREET,40.6789631,-73.9954789
BK,4 AVENUE,40.6771532,-73.9836179
BK,4 STREET,40.6775714,-73.9937413
BK,210 3 STREET,40.6750952,-73.9883339
BK,143 WINDSOR PLACE,40.659737,-73.9799386
BK,270 NEVINS STREET,40.6801921,-73.9872117
BK,21 DENTON PLACE,40.6758167,-73.9850314
BK,284 4 AVENUE,40.6757562,-73.9846637
BX,2001 NEEDHAM AVENUE,40.8827684,-73.8392054
MN,152 WEST 14 STREET,40.7380963,-73.9993469
MN,14 GAY STREET,40.7336471,-74.0005557
BK,SKILLMAN AVENUE,40.7161972,-73.9408723
BK,402 MANHATTAN AVE,40.7181487,-73.946408
BK,321 AVENUE T,40.5994573,-73.9731616
BK,237 PACIFIC STREET,40.6887754,-73.991126
BK,241 CONSELYEA STREET,40.7157392,-73.9415653
BK,239 CONSELYEA STREET,40.7156239,-73.9416195
BK,MEEKER AVENUE,40.7208641,-73.9423617
BK,RICHARDSON STREET,40.71884,-73.9455849
BK,26 HERBERT STREET,40.7192181,-73.9441236
BK,MEEKER AVENUE,40.7214236,-73.9415459
BK,ST JOHNS PLACE,40.6777833,-73.9768976
BK,220 3 STREET,40.6743185,-73.9888495
BK,231 3 AVENUE,40.6785532,-73.9849227
BK,2081 ATLANTIC AVENUE,40.6766482,-73.9114998
BK,9 MARCONI PLACE,40.6772473,-73.9124075
BK,1905 ATLANTIC AVENUE,40.6771795,-73.9212116
BK,24 GUNTHER PLACE,40.6768682,-73.912098
BK,1209 BEDFORD AVENUE,40.6819181,-73.953374
BK,1087 ATLANTIC AVENUE,40.6794155,-73.955009
BK,HERKIMER STREET,40.6777224,-73.9203493
BK,520 STERLING PLACE,40.6738953,-73.9612638
BK,JUDGE STREET,40.7134332,-73.9409108
BK,HERKIMER PLACE,40.6791968,-73.9505205
BK,517 NOSTRAND AVENUE,40.6794982,-73.9492944
BK,1982 FULTON STREET,40.6784902,-73.9193208
BK,HERKIMER STREET,40.679382,-73.9471674
BK,VOORHIES AVENUE,40.58638,-73.9465101
BX,EAST 178 STREET,40.8483456,-73.8981616
BK,1305 ATLANTIC AVENUE,40.6785614,-73.9473555
BK,317 SUMPTER STREET,40.6810541,-73.9122367
BK,202 MAC DOUGAL STREET,40.6798659,-73.9125231
BK,308 SUMPTER STREET,40.6806915,-73.9118514
BK,920 METROPOLITAN AVENUE,40.7143487,-73.9383452
QN,150-39 14 ROAD,40.7882242,-73.8121797
BK,315 MARION STREET,40.6813811,-73.9164402
QN,150-45 14 ROAD,40.7883091,-73.8120278
MN,322 LENOX AVENUE,40.8084883,-73.9445074
BK,MARION STREET,40.6809202,-73.9166463
BK,315 SUMPTER STREET,40.6810542,-73.9122944
BK,HULL STREET,40.6796744,-73.9133634
QN,143-31 97 AVENUE,40.6966798,-73.8080812
BK,157 SPENCER STREET,40.6936607,-73.9547253
BK,HULL STREET,40.6790322,-73.9135553
BK,BEDFORD AVENUE,40.694243,-73.9557527
BK,145 SANDFORD STREET,40.6944917,-73.9530659
BK,REMSEN STREET,40.6928926,-73.9919981
BK,REMSEN STREET,40.6929448,-73.9923407
BK,MC KIBBIN COURT,40.7051645,-73.9379606
MN,2 WASHINGTON TERRACE,40.8514788,-73.9296478
QN,148-13 95 AVENUE,40.6993884,-73.8044814
QN,95-34 149 STREET,40.6982837,-73.8037237
BK,MC KIBBIN STREET,40.7055203,-73.9361172
BK,325 MAUJER STREET,40.7123551,-73.9367275
BK,316 TEN EYCK STREET,40.7111612,-73.9368152
BK,302 MAUJER STREET,40.7118694,-73.9370021
BK,244 MONTROSE AVENUE,40.7074816,-73.9390477
BK,1510 FULTON STREET,40.6796532,-73.9404901
QN,149-04 97 AVENUE,40.6980409,-73.8030356
QN,149-06 97 AVENUE,40.698071,-73.8029562
QN,147-05 94 AVENUE,40.6993016,-73.8067754
QN,93-43 SUTPHIN BOULEVARD,40.6992139,-73.8067973
QN,93-45 SUTPHIN BOULEVARD,40.6993951,-73.8068364
BK,ATLANTIC AVENUE,40.6783646,-73.9433141
QN,11 AVENUE,40.788209,-73.8443198
BK,323 CLIFTON PLACE,40.6894677,-73.9503867
BK,CHAUNCEY STREET,40.6801817,-73.9286531
BK,BAINBRIDGE STREET,40.6806092,-73.9321211
BK,STUYVESANT AVENUE,40.6824565,-73.9322634
BK,48 3 AVENUE,40.6852032,-73.9810271
QN,148-07 95 AVENUE,40.6993118,-73.8046836
QN,97-35 WALTHAM STREET,40.6959814,-73.8056743
QN,101 AVENUE,40.6960796,-73.805335
BK,76 3 AVENUE,40.6843771,-73.9816835
BK,2628 EAST 11 STREET,40.5866653,-73.9595791
BK,394 GATES AVENUE,40.6860313,-73.9504469
BK,SAPPHIRE STREET,40.6709565,-73.8577441
BK,434 GATES AVENUE,40.686187,-73.9488026
BK,396 GATES AVENUE,40.6860395,-73.9503712
BK,321 CLIFTON PLACE,40.6894595,-73.9504588
QN,TUCKERTON STREET,40.7001136,-73.8016266
BK,UNDERHILL AVENUE,40.6738038,-73.9673636
BK,FULTON STREET,40.6809241,-73.9526031
BK,146 MADISON STREET,40.6841852,-73.9531741
BK,772 MYRTLE AVENUE,40.6948644,-73.9515619
BK,148 MADISON STREET,40.6841934,-73.9531272
BK,1207 BEDFORD AVENUE,40.6820032,-73.9533956
QN,150 STREET,40.7013222,-73.8037905
QN,150-17 LIBERTY AVENUE,40.6984481,-73.8019489
BK,592 MARCY AVENUE,40.6943364,-73.9493084
QN,95-33 150 STREET,40.6987589,-73.8023591
QN,99-18 150 STREET,40.701554,-73.8044895
BK,452 NOSTRAND AVENUE,40.6835171,-73.9505101
BK,610 MARCY AVENUE,40.6936172,-73.9491647
BK,172 MADISON STREET,40.6842918,-73.9522618
BK,811 GREENE AVENUE,40.6904183,-73.9356413
BK,441 NOSTRAND AVENUE,40.6937859,-73.9519413
BX,BRUCKNER BOULEVARD,40.8219272,-73.8887358
QN,92-11 147 PLACE,40.7012967,-73.8065316
QN,ARCHER AVENUE,40.701096,-73.8063158
BK,DIVISION PLACE,40.7200121,-73.9402448
QN,87-50 168 STREET,40.7103485,-73.7951756
MN,12 AVENUE,40.7595629,-74.0038696
MN,103 WEST 138 STREET,40.8164621,-73.9399089
BK,462 SCOTT AVENUE,40.7266452,-73.9288307
QN,166-16 88 AVENUE,40.7087758,-73.7952238
QN,166-10 HILLSIDE AVENUE,40.709359,-73.7959253
BK,177 MOORE STREET,40.7042833,-73.9377739
MN,123 WEST 138 STREET,40.8168166,-73.9407504
QN,88-16 168 PLACE,40.7091406,-73.7935057
QN,168-33 88TH AVENUE,40.7099721,-73.7934094
QN,87-87 169 STREET,40.7102118,-73.7923806
BK,CLYMER STREET,40.7072393,-73.9630479
QN,148 STREET,40.7021624,-73.807171
BK,428 GATES AVENUE,40.6861624,-73.9490117
QN,JAMAICA AVENUE,40.7035581,-73.8015118
BK,356 FULTON STREET,40.691465,-73.9883274
MN,113 WEST 138 STREET,40.8166435,-73.9403387
BK,360 FULTON STREET,40.6913854,-73.9881615
BK,366 FULTON STREET,40.6913991,-73.9879812
BK,380 FULTON STREET,40.6913936,-73.9875846
BK,370 FULTON STREET,40.6913661,-73.9879091
BK,522 AVENUE X,40.5909707,-73.9641132
MN,258 3 AVENUE,40.7375655,-73.9844258
MN,256 3 AVENUE,40.7375079,-73.9844691
MN,252 3 AVENUE,40.7373954,-73.9845485
MN,38 GRAMERCY PARK NORTH,40.737744,-73.9848624
MN,37 GRAMERCY PARK EAST,40.7376836,-73.9848443
BK,2030 FULTON STREET,40.678365,-73.9168838
BK,244 SARATOGA AVENUE,40.6774947,-73.9166109
BK,1897 ATLANTIC AVENUE,40.677199,-73.9215937
BK,309 HOWARD AVENUE,40.6771505,-73.9189944
BK,HOWARD AVENUE,40.6771999,-73.9189763
QN,1857 GATES AVENUE,40.7045291,-73.9074341
BK,VAN SINDEREN AVENUE,40.65791,-73.8987118
BX,BROADWAY,40.8927949,-73.8970446
BK,634 HINSDALE STREET,40.6591306,-73.8977224
BK,457 VAN SINDEREN AVENUE,40.6645539,-73.9004283
MN,514 11 AVENUE,40.7596261,-73.9985453
MN,11 AVENUE,40.7593379,-73.9977981
BK,494 LINCOLN AVENUE,40.6778884,-73.8680476
BK,524 STERLING PLACE,40.6738788,-73.9611773
BK,478 SAINT JOHNS PLACE,40.6731462,-73.9621331
MN,419 EAST 6 STREET,40.7262024,-73.98515
BX,4277 3 AVENUE,40.8484943,-73.8956023
BX,459 EAST TREMONT AVENUE,40.8473468,-73.8984414
BX,1940 WASHINGTON AVENUE,40.8478396,-73.8971069
BX,521 EAST TREMONT AVENUE,40.8470623,-73.8964178
BX,4208 PARK AVENUE,40.8475777,-73.8988748
BX,452 EAST 178 STREET,40.8483153,-73.8980677
BX,2089 WASHINGTON AVENUE,40.8513765,-73.8959375
BX,2087 WASHINGTON AVENUE,40.8513244,-73.8959738
BK,364 CONEY ISLAND AVENUE,40.6489483,-73.9719272
BX,PARK AVENUE,40.848889,-73.8980993
BX,WASHINGTON AVENUE,40.8501064,-73.8967564
BX,452 EAST 182 STREET,40.8542738,-73.8947654
BX,PARK AVENUE,40.8489274,-73.8980776
BX,4259 3 AVENUE,40.8479565,-73.8958706
QN,9 AVENUE,40.7891061,-73.8420281
BK,420 LINCOLN AVENUE,40.6797447,-73.868783
BX,4386 PARK AVENUE,40.8520054,-73.896392
BX,EAST 181 STREET,40.852263,-73.8959253
BX,507 EAST 175 STREET,40.8444094,-73.8978749
BK,39 SOUTH ELLIOTT PLACE,40.6885014,-73.9755561
BK,FULTON STREET,40.6897735,-73.9825438
BX,NETHERLAND AVENUE,40.9090441,-73.904208
BX,1837 WASHINGTON AVENUE,40.8455222,-73.8992068
BK,ST FELIX STREET,40.6880159,-73.9773736
BX,4133 3RD AVENUE,40.8447961,-73.8974731
BX,448 EAST 178 STREET,40.8483731,-73.8982519
BK,37 LAFAYETTE AVENUE,40.6871431,-73.9775433
BX,RIVERDALE AVENUE,40.9093214,-73.9042474
BK,74 HANSON PLACE,40.6852294,-73.974609
BK,70 HANSON PLACE,40.6852075,-73.974746
QN,98-13 101 AVENUE,40.6853639,-73.8429698
QN,86-06 ROCKAWAY BOULEVARD,40.682674,-73.8533817
QN,DITMARS BOULEVARD,40.7653759,-73.8641559
QN,24 AVENUE,40.7666207,-73.8726298
MN,WEST 114 STREET,40.8077363,-73.9658169
MN,9 WEST 128 STREET,40.8088023,-73.9413752
MN,4 WEST 129 STREET,40.8090328,-73.9411655
MN,334 LENOX AVENUE,40.8087023,-73.9443302
MN,61 WEST 130 STREET,40.8107542,-73.9421502
BK,PROSPECT AVENUE,40.6664605,-73.9938253
MN,400 LENOX AVENUE,40.8106366,-73.9429161
MN,64 WEST 132 STREET,40.8115388,-73.9413114
MN,43 WEST 126 STREET,40.8079881,-73.9433193
MN,9 WEST 127 STREET,40.8081685,-73.9418092
BK,387 PALMETTO STREET,40.6991556,-73.9118378
BK,MYRTLE AVENUE,40.6992214,-73.9118052
MN,2159 ADAM C POWELL BLVD,40.8106329,-73.946655
MN,132 WEST 130 STREET,40.8112824,-73.9445845
QN,DITMARS BLVD,40.7637409,-73.8625781
MN,2157 ADAM C POWELL BLVD,40.8105725,-73.9466984
MN,166 WEST 128 STREET,40.8104736,-73.9465359
QN,DITMARS BOULEVARD,40.7636548,-73.8617697
MN,2506 AMSTERDAM AVENUE,40.8503096,-73.929696
MN,13 WASHINGTON TERRACE,40.8510698,-73.9294783
BK,WYCKOFF AVENUE,40.6956915,-73.9047165
MN,6 WASHINGTON TERRACE,40.8513938,-73.9297129
QN,COLLEGE PLACE,40.7922596,-73.8479796
BX,3701 PROVOST AVENUE,40.8884238,-73.8286889
BK,HANCOCK STREET,40.6964591,-73.9069585
BX,PRATT AVENUE,40.8884246,-73.834877
BX,1710 EAST 233 STREET,40.8877523,-73.8256454
BX,HARPER AVENUE,40.8859335,-73.833744
BX,ROMBOUTS AVENUE,40.8867,-73.8304474
QN,60 STREET,40.7552318,-73.9026497
BX,2220 LIGHT STREET,40.8875872,-73.83089
BX,3601 DE REIMER AVENUE,40.8829848,-73.8389011
BX,MAROLLA PLACE,40.8844829,-73.8365866
QN,1864 PALMETTO STREET,40.7039078,-73.9062087
BX,DE REIMER AVENUE,40.8842445,-73.8388583
QN,688 WOODWARD AVENUE,40.7047997,-73.9059658
QN,50 STREET,40.7618601,-73.905582
QN,22-42 97 STREET,40.7693201,-73.8738449
QN,53 AVENUE,40.7323337,-73.9225283
BX,RICHARDSON AVENUE,40.9053997,-73.8503978
QN,HANCOCK STREET,40.6981021,-73.9055966
BK,AVENUE Z,40.5872605,-73.9584338
BX,HEATH AVENUE,40.8785739,-73.8992724
MN,WEST 34 STREET,40.7547268,-74.0007147
MN,418 11 AVENUE,40.7565246,-74.0007291
MN,WEST 30 STREET,40.754153,-74.0050748
BK,681 SNEDIKER AVENUE,40.6580849,-73.8978177
QN,37-38 73 STREET,40.7477766,-73.8927791
BX,POST ROAD,40.8917501,-73.8980698
BK,18 HITCHINGS AVENUE,40.584779,-73.9394837
BK,1515 EMMONS AVENUE,40.583509,-73.9529207
BK,CONEY ISLAND AVENUE,40.5844613,-73.9597064
BK,11 HOMECREST AVENUE,40.5839549,-73.9559733
BK,1505 EMMONS AVENUE,40.5834871,-73.9532087
QN,10-37 49 AVENUE,40.7433372,-73.9523025
QN,137-70 NORTHERN BOULEVARD,40.7634016,-73.8285412
BX,CROSS BRONX EXPWY,40.8354626,-73.8665027
QN,35-21 COLLEGE POINT BLVD,40.7623872,-73.8350198
QN,31-15 FARRINGTON STREET,40.7687002,-73.8331377
BK,QUINCY STREET,40.6892988,-73.9270243
QN,134-05 NORTHERN BOULEVARD,40.7623785,-73.8346589
QN,33-32 FARRINGTON STREET,40.7657764,-73.8326685
QN,36-35 COLLEGE POINT BLVD,40.7606987,-73.8346414
QN,133-15 35 AVENUE,40.7642492,-73.8338023
QN,61 STREET,40.7515877,-73.9004967
QN,42-02 56 ROAD,40.7285435,-73.9270788
QN,56 ROAD,40.7293527,-73.9263671
QN,54 DRIVE,40.7295797,-73.9251509
QN,54-40 48 STREET,40.7298696,-73.919439
QN,44-09 54 DRIVE,40.7307093,-73.9232085
QN,46-10 53 AVENUE,40.7320529,-73.9211791
QN,44 STREET,40.7293379,-73.9246749
QN,53 AVENUE,40.7322484,-73.9221026
QN,48 STREET,40.7297653,-73.9194788
QN,7 AVENUE,40.7909769,-73.8432191
BK,ROCKAWAY AVENUE,40.6519077,-73.9057917
BK,740 HINSDALE STREET,40.6565061,-73.8972074
BX,PALISADE AVENUE,40.9050535,-73.9111776
QN,42 STREET,40.7294948,-73.9253531
BK,98 LOUISIANA AVENUE,40.6569544,-73.895156
BX,416 EAST 182 STREET,40.8544725,-73.8958785
BK,1305 ROCKAWAY PARKWAY,40.647721,-73.9047093
BK,923 EAST 98TH STREET,40.6482473,-73.9038437
BX,412 ALDEN PLACE,40.8498229,-73.8989437
BX,3138 ARNOW PLACE,40.850039,-73.8286106
BX,1935 PILGRIM AVENUE,40.8504768,-73.8332796
QN,ASTORIA BOULEVARD,40.761651,-73.866315
BX,3156 SCHUYLER PLACE,40.8507718,-73.8285834
BX,WESTCHESTER AVENUE,40.8510069,-73.829801
BX,3146 SANDS PLACE,40.850752,-73.8281859
QN,COLLEGE POINT BLVD,40.7885761,-73.8458573
BK,THATFORD AVENUE,40.6568487,-73.9061884
BX,2881 EAST 196 STREET,40.8540949,-73.8318138
BX,EAST 195 STREET,40.8529534,-73.8319576
BK,607 OSBORN STREET,40.6569769,-73.9052655
BX,MAYFLOWER AVENUE,40.8533865,-73.8335109
BK,DUMONT AVENUE,40.6713333,-73.8583489
BK,JUNIUS STREET,40.6577411,-73.9001033
BK,637 JUNIUS STREET,40.6581583,-73.900081
BK,LINDEN BOULEVARD,40.6575599,-73.9001144
BK,OSBORN STREET,40.6576495,-73.9054376
BX,PILGRIM AVENUE,40.8507806,-73.8326896
QN,135 STREET,40.7874839,-73.8341415
QN,75 ROAD,40.7131933,-73.8411115
BX,PONTIAC PLACE,40.8144246,-73.9091815
QN,GREENWAY SOUTH,40.7118315,-73.840855
QN,BEECHKNOLL AVENUE,40.7154505,-73.8398327
BK,MEEKER AVENUE,40.71728,-73.9494208
QN,INGRAM STREET,40.7122599,-73.842993
BK,GILMORE COURT,40.5861901,-73.9587369
BX,SIGMA PLACE,40.907634,-73.9083885
QN,78 AVENUE,40.7118922,-73.8371251
QN,78 AVENUE,40.7117144,-73.8375945
QN,BORAGE PLACE,40.7163869,-73.8401551
MN,FT WASHINGTON AVENUE,40.8356116,-73.9446654
QN,21 STREET,40.7713144,-73.9262702
QN,51 AVENUE,40.7410381,-73.9482913
BX,CROSS BRONX EXPWY,40.8252539,-73.8247144
BX,4141 GUNTHER AVENUE,40.8927951,-73.8496521
BK,315 JAY STREET,40.6946652,-73.9866824
BX,LADD ROAD,40.9050312,-73.9108339
BX,FIELDSTON ROAD,40.890696,-73.9042742
BX,FIELDSTON ROAD,40.8910016,-73.9054058
BX,DELAFIELD AVENUE,40.8948753,-73.9065939
BX,GOODRIDGE AVENUE,40.8959189,-73.9040243
BX,269 VAN CORTLANDT AVE E,40.8768571,-73.8805512
QN,42 STREET,40.7359222,-73.9241623
BX,WEST 253 STREET,40.9005565,-73.9029433
QN,140 STREET,40.6688483,-73.7987384
BX,GROSVENOR AVENUE,40.8956865,-73.9051026
BX,FIELDSTON ROAD,40.8949648,-73.9052157
BX,GREYSTONE AVENUE,40.8926569,-73.9024051
BX,GOODRIDGE AVENUE,40.8963886,-73.9044396
BX,GROSVENOR AVENUE,40.8972512,-73.905321
BK,CLASSON AVENUE,40.6803226,-73.9587147
BX,WEST 252 STREET,40.8987879,-73.9016617
BX,GREYSTONE AVENUE,40.8924928,-73.9031612
BX,GROSVENOR AVENUE,40.8963154,-73.9054995
BX,INDEPENDENCE AVENUE,40.9102995,-73.9054833
BX,3123 BAINBRIDGE AVENUE,40.8741335,-73.8796629
BX,344 EAST 134 STREET,40.8070619,-73.926534
BX,EAST 132 STREET,40.8062454,-73.9287131
BX,342 EAST 134 STREET,40.8070894,-73.9266026
BX,2737 3 AVENUE,40.8145515,-73.9212115
BX,327 EAST 145 STREET,40.8148729,-73.9215652
BX,242 EAST 136 STREET,40.8102506,-73.9297528
BX,240 EAST 136 STREET,40.8103,-73.9298177
QN,COLLEGE PLACE,40.7891394,-73.8463255
BX,2415 3 AVENUE,40.8085524,-73.9311128
BX,350 GRAND CONCOURSE,40.8156375,-73.9281719
BX,GRAND CONCOURSE,40.8148771,-73.9279921
MN,112 LIBERTY STREET,40.7095941,-74.0120978
BK,EAST 40 STREET,40.6239257,-73.9350858
BK,GOODWIN PLACE,40.6916879,-73.9245408
BK,KOSCIUSKO STREET,40.6922761,-73.9349688
BK,LAFAYETTE AVENUE,40.6919524,-73.9352936
BX,3055 PERRY AVENUE,40.8727749,-73.879716
BX,RIVERCREST ROAD,40.9099122,-73.9051148
QN,32 DRIVE,40.7705976,-73.7811232
BX,BRONX BOULEVARD,40.868696,-73.8794992
BX,3080 DECATUR AVENUE,40.8710251,-73.8784139
BX,3065 PERRY AVENUE,40.8728927,-73.8794952
BX,882 SOUTHERN BOULEVARD,40.818978,-73.8930292
BK,10 AVENUE,40.657574,-73.9791031
MN,431 WEST 33 STREET,40.75353,-73.9981159
MN,321 WEST 33 STREET,40.7521631,-73.994947
MN,358 10 AVENUE,40.7522236,-74.0002635
MN,413 9TH AVENUE,40.7530854,-73.9969285
BK,55 SPARROW WAY,40.6567548,-73.9377101
BK,581 ALBANY AVENUE,40.6564857,-73.9375626
BX,769 CRANFORD AVENUE,40.9034613,-73.8478301
BK,LINDEN BOULEVARD,40.6536367,-73.9376698
BK,EAST 43 STREET,40.6540237,-73.9377126
BK,CHURCH AVENUE,40.6517851,-73.9347271
MN,EAST 125 STREET,40.8035426,-73.9347264
BX,INDEPENDENCE AVENUE,40.909981,-73.9053209
BX,BLONDELL AVENUE,40.8437358,-73.843073
BX,1468 BLONDELL AVENUE,40.8447333,-73.8439598
BX,1710 EASTCHESTER ROAD,40.8466139,-73.8442843
BX,1742 EASTCHESTER ROAD,40.8471637,-73.8428842
BX,WATERS PLACE,40.8531698,-73.8374587
BX,BRONX PARK EAST,40.8578385,-73.8316633
BX,1850 EASTCHESTER ROAD,40.8501932,-73.844453
QN,107-42 REMINGTON STREET,40.6891524,-73.8057266
BX,MC DONALD STREET,40.8547003,-73.8406325
BX,1848 EASTCHESTER ROAD,40.8500616,-73.8445076
BX,BASSETT AVENUE,40.8518245,-73.8431154
BX,1563 BASSETT AVENUE,40.8543718,-73.8412514
QN,82 STREET,40.6836708,-73.8580847
QN,TAHOE STREET,40.6680432,-73.8381874
QN,95-21 87 STREET,40.6845545,-73.8536732
MN,OLIVER STREET,40.7130888,-73.9977816
MN,2 DOYERS STREET,40.7143679,-73.9978176
BX,1410 LONGFELLOW AVENUE,40.8296939,-73.8878122
MN,16 WEST 30 STREET,40.7461515,-73.9875202
QN,95 AVENUE,40.6849561,-73.8542925
MN,11 WEST 29 STREET,40.7459072,-73.9877007
MN,9 WEST 29 STREET,40.7458743,-73.9876177
MN,3 WEST 29 STREET,40.7458057,-73.9874554
MN,36 WEST 29 STREET,40.7461133,-73.9893572
QN,108 STREET,40.7571786,-73.8606281
QN,36 AVENUE,40.7544961,-73.859901
QN,36 AVENUE,40.7545449,-73.8594244
QN,97-33 VAN WYCK EXPRESSWAY,40.6944099,-73.8113838
QN,138-39 102 AVENUE,40.6941347,-73.809311
BX,JEROME AVENUE,40.8419265,-73.9162422
BX,1231 WHEELER AVENUE,40.829555,-73.8806469
QN,97-26 126 STREET,40.6920393,-73.8205426
BX,ROOSEVELT AVENUE,40.8252708,-73.8214082
BX,1432 VYSE AVENUE,40.83104,-73.8890747
QN,136 ROAD,40.6681709,-73.7282749
BX,1283 LOUIS NINE BOULEVARD,40.8303102,-73.892245
BX,1338 SOUTHERN BOULEVARD,40.8318156,-73.8906778
QN,126 STREET,40.69214,-73.8199798
BX,1288 SOUTHERN BOULEVARD,40.8304687,-73.8914569
BX,EAGLE AVENUE,40.8151617,-73.9110772
MN,2455 2 AVENUE,40.8033388,-73.9335635
BX,WALES AVENUE,40.8151747,-73.9067383
BX,1440 BRYANT AVENUE,40.8309924,-73.8880738
BX,WALES AVENUE,40.81529,-73.9066876
MN,225 EAST 125 STREET,40.8035124,-73.9346542
QN,50 AVENUE,40.7486432,-73.7860063
BK,EAST 22 STREET,40.5881673,-73.947578
QN,54 ROAD,40.7314381,-73.9253942
BK,2220 VOORHIES AVENUE,40.5863771,-73.9462581
BK,3547 SHORE PARKWAY,40.5853937,-73.9445451
QN,84 STREET,40.7333187,-73.8830203
BK,1667 SHEEPSHEAD BAY ROAD,40.5861847,-73.9517559
QN,9 AVENUE,40.7895856,-73.8434101
BX,4160 GUNTHER AVENUE,40.8935083,-73.8493322
BK,EAST 19 STREET,40.5852289,-73.9502841
BK,SHEEPSHEAD BAY ROAD,40.5853993,-73.9508708
BK,SURF AVENUE,40.5725504,-73.9987294
BK,EAST 28 STREET,40.5857022,-73.9413226
BK,2222 VOORHIES AVENUE,40.5863771,-73.9461897
BK,2310 JEROME AVENUE,40.5884771,-73.9466092
BK,EAST 54 STREET,40.6242011,-73.923259
BK,AVENUE J,40.6283279,-73.9212476
BK,EAST 54 STREET,40.6265755,-73.9235048
BK,AVENUE K,40.6263964,-73.9224063
BK,51 STREET,40.6417438,-74.0055815
QN,ALBERT ROAD,40.6675318,-73.835633
QN,149-16 14 AVENUE,40.7882951,-73.8152635
BK,PROSPECT AVENUE,40.6562645,-73.9782493
QN,10 AVENUE,40.7923458,-73.8166391
QN,9 AVENUE,40.7936159,-73.8145156
QN,11 AVENUE,40.7909151,-73.8162313
QN,8 AVENUE,40.7940227,-73.816602
BX,PROSPECT AVENUE,40.8252304,-73.899028
QN,6 AVENUE,40.7956411,-73.8159402
QN,8 AVENUE,40.7945899,-73.8142457
BX,1078 HALL PLACE,40.8255938,-73.8971775
QN,34-34 112 STREET,40.7558317,-73.8568085
BX,HOME STREET,40.8279206,-73.8963247
BX,886 HOME STREET,40.8280218,-73.8959777
BX,1062 UNION AVENUE,40.8254594,-73.9004477
BX,1120 INTERVALE AVENUE,40.8265756,-73.8963015
BX,856 HOME STREET,40.8278092,-73.8976799
BX,1036 PROSPECT AVENUE,40.8245828,-73.8992386
BX,1109 INTERVALE AVENUE,40.8264804,-73.8972773
BX,1196 PROSPECT AVENUE,40.8268245,-73.8983354
BX,1060 UNION AVENUE,40.8254128,-73.9004658
BX,1032 PROSPECT AVENUE,40.824495,-73.8992712
BX,651 JEFFERSON PLACE,40.8333302,-73.8992145
BX,PROSPECT AVENUE,40.8339408,-73.8975332
BX,666 EAST 170TH STREET,40.8335984,-73.8983323
BX,LAFAYETTE AVENUE,40.8340175,-73.8974174
QN,31-31 GREENPOINT AVENUE,40.735131,-73.9365868
QN,9 AVENUE,40.7896661,-73.8460787
BX,PROSPECT AVENUE,40.8339929,-73.8974897
BX,PROSPECT AVENUE,40.8338585,-73.8975694
QN,COLLEGE POINT BLVD,40.7887593,-73.8453333
BX,787 EAST 169 STREET,40.8305551,-73.899038
BX,816 RITTER PLACE,40.8307408,-73.8979428
BX,PROSPECT AVENUE,40.8337787,-73.897313
BX,687 EAST 170 STREET,40.8336084,-73.8972626
QN,124 STREET,40.7898217,-73.843424
QN,125 STREET,40.7929601,-73.8423079
BX,792 EAST 169 STREET,40.8300641,-73.899317
BX,1218 TINTON AVENUE,40.8296117,-73.8998741
QN,5 AVENUE,40.7941754,-73.8418283
QN,COLLEGE POINT BLVD,40.7890338,-73.8453182
BX,PENNYFIELD AVENUE,40.8105941,-73.8041042
MN,1152 2 AVENUE,40.7615032,-73.9633354
QN,150-51 14 ROAD,40.7884544,-73.8119624
BK,COZINE AVENUE,40.6621909,-73.8679705
BK,12749 FLATLANDS AVENUE,40.6610617,-73.8646928
BX,1932 MCGRAW AVENUE,40.8345488,-73.8598011
BX,2061 WESTCHESTER AVENUE,40.8340382,-73.8552127
BX,MEAGHER AVENUE,40.8169058,-73.8099492
BX,1358 ODELL STREET,40.8357381,-73.8538177
BX,2047 WESTCHESTER AVENUE,40.8340117,-73.8560403
QN,154 STREET,40.7914258,-73.8079056
BX,12 SCHUYLER TERRACE,40.8098037,-73.8025676
QN,105 STREET,40.7586732,-73.8641552
BX,LONGSTREET AVENUE,40.8148698,-73.8037556
BX,LONGSTREET AVENUE,40.8146086,-73.8034999
BX,LONGSTREET AVENUE,40.8139298,-73.8029889
QN,11-10 154 STREET,40.792021,-73.8076511
BX,HAIGHT AVENUE,40.8501754,-73.8538691
BX,323 PENNYFIELD AVENUE,40.815636,-73.8089304
BX,CHAFFEE AVENUE,40.8156996,-73.8042698
QN,135 AVENUE,40.6763643,-73.7617734
QN,109 AVENUE,40.7095229,-73.7397678
QN,9 AVENUE,40.7924029,-73.8198206
QN,149 STREET,40.7897988,-73.8167581
BX,431 EAST 148 STREET,40.8149408,-73.9166663
BX,ROOSEVELT AVENUE,40.8844121,-73.7971637
BK,WORTMAN AVENUE,40.664732,-73.8582368
BK,EMERALD STREET,40.6641197,-73.8581263
BX,PENNYFIELD AVENUE,40.8115811,-73.8050947
BX,3092 BEVY PLACE,40.8103645,-73.8030717
BK,12681 FLATLANDS AVENUE,40.660746,-73.8669533
BK,AUTUMN AVENUE,40.6637608,-73.8654947
BK,7 AUTUMN LANE,40.6634098,-73.8657802
BX,HARDING AVENUE,40.8168791,-73.8103972
BK,STANLEY AVENUE,40.6654667,-73.8690814
BK,SAPPHIRE STREET,40.671006,-73.8577584
BK,AMBER STREET,40.6707812,-73.8580257
QN,149 STREET,40.7914409,-73.8171869
BK,956 LINCOLN AVENUE,40.6652807,-73.8649185
BK,LINCOLN AVENUE,40.6651984,-73.864897
BK,LINCOLN AVENUE,40.6648524,-73.8648112
BK,WORTMAN AVENUE,40.6644847,-73.8648913
QN,122 PLACE,40.6714697,-73.8169282
BK,LINDEN BOULEVARD,40.66926,-73.8575098
BK,1473 LORING AVENUE,40.6687819,-73.8571648
BK,327 AMBER STREET,40.669079,-73.8576436
BX,BISSEL AVENUE,40.8998309,-73.8505261
QN,POWELLS COVE BLVD,40.7996167,-73.8202056
QN,POWELLS COVE BLVD,40.7991224,-73.8218323
QN,149 STREET,40.7977336,-73.8200663
QN,150-12 12 AVENUE,40.7906066,-73.8138342
QN,10-15 150 STREET,40.7920162,-73.8147801
BK,LORING AVENUE,40.6673548,-73.8618143
BK,898 PINE STREET,40.6630228,-73.8681779
BK,994 CRESCENT STREET,40.662986,-73.867212
BK,PINE STREET,40.662797,-73.8675332
QN,AUSTIN STREET,40.7052248,-73.8256612
BK,1025 CRESCENT STREET,40.6620738,-73.8664136
BK,45 LEWIS AVENUE,40.6962575,-73.9375217
QN,71-36 58 ROAD,40.7252933,-73.8888611
QN,56 DRIVE,40.7259567,-73.9251478
QN,3 49 LANE,40.7240988,-73.9175772
BK,SHORE ROAD,40.6318785,-74.0375841
BX,EAST 177 STREET,40.8189751,-73.8065435
BX,SECOR AVENUE,40.8910549,-73.8317239
BK,22 STREET,40.6606663,-73.9934942
BX,56 PENNYFIELD CAMP,40.8214747,-73.8060557
BX,MILES AVENUE,40.8215253,-73.8083679
QN,59-02 54 STREET,40.7169383,-73.91461
BX,3169 WISSMAN AVENUE,40.8209636,-73.8073145
BK,BELMONT AVENUE,40.6746451,-73.8665903
BX,DE REIMER AVENUE,40.8822093,-73.8378615
QN,104 AVENUE,40.7031719,-73.7836817
MN,416 WEST 204 STREET,40.8618607,-73.9192791
MN,5094 BROADWAY,40.8712159,-73.9134284
BK,BELMONT AVENUE,40.6747023,-73.8662009
BK,1409 SUTTER AVENUE,40.6738704,-73.8659574
QN,PARSONS BOULEVARD,40.7962011,-73.8266256
BK,SUTTER AVENUE,40.6742972,-73.8625209
QN,37 STREET,40.7638833,-73.9167446
QN,13-28 133 PLACE,40.7866561,-73.8348947
BX,EASTCHESTER ROAD,40.8728007,-73.8439373
QN,136 STREET,40.7868073,-73.8331682
QN,136 STREET,40.7864778,-73.8330751
BK,HEMLOCK STREET,40.6764656,-73.8696078
QN,13-32 133 PLACE,40.7865875,-73.8349057
QN,132-43 14 AVENUE,40.7864143,-73.8346967
BK,HEMLOCK STREET,40.6752762,-73.8687377
BK,AUTUMN AVENUE,40.6754899,-73.8684164
QN,128 STREET,40.7918016,-73.8401366
BK,699 ELDERT LANE,40.6730494,-73.8634031
BK,DUMONT AVENUE,40.6711099,-73.859694
BK,EMERLALD STREET,40.6711262,-73.8595858
BK,DUMONT AVENUE,40.6711721,-73.8589152
BK,481 EMERALD STREET,40.6709911,-73.8590814
BK,SAPPHIRE STREET,40.6706245,-73.8577809
QN,217 STREET,40.7862838,-73.8280453
BK,DUMONT AVENUE,40.6713497,-73.8582804
BK,DUMONT AVENUE,40.6713714,-73.8581037
BK,SAPPHIRE STREET,40.6710883,-73.8577799
BK,AMBER STREET,40.6708801,-73.8580795
BK,SUTTER AVENUE,40.6738829,-73.8626335
BK,BLAKE AVENUE,40.6729258,-73.8610421
BK,FORBELL STREET,40.6718073,-73.8621403
BK,DUMONT AVENUE,40.6710446,-73.8601628
BK,1472 BLAKE AVENUE,40.6723781,-73.8620706
BK,RUBY STREET,40.6716519,-73.8607635
BK,841 ELDERT LANE,40.6700263,-73.8624324
QN,152 STREET,40.790287,-73.8097435
QN,FRESH POND ROAD,40.7174715,-73.9018066
QN,141 STREET,40.7869452,-73.8280219
BK,DUMONT AVENUE,40.6713606,-73.8582083
QN,126 STREET,40.7911043,-73.8420451
QN,7-14 126 STREET,40.7902287,-73.8420219
QN,CODWISE PLACE,40.7369688,-73.8825809
MN,2 AVENUE,40.8031961,-73.9336034
QN,9-02 127 STREET,40.7891847,-73.8412443
BX,611 BEACH AVENUE,40.8173244,-73.8632695
BX,411 EAST 135 STREET,40.8071204,-73.9235538
BX,BARNES AVENUE,40.8473792,-73.8633813
BK,3 AVENUE,40.6633234,-73.997895
BX,EAST 215TH STREET,40.8802954,-73.8625759
BX,2515 HERING AVENUE,40.8636221,-73.8541758
QN,189 STREET,40.6880479,-73.7600225
BK,DUNNE COURT,40.5903059,-73.9625365
QN,11 AVENUE,40.7880995,-73.8309188
QN,130 STREET,40.7826235,-73.8383784
BK,201 77 STREET,40.6307662,-74.0304933
BK,EAST 7 STREET,40.6111513,-73.9671565
QN,143 PLACE,40.787579,-73.8260233
BK,253 DEGRAW STREET,40.6843593,-73.9965386
BK,636 HANCOCK STREET,40.684588,-73.9301628
QN,11 AVENUE,40.7888135,-73.8255939
QN,135 STREET,40.7875772,-73.8341449
QN,135 STREET,40.7868408,-73.8335292
QN,122 STREET,40.6725796,-73.8175488
QN,60 AVENUE,40.7241752,-73.8878744
QN,128 STREET,40.6733013,-73.810636
QN,11 CENTER DRIVE MALBA,40.7909406,-73.8255848
QN,15-43 131 STREET,40.7833885,-73.837806
QN,SILVER ROAD,40.6756099,-73.8457074
QN,38 STREET,40.7596143,-73.9192515
QN,158 STREET,40.7585883,-73.8083071
QN,167 STREET,40.7576522,-73.8001125
QN,211 STREET,40.7437057,-73.765026
QN,138 STREET,40.7858427,-73.8304876
QN,48 AVENUE,40.7495518,-73.7874939
BK,54 STREET,40.6287249,-73.98952
QN,138 STREET,40.787081,-73.830748
QN,13-22 140 STREET,40.7869502,-73.8295242
QN,10 AVENUE,40.789722,-73.8238256
QN,POINT CRESCENT,40.7903874,-73.830104
BK,1259 ST MARKS AVENUE,40.6742329,-73.9272499
BK,AVENUE W,40.5941255,-73.9590993
BK,EAST 27 STREET,40.5859193,-73.9417329
QN,30 AVENUE,40.7786531,-73.7512216
BK,EAST 52 STREET,40.620343,-73.9249672
BK,EAST 9 STREET,40.6377352,-73.9692693
QN,61-58 AUSTIN STREET,40.7289916,-73.8690468
BK,DIKEMAN STREET,40.6767776,-74.0128994
BK,JACKSON PLACE,40.6623345,-73.9868619
QN,88 STREET,40.6900054,-73.8556553
BX,ADEE AVENUE,40.8696063,-73.8483704
QN,41 DRIVE,40.743325,-73.9058284
QN,41 DRIVE,40.7436684,-73.9062538
BX,STEDMAN PLACE,40.8665885,-73.8494836
QN,87 DRIVE,40.7285178,-73.7158194
QN,90 STREET,40.6805141,-73.8493267
BK,ST MARKS AVENUE,40.6743425,-73.9414249
QN,103-06 91 STREET,40.6810895,-73.8485286
QN,ROCKAWAY BOULEVARD,40.6815867,-73.8488916
QN,86 STREET,40.6788732,-73.8518001
QN,107 AVENUE,40.6776559,-73.8507573
BX,3417 3 AVENUE,40.8289481,-73.9072502
BX,FOX TERRACE,40.8724698,-73.8448638
QN,COUCH PLACE,40.761228,-73.863641
QN,31 AVENUE,40.7613868,-73.8633158
QN,106 STREET,40.7582732,-73.8624486
BX,4141 BRUNER AVENUE,40.8933198,-73.8479365
BX,1782 BUSSING AVENUE,40.8938321,-73.8493098
BX,1674 BUSSING AVENUE,40.8923706,-73.8524634
BX,4218 BARNES AVENUE,40.893108,-73.8539592
BX,890 EAST 242 STREET,40.9045115,-73.8449807
QN,37 STREET,40.7630631,-73.9174098
QN,38 AVENUE,40.7504914,-73.9090557
QN,MASPETH AVENUE,40.7227096,-73.9031121
QN,94 ROAD,40.7210756,-73.7521581
QN,SUTTER AVENUE,40.6742105,-73.8213296
BK,UPPER BAY,40.6806114,-74.0177855
QN,JAMAICA AVENUE,40.7021794,-73.8075064
QN,57 STREET,40.6926382,-73.8970039
BX,HAVILAND AVENUE,40.8296684,-73.8551174
BX,2222 BLACKROCK AVENUE,40.8289612,-73.8493664
QN,72-21C BURCHELL AVENUE,40.5957022,-73.8018936
BK,236A BAY 48 STREET,40.5864633,-73.9897427
BK,BARBEY STREET,40.6724082,-73.8871539
QN,112 ROAD,40.7043864,-73.7321055
QN,114 AVENUE,40.7013765,-73.7290989
BX,VIRGINIA AVENUE,40.8317402,-73.8613717
QN,165 AVENUE,40.6504832,-73.8276277
QN,95 STREET,40.6569617,-73.8376629
QN,FIRST STREET,40.6555664,-73.829377
BK,151 30 STREET,40.6582401,-74.0014092
BK,5 AVENUE,40.6604275,-73.993779
QN,DE COSTA AVENUE,40.5982527,-73.8022029
QN,55 STREET,40.7497488,-73.9071908
QN,56 STREET,40.7495976,-73.9068734
QN,38 AVENUE,40.7504446,-73.9089114
QN,133 AVENUE,40.6750557,-73.8459106
QN,133 AVENUE,40.6746808,-73.8467659
QN,133 AVENUE,40.6746752,-73.8466866
QN,WINCHESTER BOULEVARD,40.7263037,-73.7370107
QN,99 PLACE,40.6682747,-73.8349715
QN,CENTREVILLE STREET,40.6711306,-73.8378591
QN,127 STREET,40.6714153,-73.8121049
QN,JORDAN STREET,40.7653483,-73.7877721
QN,44 AVENUE,40.747877,-73.8586626
QN,60 AVENUE,40.7243702,-73.8879318
QN,60 AVENUE,40.7243813,-73.88804
QN,CANAL AVENUE,40.6436657,-73.7439379
QN,76 STREET,40.7426286,-73.8882872
QN,64 STREET,40.7247725,-73.9016985
MN,12 AVENUE,40.7593269,-74.0033281
QN,FARRINGTON STREET,40.7669738,-73.8331493
QN,156 STREET,40.7547307,-73.8108629
QN,130 AVENUE,40.6805909,-73.7340651
QN,95-49 111 STREET,40.6892804,-73.8330264
QN,227 STREET,40.699575,-73.7310105
QN,95-015A 108 STREET,40.6897492,-73.8364436
BK,RYDER STREET,40.618259,-73.9374759
QN,105 AVENUE,40.7044594,-73.7794649
QN,EPSOM COURSE,40.7245949,-73.765501
BK,DITMAS AVENUE,40.6467951,-73.9176475
QN,20 ROAD,40.7773981,-73.9056683
QN,ROCKAWAY BEACH BLVD,40.5945479,-73.7715245
QN,ELIOT AVENUE,40.7280472,-73.8737318
QN,ELIOT AVENUE,40.7280033,-73.873786
QN,60 STREET,40.7037871,-73.8997097
QN,ELIOT AVENUE,40.7279156,-73.873898
BK,15 STREET,40.6656147,-73.9886311
BX,DE REIMER AVENUE,40.8821745,-73.8384619
BX,MAROLLA PLACE,40.8849723,-73.8371857
BX,CLEMENTINE STREET,40.8867151,-73.827706
BK,VAN SICLEN AVENUE,40.6459745,-73.87517
QN,27 AVENUE,40.7648501,-73.8651642
QN,DITMARS BOULEVARD,40.7630204,-73.8614136
QN,BUTLER STREET,40.7630003,-73.8629948
BX,LAFAYETTE AVENUE,40.8160257,-73.8941901
QN,104 AVENUE,40.7026098,-73.7854904
BX,BOSTON ROAD,40.8266709,-73.9048939
BX,KINGSLAND AVENUE,40.8713475,-73.8410698
BX,KINGSLAND AVENUE,40.8707021,-73.8407604
BX,SEXTON PLACE,40.8750551,-73.8427171
BX,BURKE AVENUE,40.8733561,-73.8426343
BX,HAMMERSLEY AVENUE,40.8725162,-73.8386987
BX,SEYMOUR AVENUE,40.871912,-73.8464198
BX,FENTON AVENUE,40.8718263,-73.8459789
QN,9 AVENUE,40.7924405,-73.8175417
QN,9 AVENUE,40.7928882,-73.8177319
BK,AMBER STREET,40.6712288,-73.8581761
BK,AMBER STREET,40.6707161,-73.8586314
QN,122 STREET,40.7925112,-73.8452415
QN,6 AVENUE,40.7920593,-73.845954
QN,226 STREET,40.6631272,-73.75317
QN,231 STREET,40.664145,-73.745384
QN,111 AVENUE,40.7056197,-73.7289987
QN,111 AVENUE,40.705719,-73.7291751
QN,225 STREET,40.7064131,-73.7313977
QN,BRINKERHOFF AVENUE,40.7065388,-73.7323493
QN,108 AVENUE,40.7081072,-73.7316541
QN,108 AVENUE,40.7076709,-73.7316775
QN,109 AVENUE,40.7072355,-73.7309615
BX,EGER PLACE,40.8111951,-73.8040518
BK,13 AVENUE,40.6240976,-74.0040779
BK,62 STREET,40.6310693,-74.0057644
BK,46 STREET,40.6371159,-73.991504
QN,LAKEVIEW BLVD EAST,40.6789666,-73.7841532
BK,48 STREET,40.6322406,-73.9855384
BK,61 STREET,40.6223789,-73.9889555
BK,1680 63 STREET,40.6218604,-73.991967
BK,16 AVENUE,40.6206584,-73.9969346
BK,745 GREEN AVENUE,40.6900905,-73.9384903
BK,BAY 46 STREET,40.5915297,-73.9848451
QN,NORTH CONDUIT AVENUE,40.6676326,-73.8351569
QN,PITKIN AVENUE,40.6727887,-73.8400037
QN,PITKIN AVENUE,40.6729299,-73.8369643
QN,HAWTREE STREET,40.672332,-73.8373119
QN,LOVINGHAM PLACE,40.6909099,-73.7649308
QN,SPRINGFIELD BLVD,40.670994,-73.7571603
QN,143 AVENUE,40.6695406,-73.7643897
QN,93-47 106 STREET,40.6903013,-73.8387212
QN,116 AVENUE,40.6884567,-73.7777185
QN,MERRILL STREET,40.6849099,-73.7732197
QN,SMITH STREET,40.6825476,-73.779321
QN,166 STREET,40.6826753,-73.7786752
QN,MARSDEN STREET,40.6818785,-73.7754221
QN,164 STREET,40.6823538,-73.7813263
QN,119 ROAD,40.6788612,-73.7910181
QN,122 AVENUE,40.6766027,-73.7897705
QN,87 AVENUE,40.7304365,-73.7330544
QN,80 STREET,40.7484237,-73.8864405
QN,123 AVENUE,40.6763231,-73.7899445
QN,74 STREET,40.7524397,-73.8925369
BX,WHITE PLAINS ROAD,40.8467678,-73.8663066
BX,HOLLAND AVENUE,40.8471254,-73.8645998
QN,220 STREET,40.710507,-73.735587
QN,104 AVENUE,40.7111487,-73.7341308
BX,POST ROAD,40.9021848,-73.8974243
BX,WEST 260 STREET,40.9074587,-73.8989501
BX,HUXLEY AVENUE,40.9070934,-73.8986757
QN,222 STREET,40.7164484,-73.7315773
BX,POST ROAD,40.9028021,-73.8971485
BX,FARADAY AVENUE,40.9045294,-73.8981587
BX,POST ROAD,40.9025799,-73.8972573
BX,SYLVAN AVENUE,40.902825,-73.8981468
BX,WEST 256 STREET,40.9033043,-73.89705
QN,METROPOLITAN AVENUE,40.7136285,-73.9229324
BK,SEA PLACE,40.5723088,-73.9985422
BK,KINGSTON AVENUE,40.6680905,-73.9425298
QN,CALDWELL AVENUE,40.7246148,-73.8827542
QN,139 AVENUE,40.6727274,-73.755247
QN,141 STREET,40.6860319,-73.804279
BX,CROSBY AVENUE,40.8377624,-73.828935
BX,EAST 216TH STREET,40.8813384,-73.8625304
BX,WEST 254 STREET,40.9020779,-73.9144047
BX,YOUNG AVENUE,40.8643091,-73.8484475
BX,OLINVILLE AVENUE,40.8703225,-73.8683744
BX,WEST 261 STREET,40.9098177,-73.8972895
BX,LESTER STREET,40.870342,-73.8686347
BX,WHITE PLAINS ROAD,40.8739273,-73.8669028
BX,EAST 215 STREET,40.8785524,-73.8579002
BX,KINGSLAND AVENUE,40.8791262,-73.8452496
BX,EAST 215 STREET,40.8782006,-73.8553516
BX,EAST 217 STREET,40.8798826,-73.8571705
BX,PRATT AVENUE,40.8898067,-73.8340273
BX,PRATT AVENUE,40.8902402,-73.8339105
QN,135 STREET,40.6782787,-73.8047164
QN,134 ROAD,40.6779945,-73.7500757
QN,106 STREET,40.7605747,-73.8636098
QN,104 STREET,40.7605212,-73.8648517
QN,103 STREET,40.7599167,-73.8665711
QN,103 STREET,40.7599688,-73.8665927
QN,BAISLEY BOULEVARD,40.6890347,-73.7646922
QN,FARMERS BOULEVARD,40.6876769,-73.7624361
QN,123 STREET,40.7043627,-73.8291655
QN,FRANCIS LEWIS BLVD,40.7094383,-73.7524322
QN,63 STREET,40.7211719,-73.902281
QN,130 STREET,40.6714396,-73.8085216
QN,SUTTER AVENUE,40.6722304,-73.8103939
QN,ROCKAWAY BOULEVARD,40.6747404,-73.809453
QN,129 STREET,40.6732905,-73.8090895
QN,ROCKAWAY BOULEVARD,40.6748859,-73.8095031
QN,EVELETH ROAD,40.6830336,-73.7615477
QN,NASHVILLE BOULEVARD,40.6816707,-73.758185
QN,ROCKAWAY BOULEVARD,40.6747459,-73.8094963
QN,142-35 58 ROAD,40.7443225,-73.8228883
QN,125 STREET,40.6706285,-73.8143638
MN,CATHEDRAL PARKWAY,40.8006883,-73.9589362
QN,BRISTOL AVENUE,40.6707752,-73.8369047
QN,ALBERT ROAD,40.6675923,-73.8357554
BK,82 STREET,40.6236478,-74.024096
BK,1468 72 STREET,40.6193794,-74.0017938
BK,67 STREET,40.6226539,-73.9984546
BK,59 STREET,40.6301033,-73.999528
BX,BUTLER PLACE,40.8364965,-73.8460137
QN,91 STREET,40.6619088,-73.8422609
QN,1 STREET,40.6559308,-73.828958
QN,164 ROAD,40.6517936,-73.8283919
QN,164 ROAD,40.65178,-73.8284821
QN,99-56 JAMES COURT,40.6522492,-73.8302143
QN,RUSSELL STREET,40.6556668,-73.8304795
QN,104 STREET,40.6533769,-73.828096
QN,FIRST STREET,40.6538922,-73.8313418
QN,104 STREET,40.6529458,-73.8279817
QN,164 DRIVE,40.6511146,-73.8277054
BK,1533 EAST 56 STREET,40.6181744,-73.9204852
BK,EAST 21 STREET,40.6315552,-73.9561509
BK,MIDWOOD STREET,40.6605395,-73.9481555
QN,83 STREET,40.7655428,-73.8865412
BX,WILSON AVENUE,40.8624604,-73.8493809
BX,MORGAN AVENUE,40.8616917,-73.8451275
BX,CALHOUN AVENUE,40.8296972,-73.8280813
QN,79 STREET,40.72982,-73.883878
QN,57 ROAD,40.7268564,-73.8846264
BX,POST ROAD,40.8941014,-73.8970751
BX,POST ROAD,40.8929707,-73.8971528
BK,NOVA COURT,40.5864123,-73.9255994
BK,BARTLETT PLACE,40.5899667,-73.9254946
BK,BARTLETT PLACE,40.5910306,-73.9238552
BK,HAZEL COURT,40.5906516,-73.9277658
BK,HUNTER AVENUE,40.5865159,-73.9970117
BK,LINWOOD STREET,40.6659091,-73.8795988
BX,MINNIEFORD AVENUE,40.8550389,-73.7898355
BX,MARINE STREET,40.8404492,-73.7859929
BX,KIRBY STREET,40.8506699,-73.7856636
QN,163 DRIVE,40.6524285,-73.8290102
QN,HOOK CREEK BOULEVARD,40.6731458,-73.7276598
QN,HOOK CREEK BOULEVARD,40.6731924,-73.7276524
QN,HOOK CREEK BOULEVARD,40.6725312,-73.7277561
QN,HOOK CREEK BOULEVARD,40.6703058,-73.7280319
BK,111 SMITH STREET,40.687993,-73.989334
BK,641 OVINGTON AVENUE,40.6312548,-74.0173544
QN,39 ROAD,40.7758193,-73.7394834
BK,GEORGIA AVENUE,40.6579759,-73.8926819
BX,CITY ISLAND AVENUE,40.845548,-73.7855247
BX,FORDHAM STREET,40.8476453,-73.7857059
BX,TIER STREET,40.8480592,-73.7883793
QN,SUTTER AVENUE,40.6721063,-73.8034655
QN,SPRINGFIELD BLVD,40.7295335,-73.7439579
QN,WHITEHALL TERRACE,40.7266848,-73.7516393
QN,ALDERTON STREET,40.7159689,-73.858402
QN,ALDERTON STREET,40.7183596,-73.858469
QN,ALDERTON STREET,40.7188592,-73.8585257
BK,EAST 48 STREET,40.6216414,-73.9293713
BK,EAST 56 STREET,40.6173597,-73.9212173
BK,EAST 42 STREET,40.6282162,-73.9358958
BK,1846 NEW YORK AVENUE,40.6276909,-73.9444235
QN,191-75 FOOTHILL AVENUE,40.7174657,-73.7704286
QN,142 STREET,40.6720622,-73.7986098
BK,6 AVENUE,40.6285398,-74.0199187
QN,ALDERTON STREET,40.7182992,-73.8584619
BK,MONTAUK AVENUE,40.6679114,-73.8756985
QN,79 STREET,40.7434085,-73.8858211
BK,ATKINS AVENUE,40.6669656,-73.8767312
BX,3 AVENUE,40.819912,-73.9135674
QN,140 AVENUE,40.6721135,-73.7622032
QN,BEDELL STREET,40.6725278,-73.7621332
QN,DOUGLAS AVENUE,40.70359,-73.7916078
QN,SPRINGFIELD BLVD,40.6723463,-73.7567264
QN,SPRINGFIELD BLVD,40.6722366,-73.7567556
QN,26 AVENUE,40.7742326,-73.7904877
QN,UTOPIA PARKWAY,40.7664109,-73.7924654
BX,WATERBURY AVENUE,40.834388,-73.8476556
BX,HONE AVENUE,40.8502166,-73.8560884
BX,MACE AVENUE,40.8633722,-73.86307
BX,EASTCHESTER ROAD,40.8470127,-73.8428304
BX,4210A DIGNEY AVENUE,40.8938705,-73.8513859
BX,WALDO AVENUE,40.891644,-73.9022872
BK,DOOLEY STREET,40.5863277,-73.9462797
QN,GUY R BREWER BLVD,40.6947564,-73.7895871
QN,111 AVENUE,40.691556,-73.7881295
QN,111 AVENUE,40.6896176,-73.7923366
QN,84 DRIVE,40.7121123,-73.8089242
BX,CALHOUN AVENUE,40.8202217,-73.8203848
BX,SPENCER AVENUE,40.906367,-73.8996789
BK,NEW UTRECHT AVENUE,40.6233264,-73.9980584
BK,EAST 95 STREET,40.6337687,-73.8916832
BK,129 MILFORD STREET,40.67654,-73.8772939
BK,2688 PITKIN AVENUE,40.6750529,-73.8728047
QN,SPRINGFIELD BLVD,40.6585926,-73.7608385
QN,66 STREET,40.7417431,-73.8982307
QN,99 AVENUE,40.7155867,-73.7339832
QN,113 AVENUE,40.7040345,-73.7295245
QN,42 STREET,40.7693794,-73.9074378
BX,WEST 231 STREET,40.8760557,-73.9009035
QN,ASTORIA BOULEVARD,40.763615,-73.8800792
QN,DOUGLASTON PARKWAY,40.768891,-73.7478609
QN,CORNELL LANE,40.7700438,-73.7380547
QN,86 AVENUE,40.7314383,-73.7226047
BK,COLUMBIA PLACE,40.6928929,-73.9991922
BK,LINDEN BOULEVARD,40.6573766,-73.8945823
BX,CROSS BRONX EXPWY,40.8357766,-73.8674706
BX,TAYLOR AVENUE,40.8414152,-73.8683774
QN,87 DRIVE,40.716211,-73.7730482
BX,CEDAR AVENUE,40.8600616,-73.9136381
MN,536I CANAL STREET,40.7248085,-74.0106286
BK,WEST 5 STREET,40.5952638,-73.9757558
QN,62 AVENUE,40.7139085,-73.8983201
BK,BUTLER PLACE,40.675377,-73.9689347
QN,97-30A 77 STREET,40.6808831,-73.8612202
QN,DREW STREET,40.6800015,-73.8629923
BX,AMUNDSON AVENUE,40.8871294,-73.8350683
QN,101 STREET,40.7684833,-73.8692111
QN,42 AVENUE,40.7593487,-73.7835534
QN,20 ROAD,40.7806846,-73.8106231
QN,225 STREET,40.6729026,-73.7473766
QN,BROAD STREET,40.6371672,-73.7469642
QN,195 STREET,40.7033298,-73.7608403
BK,452 VAN BRUNT STREET,40.6749958,-74.0160427
MN,2 AVENUE,40.7468111,-73.9757729
BX,EDISON AVENUE,40.8372182,-73.830241
BX,CLARENCE AVENUE,40.8323947,-73.8170455
MN,WEST 49 STREET,40.7587541,-73.9786959
MN,9 WEST 46 STREET,40.7565173,-73.979599
MN,EAST 51 STREET,40.7564606,-73.9713044
BK,48 STREET,40.6312194,-73.9847676
MN,WEST 56 STREET,40.7623683,-73.9756012
MN,WEST 37 STREET,40.7524124,-73.9886777
BX,SPENCER AVENUE,40.9090557,-73.898528
BX,SHORE DRIVE,40.8283594,-73.8132516
MN,EAST 72 STREET,40.7711185,-73.9649981
MN,EAST 121 STREET,40.8018514,-73.938853
BX,PAWNEE PLACE,40.8544736,-73.8496122
BX,YATES AVENUE,40.8564403,-73.8551061
BX,727 EAST 215 STREET,40.8804472,-73.8632916
BK,WEST STREET,40.7344752,-73.9618529
MN,WEST 117 STREET,40.8033669,-73.9513637
BX,EAST 215 STREET,40.8805259,-73.8624959
MN,WEST 117 STREET,40.8027543,-73.9499085
MN,WEST 117 STREET,40.8031636,-73.9508835
BX,SPENCER AVENUE,40.9081535,-73.8993615
BX,PAULDING AVENUE,40.8668935,-73.8583554
BX,ROSEDALE AVENUE,40.8302046,-73.8697366
MN,WEST 138 STREET,40.8178587,-73.9443948
MN,7 AVENUE,40.8170647,-73.9429178
MN,WEST 168 STREET,40.8422065,-73.9432504
BX,1850 LAFAYETTE AVENUE,40.8204364,-73.8605679
BX,BEACH AVENUE,40.8163418,-73.8632463
BX,642 SOUNDVIEW AVENUE,40.8182182,-73.862444
BX,DURYEA AVENUE,40.8898275,-73.8351593
BX,LELAND AVENUE,40.818726,-73.8601415
BX,ST LAWRENCE AVENUE,40.8174629,-73.8643531
BX,BEECH TREE LANE,40.8851843,-73.8008284
BX,BROOK AVENUE,40.808821,-73.917913
BX,1059 UNDERHILL AVENUE,40.8277637,-73.8618895
BX,1038 UNDERHILL AVENUE,40.8273098,-73.8610665
BX,NOBLE AVENUE,40.835361,-73.8713563
BX,289 EAST 150 STREET,40.8181146,-73.921807
BX,PARK AVENUE,40.8184368,-73.9234938
BX,1246 ROSEDALE AVENUE,40.8308513,-73.8687849
QN,DORAN AVENUE,40.7095465,-73.8632273
BX,WHITE PLAINS ROAD,40.830977,-73.8612432
BX,1138 UNDERHILL AVENUE,40.8298277,-73.8619213
BX,WHITE PLAINS ROAD,40.8295819,-73.8606065
BX,MC GRAW AVENUE,40.833968,-73.8652662
BX,CROSS BRONX EXPWY,40.8356294,-73.8707775
BX,QUINCY AVENUE,40.8188579,-73.8206089
BX,HOE AVENUE,40.8297437,-73.8911004
BX,INTERVALE AVENUE,40.8290395,-73.895369
BX,DYRE AVENUE,40.8854438,-73.8310401
BX,DAVIS AVENUE,40.8147364,-73.8249046
BX,CALHOUN AVENUE,40.8278366,-73.8264962
BX,EDISON AVENUE,40.8306279,-73.824599
BX,SCHURZ AVENUE,40.8140123,-73.8163988
BX,HARDING AVENUE,40.8162382,-73.8163637
BX,ROOSEVELT AVENUE,40.8252381,-73.8215853
BX,LAMPORT PLACE,40.8244617,-73.8217717
BX,SWINTON AVENUE,40.8267737,-73.8278359
BX,EAST 177 STREET,40.8265642,-73.829065
BX,REVERE AVENUE,40.8281884,-73.8249487
BX,REVERE AVENUE,40.8279109,-73.8248121
QN,140 STREET,40.6725617,-73.800144
BX,RANDALL AVENUE,40.8263293,-73.8207875
BX,LOGAN AVENUE,40.8263514,-73.8191289
BX,SHORE DRIVE,40.8261704,-73.814078
BX,DEAN AVENUE,40.8323529,-73.8166228
BX,CLARENCE AVENUE,40.8315631,-73.8170731
BX,VINCENT AVENUE,40.8266981,-73.8144848
BX,WILCOX AVENUE,40.8267331,-73.8140837
BX,SHORE DRIVE,40.8281398,-73.8132667
BX,SHORE DRIVE,40.8286808,-73.8134061
BX,SHORE DRIVE,40.8285462,-73.8133776
BX,SHORE DRIVE,40.8282798,-73.813241
BX,SHORE DRIVE,40.8284555,-73.8132658
BX,PURITAN AVENUE,40.8375113,-73.8336337
BX,1230 EDISON AVENUE,40.8360715,-73.8287948
BX,GILLESPIE AVENUE,40.8390045,-73.8298895
BX,ST RAYMOND AVENUE,40.8402101,-73.8480832
BX,TRATMAN AVENUE,40.8375244,-73.8470449
BX,PARKER STREET,40.8377851,-73.8491151
BX,ROWLAND STREET,40.8398017,-73.8484925
BX,LYVERE STREET,40.8413518,-73.8522549
BX,LYVERE STREET,40.841297,-73.8523092
BX,WALTON AVENUE,40.8429733,-73.9138916
BX,WEST 172 STREET,40.8429533,-73.9165517
BX,1337 INWOOD AVENUE,40.8393548,-73.9201268
BX,EAST 172 STREET,40.841706,-73.9149883
BK,QUENTIN ROAD,40.6175317,-73.9328264
BX,MULINER AVENUE,40.855568,-73.8622438
BX,MATTHEWS AVENUE,40.8479053,-73.8626428
BX,BARNES AVENUE,40.8475652,-73.8628785
BX,RHINELANDER AVENUE,40.8470412,-73.8677337
BX,GRAND CONCOURSE,40.8395454,-73.9142177
BX,EAST 170 STREET,40.8394411,-73.9142865
BX,BRADY AVENUE,40.8525474,-73.86332
BX,UNIONPORT ROAD,40.8458097,-73.8685169
QN,215 STREET,40.709065,-73.742381
BX,UNIONPORT ROAD,40.8440733,-73.8670276
BX,BRONXDALE AVENUE,40.8438913,-73.8570924
BX,FOWLER AVENUE,40.8459182,-73.8581868
BX,RADCLIFF AVENUE,40.8439758,-73.8544357
BX,RADCLIFF AVENUE,40.8439263,-73.8543527
BX,LYDIG AVENUE,40.8539916,-73.8591456
BX,HAIGHT AVENUE,40.8541618,-73.8569872
BX,NEILL AVENUE,40.8531577,-73.8573472
BX,PELHAM PARKWAY,40.8564208,-73.8615046
BX,BRADY AVENUE,40.8520815,-73.8616402
BX,LYDIG AVENUE,40.8536564,-73.8589041
BX,LYDIG AVENUE,40.8534105,-73.8598047
BX,COLDEN AVENUE,40.8522221,-73.8598867
BX,LURTING AVENUE,40.8520642,-73.8564386
BX,PAULDING AVENUE,40.8510531,-73.8578325
BX,NEILL AVENUE,40.8519381,-73.8587885
BX,RADCLIFF AVENUE,40.8441204,-73.8537812
BX,PAULDING AVENUE,40.8468735,-73.8539089
BX,COLDEN AVENUE,40.8458474,-73.8541931
BX,PAULDING AVENUE,40.8491437,-73.8563437
BX,COLDEN AVENUE,40.8485865,-73.8563341
BX,LURTING AVENUE,40.8472452,-73.8526792
BX,WEST 231 STREET,40.8759844,-73.9009759
BX,KINGSBRIDGE TERRACE,40.8776219,-73.8996427
BX,BAILEY AVENUE,40.8791827,-73.9018065
BX,HEATH AVENUE,40.8786406,-73.9001438
BX,INDEPENDENCE AVENUE,40.8846562,-73.9164451
BX,PALISADE AVENUE,40.8938955,-73.9174571
BX,WEST 246 STREET,40.8930244,-73.9123113
BX,WEST 246 STREET,40.8918878,-73.9156041
BX,INDEPENDENCE AVENUE,40.8940399,-73.9122629
BX,WEST 246 STREET,40.8927892,-73.913516
BX,WEST 246 STREET,40.8941099,-73.9141907
BX,DOUGLAS AVENUE,40.8949609,-73.9143632
BX,4713A INDEPENDENCE AVENUE,40.8956589,-73.9118557
BX,WEST 247 STREET,40.895184,-73.9117297
BX,DOUGLAS AVENUE,40.8947608,-73.9147469
BX,PALISADE AVENUE,40.8944513,-73.915543
BX,PLOUGHMANS BUSH,40.8922948,-73.912938
BX,PALISADE AVENUE,40.8936786,-73.9173669
BX,PALISADE AVENUE,40.9052106,-73.9121179
BX,WEST 254 STREET,40.9029724,-73.9140852
BX,DOUGLAS AVENUE,40.8951832,-73.9142472
BX,FISH AVENUE,40.8602039,-73.8470578
BX,SPAULDING LANE,40.8964759,-73.9142129
BX,WEST 247 STREET,40.8957927,-73.9146117
BX,INDEPENDENCE AVENUE,40.8955599,-73.9115049
BX,INDEPENDENCE AVENUE,40.894375,-73.9125844
MN,EAST 33 STREET,40.7470676,-73.9828031
BX,WEST 247 STREET,40.8954261,-73.9124817
BX,WEST 261 STREET,40.9141877,-73.9110966
BX,SEYMOUR AVENUE,40.8602007,-73.8466999
BX,ASTOR AVENUE,40.8598564,-73.843758
BX,FENTON AVENUE,40.8619602,-73.8447653
BX,2939 MATTHEWS AVENUE,40.8690175,-73.8626173
BX,WEST 260 STREET,40.9077348,-73.8976654
BX,MATTHEWS AVENUE,40.869264,-73.8621612
BX,MATTHEWS AVENUE,40.8666765,-73.8628246
BX,900 ARNOW AVENUE,40.8675937,-73.8608884
BX,WHALEN STREET,40.9084206,-73.8972447
BX,214 WHALEN STREET,40.9079896,-73.897173
BX,WEST 262 STREET,40.9105896,-73.8980047
BX,SPENCER PLACE,40.9113357,-73.897497
BX,WEST 262 STREET,40.9112462,-73.8987707
BX,WEST 262 STREET,40.9109544,-73.8977871
BX,WHALEN STREET,40.9084205,-73.8971542
BX,WEST 262 STREET,40.9106226,-73.8980879
BX,SPENCER AVENUE,40.9091935,-73.8991754
BX,WHALEN STREET,40.9084207,-73.8973351
BX,HUXLEY AVENUE,40.9092118,-73.8980755
BX,HONE AVENUE,40.8683065,-73.8579402
BX,HONE AVENUE,40.8683332,-73.8573508
BX,BRONXWOOD AVENUE,40.872021,-73.8610021
BX,EAST GUN HILL ROAD,40.874904,-73.8596256
BX,PAULDING AVENUE,40.8722049,-73.8587454
BX,OAKLAND PLACE,40.8468267,-73.8881194
BX,WHITE PLAINS ROAD,40.8762497,-73.8671875
BX,WHITE PLAINS ROAD,40.8765708,-73.8672121
BX,WHITE PLAINS ROAD,40.8767714,-73.8674359
BX,EAST 224 STREET,40.8843051,-73.8534107
BX,EAST 221 STREET,40.8819949,-73.8518898
BX,4215 BAYCHESTER AVENUE,40.8957506,-73.8450843
BX,4163 EDSON AVENUE,40.894354,-73.845471
BX,EDSON AVENUE,40.8946772,-73.8449204
BX,BRONX BOULEVARD,40.8835822,-73.8661096
BX,725A EAST 230 STREET,40.8913722,-73.8573954
BX,EAST GUN HILL ROAD,40.8795618,-73.8764238
BX,EAST 231 STREET,40.8893716,-73.848951
BX,4107 DE REIMER AVENUE,40.893426,-73.8432053
BX,4442 MONTICELLO AVENUE,40.9014525,-73.8419673
BX,GUNTHER AVENUE,40.8946571,-73.8505232
BX,1757 BUSSING AVENUE,40.8940037,-73.8503402
BX,1814 PITMAN AVENUE,40.895651,-73.8486835
BX,BAINBRIDGE AVENUE,40.8849951,-73.8779001
BX,4456 WHITE PLAINS ROAD,40.8996582,-73.852856
BX,704 EAST 241 STREET,40.9024274,-73.8505781
BX,BYRON AVENUE,40.8987643,-73.8514002
BX,FURMAN AVENUE,40.8991231,-73.8529657
BX,EAST 242 STREET,40.9043138,-73.844945
BX,771 CRANFORD AVENUE,40.9035819,-73.847743
BX,WHITE PLAINS ROAD,40.9013416,-73.8514343
BX,BISSEL AVENUE,40.9000227,-73.8482069
BX,EAST 234 STREET,40.8937483,-73.8545654
BX,4512 SETON AVENUE,40.9031127,-73.841674
BX,EAST 242 STREET,40.904344,-73.8449341
BX,739 CRANFORD AVENUE,40.9034836,-73.8481195
BX,4164 HILL AVENUE,40.8956374,-73.8406066
BX,4463 SETON AVENUE,40.902188,-73.8419077
BX,4310 EDSON AVENUE,40.8968193,-73.8458306
BX,4372 EDSON AVENUE,40.8987525,-73.8465676
BX,2010 CAMP STREET,40.9007748,-73.8461723
BX,4126 DE REIMER AVENUE,40.8940047,-73.8428495
BX,4134 DE REIMER AVENUE,40.8941996,-73.8429213
BX,BUSSING AVENUE,40.8960228,-73.8414087
BX,62 ROPES AVENUE,40.8897478,-73.8186273
BX,FLINT AVENUE,40.8896619,-73.8181067
BX,FLINT AVENUE,40.8895278,-73.818353
QN,136 AVENUE,40.6684085,-73.7833078
BX,FLINT AVENUE,40.8896625,-73.8184756
BX,FLINT AVENUE,40.8895885,-73.8185554
BX,FLINT AVENUE,40.8896505,-73.8178319
BX,SECOR AVENUE,40.8921479,-73.8321153
BX,SECOR AVENUE,40.8914893,-73.8322038
BX,HARPER AVENUE,40.8910697,-73.8324508
BX,HARPER AVENUE,40.8906529,-73.8327376
BX,PARK DRIVE,40.8880494,-73.8121255
BX,BEECH TREE LANE,40.8857388,-73.8025085
BX,BUSINESS PLACE,40.8858979,-73.8040776
QN,RUSCOE STREET,40.7022934,-73.7792989
QN,ROCKAWAY BOULEVARD,40.6847154,-73.8616557
QN,ROCKAWAY BOULEVARD,40.6848003,-73.8614861
QN,82 STREET,40.6860875,-73.8591829
QN,85 DRIVE,40.6974596,-73.8446074
QN,191 STREET,40.6878411,-73.7582781
QN,94 ROAD,40.7211471,-73.7522408
QN,101 STREET,40.695804,-73.8462882
QN,106 STREET,40.7000247,-73.8436746
QN,106 STREET,40.696231,-73.8413538
QN,WOODHAVEN BOULEVARD,40.6875581,-73.8479154
QN,94-06 94 STREET,40.68674,-73.8478091
QN,96 STREET,40.6882861,-73.8463019
QN,22 STREET,40.7731494,-73.9245062
QN,37-12 REAR 22 STREET,40.7580805,-73.9377742
QN,23 STREET,40.7531741,-73.9400346
QN,23 STREET,40.7679938,-73.9271764
QN,31 AVENUE,40.768302,-73.9329523
QN,30-56 14 STREET,40.7697806,-73.9315392
QN,18-42R 26 ROAD,40.7728703,-73.9258171
BK,537A KOSCIUSZKO STREET,40.6929284,-73.9333274
BX,EAST 149 STREET,40.8143405,-73.9140587
QN,101 STREET,40.68089,-73.839054
QN,ROCKAWAY BOULEVARD,40.6801357,-73.8394488
QN,141 STREET,40.685693,-73.8035156
QN,101 STREET,40.6804615,-73.8388423
QN,103 DRIVE,40.6829935,-73.8359302
QN,ROCKAWAY BOULEVARD,40.6801717,-73.837747
QN,ROCKAWAY BOULEVARD,40.6802088,-73.8387132
QN,21 STREET,40.7760577,-73.9227988
QN,24 AVENUE,40.7745474,-73.9177891
QN,26 STREET,40.7746161,-73.917901
QN,35 STREET,40.777121,-73.9057301
QN,31 STREET,40.7757783,-73.9120721
QN,29 STREET,40.77588,-73.9122489
QN,29 STREET,40.7760864,-73.912996
QN,29 STREET,40.7753152,-73.9130945
QN,33 STREET,40.7727345,-73.9121772
QN,92 AVENUE,40.6939153,-73.8342409
QN,91-17 112 STREET,40.6942313,-73.8344961
QN,LEFFERTS BOULEVARD,40.7053655,-73.8316336
QN,METROPOLITAN AVENUE,40.7051041,-73.8312194
QN,121 STREET,40.7039388,-73.8302017
QN,125 STREET,40.7038075,-73.8267757
QN,123 STREET,40.7050245,-73.8293405
BK,COMMERCIAL STREET,40.7367247,-73.9585499
QN,41 STREET,40.7669779,-73.9110404
QN,45 STREET,40.7651312,-73.9081441
QN,47 STREET,40.7635412,-73.9072149
QN,45 STREET,40.7627782,-73.9107139
QN,46 STREET,40.7618497,-73.90969
QN,94-17 129 STREET,40.6951639,-73.8194307
QN,121 STREET,40.6941558,-73.826076
QN,3084A 43 STREET,40.7608872,-73.9145175
QN,95-30 124 STREET,40.6926332,-73.8229463
QN,46 STREET,40.7614278,-73.9106941
QN,134-23 101 AVENUE,40.6939705,-73.8129285
QN,134 STREET,40.694356,-73.8136991
BK,EATON COURT,40.5889608,-73.9234363
BX,LIEBIG AVENUE,40.9092672,-73.9018308
QN,45 STREET,40.7590775,-73.9132637
QN,113 AVENUE,40.6917963,-73.7801631
QN,48 STREET,40.7575091,-73.9118508
QN,48 STREET,40.7570592,-73.9121474
QN,45 STREET,40.7593849,-73.9132741
QN,31-25A 45 STREET,40.7586796,-73.9133761
QN,121 STREET,40.6902734,-73.8234141
QN,130 STREET,40.691056,-73.8166436
QN,130 STREET,40.6910798,-73.8160738
QN,STEINWAY STREET,40.7578742,-73.919333
QN,STEINWAY STREET,40.7581101,-73.9191414
QN,84 STREET,40.7561881,-73.8831173
BK,FALMOUTH STREET,40.5812585,-73.9472558
BK,AVENUE L,40.6226941,-73.9418233
QN,124 STREET,40.6851147,-73.8190721
QN,107 AVENUE,40.6859456,-73.8168379
QN,109 AVENUE,40.6846138,-73.8147756
QN,122 STREET,40.6818707,-73.8192936
QN,124 STREET,40.680571,-73.8166724
QN,135 AVENUE,40.6770384,-73.7599504
QN,116 AVENUE,40.6766075,-73.8149384
QN,DENNIS STREET,40.6767282,-73.7599118
QN,137 AVENUE,40.6765438,-73.7544903
QN,CARSON STREET,40.6739625,-73.7538941
QN,111 AVENUE,40.6845362,-73.8126593
QN,111 AVENUE,40.6844456,-73.8126127
BK,WEST STREET,40.7350926,-73.9615278
QN,111 AVENUE,40.6833908,-73.8120964
QN,111 AVENUE,40.6839182,-73.8123545
QN,115 AVENUE,40.6806195,-73.80772
QN,143 STREET,40.6758838,-73.7975167
QN,LIVERPOOL STREET,40.6888861,-73.7977116
QN,42 STREET,40.7375332,-73.9239115
QN,39 PLACE,40.7365055,-73.9263664
QN,41 STREET,40.7360762,-73.9245663
QN,146 STREET,40.6833248,-73.7959185
QN,147 STREET,40.6829065,-73.7953248
QN,149 STREET,40.7096311,-73.8089746
QN,147 STREET,40.6824009,-73.7950055
QN,146 STREET,40.6828358,-73.7956784
QN,141 STREET,40.6812611,-73.8008246
QN,148 STREET,40.6864902,-73.7947838
QN,143 STREET,40.6853399,-73.8008809
QN,LIBERTY AVENUE,40.6974309,-73.8026444
QN,139 STREET,40.6820561,-73.8034578
QN,PINEGROVE STREET,40.6924724,-73.80827
QN,LIVERPOOL STREET,40.6930309,-73.8041503
QN,120 ROAD,40.6867309,-73.7589275
BX,NEILL AVENUE,40.8538803,-73.8557262
BX,442 EAST 175 STREET,40.8449139,-73.9004041
BK,VOORHIES AVENUE,40.5853812,-73.9534522
QN,INWOOD STREET,40.6929236,-73.8072699
QN,139 STREET,40.7087021,-73.8166275
QN,139 STREET,40.7073543,-73.8165483
QN,SUTPHIN BOULEVARD,40.7054068,-73.8089001
QN,155 STREET,40.6934769,-73.7970197
QN,YATES ROAD,40.6940803,-73.7983269
QN,156 STREET,40.6909536,-73.7934683
QN,107 AVENUE,40.6956219,-73.7977921
QN,85 DRIVE,40.7092102,-73.8168137
QN,153 STREET,40.6952832,-73.8003103
QN,UNION HALL STREET,40.6990021,-73.7938869
QN,UNION HALL STREET,40.699068,-73.7939336
QN,ARLINGTON TERRACE,40.6931183,-73.7975725
QN,BRINKERHOFF AVENUE,40.6941582,-73.7867437
QN,GUY R BREWER BLVD,40.6965731,-73.7909157
QN,108 AVENUE,40.6973646,-73.7884753
QN,164 STREET,40.696071,-73.7895072
QN,164 STREET,40.6937512,-73.7877692
QN,BRINKERHOFF AVENUE,40.6941364,-73.7868051
QN,153 STREET,40.6915807,-73.7972418
QN,158 STREET,40.6913195,-73.7924178
QN,UNION HALL STREET,40.69353,-73.7898831
QN,91 AVENUE,40.6945501,-73.8347369
BK,VAN SINDEREN AVENUE,40.6536442,-73.8981669
QN,UNION HALL STREET,40.6928154,-73.7893588
QN,164 STREET,40.693538,-73.7882783
QN,PHROANE AVENUE,40.6914072,-73.7848413
QN,MERRICK BOULEVARD,40.6954408,-73.7827151
QN,169 STREET,40.6945795,-73.7830136
QN,MATHIAS AVENUE,40.6909436,-73.7864727
QN,MATHIAS AVENUE,40.6917968,-73.7862248
QN,110 ROAD,40.6924822,-73.7872756
QN,110 ROAD,40.6946616,-73.784362
QN,CLAUDE AVENUE,40.6917908,-73.7874545
QN,MATHIAS AVENUE,40.6911463,-73.7862341
QN,CLAUDE AVENUE,40.6922155,-73.7870384
QN,110 ROAD,40.6948783,-73.7843036
QN,GUY R BREWER BLVD,40.6895465,-73.7864844
QN,DILLON STREET,40.6891075,-73.7865363
QN,CLAUDE AVENUE,40.6921854,-73.7871034
QN,MATHIAS AVENUE,40.6921884,-73.785762
QN,BRINKERHOFF AVENUE,40.6946773,-73.785397
QN,MERRICK BOULEVARD,40.69535,-73.7826469
QN,113 AVENUE,40.6916106,-73.7806505
QN,94 STREET,40.7669404,-73.8763584
QN,111 AVENUE,40.6939629,-73.782096
QN,113 AVENUE,40.691657,-73.7805277
QN,113 AVENUE,40.6917035,-73.780405
QN,113 AVENUE,40.691879,-73.7803323
QN,160 STREET,40.6892325,-73.7888617
QN,157 STREET,40.6883776,-73.7911433
QN,158 STREET,40.6893267,-73.7908158
QN,116 DRIVE,40.6818026,-73.7904897
QN,FOCH BOULEVARD,40.680877,-73.7916427
QN,115 DRIVE,40.6833863,-73.791981
QN,116 AVENUE,40.682656,-73.7918607
QN,116 AVENUE,40.6852796,-73.7871111
QN,MARSDEN STREET,40.6867634,-73.7836051
QN,GUY R BREWER BLVD,40.6868059,-73.7842757
QN,167 STREET,40.6880141,-73.7816467
QN,MERRILL STREET,40.6848414,-73.773274
QN,MERRICK BOULEVARD,40.6841679,-73.7713365
QN,MERRILL STREET,40.6842643,-73.7715092
BX,EAST 215 STREET,40.8777533,-73.855396
QN,172 STREET,40.68278,-73.7732161
QN,120 AVENUE,40.6826814,-73.7775575
QN,120 AVENUE,40.682019,-73.7770766
QN,119 AVENUE,40.6833674,-73.7788965
QN,167 STREET,40.6831528,-73.7786051
QN,165 STREET,40.6835814,-73.7802623
QN,119 DRIVE,40.6811279,-73.7819
QN,MARSDEN STREET,40.6819474,-73.7755373
QN,BAISLEY BOULEVARD,40.6801734,-73.7765203
QN,120 AVENUE,40.6787507,-73.7876402
QN,122 AVENUE,40.676733,-73.7889626
QN,119-52 155 STREET,40.6791187,-73.7877292
QN,154 STREET,40.6807281,-73.7882721
QN,118 AVENUE,40.6806413,-73.7902986
QN,154 STREET,40.680654,-73.7882543
QN,LAKEVIEW BLVD EAST,40.6795266,-73.7842127
QN,LAKEVIEW BLVD EAST,40.6802185,-73.7843114
QN,LONG STREET,40.678904,-73.7815468
QN,140 AVENUE,40.6717792,-73.7533434
QN,SPRINGFIELD BLVD,40.6728099,-73.7566166
QN,221 STREET,40.6690973,-73.7545429
QN,MERRICK BOULEVARD,40.6806178,-73.754843
QN,135 AVENUE,40.6758285,-73.7615049
QN,LUCAS STREET,40.6829381,-73.7539656
QN,CHENEY STREET,40.675549,-73.760428
QN,DENNIS STREET,40.6763021,-73.7595925
QN,PINEVILLE LANE,40.6806679,-73.7551457
BX,1117 COLGATE AVENUE,40.8261142,-73.8817515
BX,PAULDING AVENUE,40.8772741,-73.8562866
QN,135 AVENUE,40.6763589,-73.7618203
QN,217 STREET,40.6794596,-73.7522947
QN,223 STREET,40.6761246,-73.7472418
QN,137 AVENUE,40.6745242,-73.7496308
QN,138 AVENUE,40.6731847,-73.7496287
QN,219 STREET,40.6770147,-73.7513664
QN,138 AVENUE,40.6737421,-73.7522691
QN,138 AVENUE,40.6737228,-73.7522006
QN,223 STREET,40.6775059,-73.7462884
QN,138 AVENUE,40.6736702,-73.752017
QN,137 AVENUE,40.6751901,-73.7516977
QN,224 STREET,40.6720293,-73.7496979
QN,218 STREET,40.6755919,-73.7534663
BX,3041 WEBSTER AVENUE,40.8702053,-73.8791747
QN,32 AVENUE,40.7586409,-73.8718871
QN,ASTORIA BOULEVARD,40.762839,-73.8731713
QN,NORTHERN BOULEVARD,40.7580461,-73.8653982
QN,LOVINGHAM PLACE,40.6912475,-73.7649692
QN,KEARNEY STREET,40.7624449,-73.8692662
QN,LOVINGHAM PLACE,40.6907614,-73.7648087
QN,EVELETH ROAD,40.6810813,-73.7625209
QN,ZOLLER ROAD,40.6823577,-73.7625524
QN,ZOLLER ROAD,40.6834884,-73.7624799
QN,EVELETH ROAD,40.6822322,-73.7615938
QN,172 STREET,40.6988144,-73.7828808
QN,197 STREET,40.6931307,-73.7545446
QN,FARMERS BOULEVARD,40.6837991,-73.7600991
QN,98 STREET,40.7626142,-73.8709517
QN,GILLMORE STREET,40.7630839,-73.8664312
QN,POWER ROAD,40.7636124,-73.8701628
QN,69 PLACE,40.7058816,-73.882614
QN,NASHVILLE BOULEVARD,40.6831159,-73.756258
QN,196 STREET,40.6886973,-73.7530248
QN,192 STREET,40.6876367,-73.7563533
QN,195 STREET,40.6874709,-73.7532529
QN,120 AVENUE,40.6903538,-73.749831
QN,197 STREET,40.6867364,-73.7512328
QN,100 STREET,40.7550386,-73.8683784
QN,98 STREET,40.7540661,-73.8700154
QN,35 AVENUE,40.7544102,-73.8637704
QN,FRANCIS LEWIS BLVD,40.695331,-73.7464874
QN,205 STREET,40.694502,-73.7464726
QN,TIOGA DRIVE,40.6938754,-73.7655189
QN,119 AVENUE,40.6921603,-73.7500478
QN,120 AVENUE,40.6911094,-73.7489592
QN,192 STREET,40.6873906,-73.7568085
QN,189 STREET,40.6880974,-73.7600512
QN,190 STREET,40.6898877,-73.7604234
QN,190 STREET,40.6898,-73.760467
QN,120 ROAD,40.6861824,-73.7591783
QN,TIOGA DRIVE,40.6949232,-73.7651691
QN,MEXICO STREET,40.6948778,-73.7630812
QN,FARMERS BOULEVARD,40.696212,-73.7619045
QN,MEXICO STREET,40.6971079,-73.7624097
QN,MEXICO STREET,40.6963933,-73.7632958
QN,114 DRIVE,40.6970305,-73.7634991
QN,FONDA AVENUE,40.7010585,-73.7709648
QN,ILION AVENUE,40.7005715,-73.767634
QN,GALWAY AVENUE,40.6992642,-73.771346
QN,ILION AVENUE,40.7022088,-73.7670008
QN,HILBURN AVENUE,40.6998953,-73.7699049
QN,108 AVENUE,40.6997409,-73.7822358
MN,BENNETT AVENUE,40.851192,-73.9366569
QN,LIBERTY AVENUE,40.7037242,-73.767147
QN,100 STREET,40.7534819,-73.8680566
QN,CORONA AVENUE,40.7424826,-73.8670968
QN,ALSTYNE AVENUE,40.7427801,-73.8656167
QN,CORONA AVENUE,40.7438118,-73.8653547
QN,PAVO ROAD,40.7114302,-73.7999914
QN,102 STREET,40.7527043,-73.8649361
QN,39 AVENUE,40.7505953,-73.864085
QN,84 ROAD,40.7135371,-73.8058035
QN,84 ROAD,40.7143008,-73.8029335
QN,164 STREET,40.7128497,-73.8018304
QN,GRAND CENTRL PARKWAY,40.718373,-73.7929721
QN,JUNCTION BOULEVARD,40.7413334,-73.8678606
QN,MIDLAND PARKWAY,40.7195433,-73.7845377
QN,188 STREET,40.712552,-73.7715493
QN,198 STREET,40.7164803,-73.7622974
QN,89 ROAD,40.7158884,-73.7641429
QN,205 STREET,40.7173037,-73.7583335
QN,74 STREET,40.7265025,-73.8876251
QN,CALDWELL AVENUE,40.7233823,-73.8940088
BK,17 STREET,40.6596582,-73.9853991
BK,WEST STREET,40.7270416,-73.9595661
BX,WEST FORDHAM ROAD,40.8610015,-73.9152059
BX,301 WALTON AVENUE,40.8150349,-73.930239
BK,82 STREET,40.6283763,-74.0373119
QN,FRANCIS LEWIS BLVD,40.7143989,-73.7540587
QN,118 AVENUE,40.6921132,-73.7351262
QN,72 PLACE,40.7298873,-73.8909244
QN,72 STREET,40.7331023,-73.8919186
QN,104 AVENUE,40.7073922,-73.763585
QN,109 AVENUE,40.7063061,-73.762633
QN,109 ROAD,40.703684,-73.7662454
QN,199 STREET,40.7052298,-73.7585216
QN,200 STREET,40.7079694,-73.758674
QN,104 AVENUE,40.7087039,-73.7581447
QN,100 AVENUE,40.7117367,-73.7554789
QN,202 STREET,40.7081346,-73.7562892
QN,34-40 LAUREL HILL BLVD,40.7289566,-73.9294163
QN,210 STREET,40.7121728,-73.7489411
QN,207 STREET,40.7095832,-73.7508734
QN,FRANCIS LEWIS BLVD,40.7008182,-73.74792
QN,63 STREET,40.7216002,-73.902403
QN,111 ROAD,40.7017448,-73.7615853
QN,191 STREET,40.6941007,-73.7616307
QN,116-02 196 STREET,40.694749,-73.7566014
QN,116 AVENUE,40.6933518,-73.7618281
QN,116 AVENUE,40.6936515,-73.7607452
QN,116 AVENUE,40.6937442,-73.7604528
QN,204 STREET,40.6980456,-73.7502566
QN,113 ROAD,40.7017724,-73.7499938
QN,113 AVENUE,40.703142,-73.7499526
QN,217 STREET,40.7142002,-73.7410553
QN,217 PLACE,40.7135603,-73.7396726
QN,212 STREET,40.7103913,-73.746376
QN,104 AVENUE,40.7113537,-73.7471443
QN,104 AVENUE,40.7114652,-73.7466677
QN,217 LANE,40.712092,-73.7397361
QN,213 STREET,40.7133321,-73.7456615
QN,106 AVENUE,40.7116177,-73.7400049
QN,6 ROAD,40.7972375,-73.8119195
QN,119 ROAD,40.6790116,-73.7877043
QN,104 AVENUE,40.7110941,-73.7502149
QN,QUEENS BOULEVARD,40.7409431,-73.9064958
BX,HERING AVENUE,40.8538256,-73.8515223
BX,TIBBETT AVENUE,40.8828612,-73.9058333
BX,PALISADE AVENUE,40.8922892,-73.9165368
BX,PALISADE AVENUE,40.9040788,-73.9143912
BX,EAST 217 STREET,40.8798551,-73.8570874
BX,EAST 217 STREET,40.8796824,-73.8550989
BX,EAST 219 STREET,40.8814109,-73.8567514
QN,98 STREET,40.6902221,-73.844956
QN,31 AVENUE,40.7594674,-73.9135231
QN,91 ROAD,40.7267243,-73.73851
QN,221 STREET,40.7269739,-73.7396238
QN,221 STREET,40.728677,-73.741432
QN,STEPHEN STREET,40.6975607,-73.9014176
QN,ELDERTS LANE,40.6947884,-73.9045627
QN,DECATUR STREET,40.6995485,-73.8958608
QN,219 STREET,40.7222965,-73.7382748
QN,WYCKOFF AVENUE,40.6939434,-73.9017836
QN,IRVING AVENUE,40.6942745,-73.9038747
QN,189 STREET,40.7039332,-73.767323
QN,74-13A 97 AVENUE,40.6813687,-73.8632779
QN,SCHAEFFER STREET,40.6937744,-73.9032191
QN,ST FELIX AVENUE,40.6941502,-73.899717
QN,BOW STREET,40.7174075,-73.8458632
QN,MIDDLEMAY PLACE,40.7170795,-73.8448467
QN,NORTHERN BOULEVARD,40.7621745,-73.8043332
QN,148-11 WILLETS POINT BLVD,40.7768732,-73.818061
QN,ASH AVENUE,40.7608964,-73.8114626
QN,180 STREET,40.695379,-73.7693218
QN,37 ROAD,40.7474281,-73.8958725
QN,ROOSEVELT AVENUE,40.7458208,-73.9002238
QN,132 STREET,40.7809473,-73.8370465
BK,1178 MYRTLE AVENUE,40.6970592,-73.9331646
BK,THROOP AVENUE,40.6817394,-73.9408992
BK,MILL ROAD,40.5897324,-73.9898898
QN,218 STREET,40.7185113,-73.7370054
QN,COOPER AVENUE,40.6944813,-73.8955189
QN,BRINKERHOFF AVENUE,40.707595,-73.7356851
BK,EAST 95 STREET,40.6336506,-73.8915429
QN,DAVENPORT COURT,40.6533951,-73.82926
QN,145 ROAD,40.6649594,-73.7656638
QN,SPRINGFIELD BLVD,40.6587298,-73.76082
QN,59 STREET,40.7374987,-73.9068687
QN,99 AVENUE,40.7156095,-73.7284892
QN,JAY AVENUE,40.7269387,-73.9023952
QN,150 ROAD,40.6562623,-73.7635211
QN,SPRINGFIELD BLVD,40.6565068,-73.7636248
QN,HENLEY ROAD,40.7179351,-73.7788576
QN,SELFRIDGE STREET,40.7184742,-73.8578591
QN,93 AVENUE,40.7244081,-73.7291641
BX,HEATH AVENUE,40.8685597,-73.9072492
QN,104 STREET,40.6505239,-73.8273537
QN,70 AVENUE,40.7066975,-73.8780067
BX,MAJ WM DEEGAN BLVD,40.8279007,-73.9323719
QN,HILLMEYER AVENUE,40.597521,-73.8028856
BX,EAST 178 STREET,40.8385613,-73.873822
BK,5 AVENUE,40.6308696,-74.0225926
MN,F D R DRIVE,40.7630917,-73.953707
BX,UNIVERSITY AVENUE,40.8389973,-73.9273878
QN,62 AVENUE,40.7141504,-73.9051482
QN,243 STREET,40.7709079,-73.7439144
BX,ROSEDALE AVENUE,40.8377231,-73.870347
BK,EAST 8 STREET,40.609213,-73.9654684
QN,172 STREET,40.7317493,-73.7982165
QN,41 AVENUE,40.763425,-73.7695771
QN,PALO ALTO AVENUE,40.7163033,-73.7739209
QN,166 STREET,40.7215826,-73.8012849
QN,86 ROAD,40.6948691,-73.8534739
QN,HILLSIDE AVENUE,40.7017144,-73.8313074
BK,DOOLEY STREET,40.5860642,-73.9463015
QN,12 ROAD,40.7903714,-73.8092918
QN,136 AVENUE,40.6684042,-73.7282379
BX,FRANKLIN AVENUE,40.8308771,-73.9032075
BK,COLES STREET,40.6801873,-74.0020587
BX,ADEE AVENUE,40.870358,-73.840049
BK,LINCOLN AVENUE,40.6646299,-73.8646855
QN,HUXLEY STREET,40.6517468,-73.7380362
QN,240 STREET,40.7239096,-73.7273009
BX,MAITLAND AVENUE,40.8404374,-73.8356864
QN,243 STREET,40.6696103,-73.7334312
QN,BROOKVILLE BOULEVARD,40.6678682,-73.7373853
QN,212 STREET,40.7241809,-73.7538855
QN,27 STREET,40.7712171,-73.9203855
QN,130 STREET,40.6853313,-73.8137784
BX,315 NEWMAN AVENUE,40.8119623,-73.8551235
QN,BRINKERHOFF AVENUE,40.7072916,-73.7362237
QN,EPSOM COURSE,40.7241584,-73.766805
BK,EAST 7 STREET,40.6113929,-73.9672032
QN,30 STREET,40.7611212,-73.9275232
QN,12 STREET,40.772596,-73.9304929
QN,19 STREET,40.7781949,-73.9213123
QN,27 STREET,40.7770948,-73.914327
QN,38 AVENUE,40.7504694,-73.9089872
QN,94 STREET,40.7592227,-73.8742647
BX,CODDINGTON AVENUE,40.838587,-73.8334612
BX,EDISON AVENUE,40.8385168,-73.8304943
BX,HOLLYWOOD AVENUE,40.838305,-73.8265014
BX,DORSEY STREET,40.8397738,-73.8502924
BX,CANNON PLACE,40.8833195,-73.8961407
BX,KINGSBRIDGE TERRACE,40.878264,-73.8995622
BX,HERING AVENUE,40.8539214,-73.8513631
BX,4131 DE REIMER AVENUE,40.8938846,-73.8433814
BX,4219 HILL AVENUE,40.8966104,-73.8415665
BX,TERRACE PLACE,40.8876116,-73.809559
QN,108 AVENUE,40.698851,-73.7848101
QN,108 STREET,40.7398859,-73.8533821
QN,MARTENSE AVENUE,40.7412384,-73.8549994
QN,52 AVENUE,40.7426514,-73.8568043
QN,108 STREET,40.7424017,-73.854636
QN,MARTENSE AVENUE,40.7416549,-73.8544788
QN,45 AVENUE,40.7413267,-73.8873403
QN,196 STREET,40.7148236,-73.7642116
QN,212 PLACE,40.7173652,-73.7461078
QN,HOLLIS COURT BLVD,40.7168782,-73.7493094
QN,213 STREET,40.7243251,-73.7507389
QN,HOLLIS COURT BLVD,40.7236423,-73.7548688
QN,94 DRIVE,40.7196894,-73.7372785
QN,137 AVENUE,40.6734434,-73.7449556
QN,227 STREET,40.6743275,-73.7450495
QN,221 STREET,40.7069779,-73.7358751
QN,109 AVENUE,40.709547,-73.7394683
QN,SPRINGFIELD BLVD,40.7096378,-73.7383606
QN,112 AVENUE,40.7056292,-73.7402518
QN,223 STREET,40.7055252,-73.7343876
QN,113 AVENUE,40.7043761,-73.7395859
QN,113 AVENUE,40.7038479,-73.7378351
QN,SPRINGFIELD BLVD,40.7086805,-73.7386312
QN,FRESH POND ROAD,40.7176357,-73.9012581
QN,60 AVENUE,40.7170244,-73.9053461
QN,38-40 RAILROAD AVENUE,40.7302776,-73.9353141
QN,114 ROAD,40.7014488,-73.7402104
QN,220 STREET,40.7006975,-73.7369062
QN,118 AVENUE,40.693763,-73.7424473
QN,219 STREET,40.6916198,-73.742672
QN,133 AVENUE,40.6754355,-73.7361694
QN,131 AVENUE,40.6788934,-73.7371076
QN,131 AVENUE,40.6785562,-73.7360994
QN,MYRTLE AVENUE,40.7020563,-73.8834899
QN,107 STREET,40.7551975,-73.861152
QN,69 PLACE,40.7057858,-73.8828558
BX,OAK LANE,40.8870094,-73.8072316
BK,81 STREET,40.6076097,-73.996042
BX,HENRY HUDSON PARKWAY,40.9007162,-73.9068498
QN,UNION HALL STREET,40.6952711,-73.7919151
QN,122 PLACE,40.6703852,-73.8167365
BK,LEWIS AVENUE,40.6890822,-73.936746
BX,FLINT AVENUE,40.8896676,-73.8181971
QN,135 AVENUE,40.6767362,-73.7597928
QN,GRAND AVENUE,40.7341645,-73.8834482
BX,ROMBOUTS AVENUE,40.8900651,-73.8305437
BX,TINTON AVENUE,40.819619,-73.9040874
BX,UNION AVENUE,40.8194653,-73.9040443
QN,HILLMEYER AVENUE,40.5969915,-73.8046733
QN,BEACH 67 STREET,40.5959211,-73.7968013
BX,ARNOW AVENUE,40.8678252,-73.850692
BK,NOSTRAND AVENUE,40.6116696,-73.9445449
BK,SUYDAM STREET,40.6960267,-73.9323326
BK,PROSPECT PLACE,40.6755475,-73.9609024
BX,PALMER AVENUE,40.8617497,-73.8261004
QN,70 AVENUE,40.7061003,-73.8817624
QN,230 STREET,40.6879894,-73.7334334
QN,69 STREET,40.7054465,-73.8838519
QN,MERRICK BOULEVARD,40.6802381,-73.751852
QN,132 AVENUE,40.6825022,-73.749125
QN,132 AVENUE,40.6829111,-73.7503854
QN,221 STREET,40.6805896,-73.7468644
QN,137 AVENUE,40.6734759,-73.7435279
QN,11 AVENUE,40.7876691,-73.8449602
QN,147 ROAD,40.6563049,-73.7352035
QN,228 STREET,40.670678,-73.7455537
QN,HOOK CREEK BOULEVARD,40.6564031,-73.7267443
QN,HOOK CREEK BOULEVARD,40.6663722,-73.7290537
QN,48 STREET,40.739911,-73.9171318
QN,MARS PLACE,40.682229,-73.7613378
BK,VANDERBILT AVENUE,40.6952329,-73.9697548
QN,BROOKVILLE BOULEVARD,40.6678834,-73.7368446
QN,NASHVILLE BOULEVARD,40.6895378,-73.7482114
BK,335I 90 STREET,40.6207531,-74.0309498
QN,254 STREET,40.6615825,-73.7278729
QN,254 STREET,40.6589456,-73.7341009
QN,MEMPHIS AVENUE,40.6588398,-73.7322992
QN,148 ROAD,40.6538135,-73.7344169
QN,256 STREET,40.650531,-73.7333452
QN,HUNGRY HARBOR ROAD,40.6536435,-73.7262979
QN,256 STREET,40.6506338,-73.7326962
QN,61 DRIVE,40.7248864,-73.8748454
QN,ELIOT AVENUE,40.7254366,-73.8785316
QN,222 STREET,40.6679814,-73.7538297
QN,141 AVENUE,40.6697196,-73.7516243
QN,141 AVENUE,40.6675838,-73.7464091
QN,222 STREET,40.6682968,-73.7537096
QN,83 PLACE,40.7204588,-73.8696228
QN,224 STREET,40.6685465,-73.7524073
QN,222 STREET,40.66882,-73.7531922
QN,143 AVENUE,40.6671207,-73.7518034
QN,EDGEWOOD AVENUE,40.6673914,-73.7513446
QN,130 AVENUE,40.6697239,-73.7895579
QN,240-17 POPLAR STREET,40.7690575,-73.746214
QN,43 STREET,40.7497436,-73.9184044
QN,YELLOWSTONE BLVD,40.7164372,-73.8575893
QN,66 AVENUE,40.7296211,-73.8517016
QN,YELLOWSTONE BLVD,40.7299191,-73.8507809
QN,RUSSELL PLACE,40.715237,-73.844281
QN,ASCAN AVENUE,40.7153996,-73.842762
QN,ARCHWAY PLACE,40.7180073,-73.8449419
QN,70 AVENUE,40.7111697,-73.8529727
QN,ARCHWAY PLACE,40.717934,-73.8455481
QN,71 AVENUE,40.7183698,-73.8450709
QN,BEACH 116 STREET,40.5813611,-73.8371554
BK,PACIFIC STREET,40.6864252,-73.9846036
QN,BEACH 111 STREET,40.5804922,-73.8322796
QN,BEACH CHANNEL DRIVE,40.5819417,-73.8362324
QN,104 ROAD,40.7002125,-73.792336
QN,BOW STREET,40.7173683,-73.8453186
QN,GROTON STREET,40.7172959,-73.8507298
QN,BYE STREET,40.7190304,-73.8444201
QN,GREENWAY NORTH,40.7181329,-73.8444005
QN,INWOOD STREET,40.6712944,-73.7928442
QN,BASCOM AVENUE,40.673105,-73.7985165
QN,HOLDER PLACE,40.717961,-73.8431491
QN,HOLDER PLACE,40.7174145,-73.8429592
QN,63 AVENUE,40.7342308,-73.8526837
QN,149 STREET,40.6707949,-73.7898537
QN,149 STREET,40.6672929,-73.7900558
QN,NORTH CONDUIT AVENUE,40.6671313,-73.7902221
QN,NORTH CONDUIT AVENUE,40.6671117,-73.7900023
QN,ROCKAWAY BOULEVARD,40.6739111,-73.799574
MN,WEST 156 STREET,40.8338121,-73.9468171
QN,SUTTER AVENUE,40.6719148,-73.7944357
QN,140 STREET,40.673828,-73.800735
QN,140 STREET,40.6722487,-73.8000872
QN,140 STREET,40.6691534,-73.7990187
QN,130 AVENUE,40.6711809,-73.8000472
QN,INWOOD STREET,40.6684803,-73.7939957
QN,142 STREET,40.6678933,-73.797303
QN,INWOOD STREET,40.6683239,-73.7939998
QN,INWOOD STREET,40.6676339,-73.793436
QN,147 STREET,40.6696048,-73.7919591
QN,136 STREET,40.7388975,-73.8311411
QN,130 AVENUE,40.670308,-73.7938206
QN,133-32 131 STREET,40.6684197,-73.8081806
QN,135 AVENUE,40.6682574,-73.8096121
QN,131 STREET,40.6701776,-73.8072563
QN,135 AVENUE,40.6685217,-73.8084326
QN,130 PLACE,40.6692033,-73.808957
QN,135 AVENUE,40.6681661,-73.809133
QN,129 STREET,40.6718886,-73.8095189
QN,ROCKAWAY BOULEVARD,40.6747487,-73.8095431
QN,114 STREET,40.6727911,-73.8265102
QN,133 AVENUE,40.6730819,-73.8264085
QN,103 STREET,40.6779259,-73.8353982
QN,SOUTH ROAD,40.64532,-73.7435712
BK,44 STREET,40.6413321,-73.9947861
BK,79 STREET,40.6287439,-74.0281255
QN,127 STREET,40.7860192,-73.8406813
QN,87 AVENUE,40.7304576,-73.7327007
QN,157 STREET,40.7652802,-73.8084323
QN,BEACH 141 STREET,40.5702619,-73.856238
QN,BEACH 132 STREET,40.573967,-73.8495203
QN,OAK AVENUE,40.7479147,-73.8154946
QN,BEACH 131 STREET,40.5733834,-73.8482113
QN,BEACH 135 STREET,40.5789955,-73.85596
QN,BEACH 135 STREET,40.5792392,-73.8555095
QN,101-014A 115 STREET,40.6884983,-73.8293864
QN,144 STREET,40.78426,-73.8220562
QN,WILLETS POINT BLVD,40.7770354,-73.8182086
QN,WILLETS POINT BLVD,40.7770744,-73.8185984
QN,158 STREET,40.7612928,-73.8072236
QN,156 STREET,40.7653488,-73.8084249
QN,157 STREET,40.7644708,-73.8085934
QN,AUBURNDALE LANE,40.7592546,-73.795148
QN,168 STREET,40.7609421,-73.7979656
QN,BAYSIDE AVENUE,40.7716011,-73.820191
QN,ASH AVENUE,40.7603692,-73.8113703
QN,161 STREET,40.7584095,-73.8048172
QN,NEGUNDO AVENUE,40.7499318,-73.8135689
QN,219-41 REAR 67 AVENUE,40.7459578,-73.7564323
QN,FRESH MEADOW LANE,40.7476003,-73.7966347
QN,163 PLACE,40.7502659,-73.8032313
QN,197 STREET,40.6979765,-73.7564526
QN,FRESH MEADOW LANE,40.738919,-73.7968308
QN,169 STREET,40.7387438,-73.8002378
QN,167 STREET,40.7387926,-73.8015042
QN,59 AVENUE,40.7409824,-73.8143446
QN,69 AVENUE,40.7331024,-73.7950732
QN,85 DRIVE,40.6972248,-73.8455348
QN,64 CIRCLE,40.739914,-73.7811519
QN,67 AVENUE,40.7348562,-73.7934657
QN,UTOPIA PARKWAY,40.7350142,-73.7928157
QN,JEWEL AVENUE,40.7313673,-73.7932853
QN,185 STREET,40.7374126,-73.7879801
QN,210 STREET,40.7452176,-73.7661286
BK,53 STREET,40.6323291,-73.993234
QN,232 STREET,40.7494486,-73.7460252
QN,198 STREET,40.7519369,-73.7815924
QN,193 STREET,40.7570348,-73.7879646
QN,210 STREET,40.7492088,-73.7676809
QN,OCEANIA STREET,40.7498407,-73.7693209
QN,47 AVENUE,40.755003,-73.7759841
QN,193 STREET,40.7502147,-73.786788
QN,133-02 ATLANTIC AVENUE,40.6966539,-73.8157266
QN,205 STREET,40.761758,-73.7803329
BK,54 STREET,40.6289281,-73.989855
BK,55 STREET,40.6287332,-73.9902442
QN,222 STREET,40.7636237,-73.7593459
QN,215 PLACE,40.7597477,-73.7658141
QN,215 PLACE,40.75969,-73.7657926
QN,202 STREET,40.7613987,-73.7833915
QN,LANDING ROAD,40.6458004,-73.7436054
QN,220 STREET,40.7635844,-73.7629415
QN,BROAD STREET,40.637839,-73.7466698
QN,EDGEWOOD STREET,40.6564187,-73.7418166
QN,16 ROAD,40.7849245,-73.810156
QN,88 ROAD,40.7281823,-73.7144389
QN,234 STREET,40.7704297,-73.7511729
QN,CIRCLE ROAD,40.7715109,-73.7472444
QN,233RD PLACE,40.7718194,-73.7540957
MN,EAST 115 STREET,40.7978919,-73.9411103
QN,38 AVENUE,40.7746699,-73.7434234
QN,234 STREET,40.7690626,-73.7510589
QN,LITTLE NECK PARKWAY,40.7756826,-73.7433725
QN,DOUGLASTON PARKWAY,40.7706969,-73.7503415
QN,38 ROAD,40.7729465,-73.746062
QN,SHORE ROAD,40.7722467,-73.753715
QN,255 STREET,40.777605,-73.7426249
QN,BROOKSIDE STREET,40.7747167,-73.7435207
QN,37 ROAD,40.772651,-73.7527857
QN,255 STREET,40.7783295,-73.74381
BK,OTSEGO STREET,40.6733276,-74.0107069
QN,3 STREET,40.6356473,-73.7411187
BK,BEARD STREET,40.6723806,-74.0110997
BK,EAST 18 STREET,40.5932829,-73.9520928
QN,DOUGLAS ROAD,40.7771562,-73.7457318
QN,38 DRIVE,40.7708195,-73.7511823
BX,ELY AVENUE,40.8889268,-73.8447566
MN,EAST 118 STREET,40.796345,-73.9330829
BX,EAST 179 STREET,40.8414232,-73.8781283
QN,221 STREET,40.7661025,-73.7621636
QN,223 STREET,40.7699069,-73.7622331
QN,222 STREET,40.7694643,-73.7632419
QN,68 AVENUE,40.734005,-73.8229013
QN,68 AVENUE,40.7336235,-73.8229275
QN,68 DRIVE,40.7318373,-73.8215937
QN,HORACE HARDING EXPWY,40.749026,-73.7588356
QN,KISSENA BOULEVARD,40.7385007,-73.8158094
QN,PRINCETON STREET,40.691789,-73.8034436
QN,148 STREET,40.6964838,-73.802539
BK,NOSTRAND AVENUE,40.6115598,-73.9445234
BK,6 AVENUE,40.632218,-74.0190552
QN,104 STREET,40.652328,-73.8278248
QN,RUSSELL STREET,40.6559425,-73.8294625
BK,MAC DONOUGH STREET,40.6817175,-73.9410471
BK,62 STREET,40.6402765,-74.0197493
BK,56 STREET,40.6432112,-74.0167017
BK,101 73 STREET,40.6346465,-74.0335468
BK,72 STREET,40.6351372,-74.0357628
BK,73 STREET,40.6345753,-74.0332189
BK,4 AVENUE,40.6159248,-74.0317004
BK,95 STREET,40.6174992,-74.0356129
BK,95 STREET,40.6159935,-74.031668
BK,59 STREET,40.6366328,-74.0091409
BK,94 STREET,40.6180682,-74.0326848
BK,5 AVENUE,40.6709036,-73.9853894
BK,8 STREET,40.6702368,-73.9875669
QN,LIVERPOOL STREET,40.6917349,-73.8022862
QN,LAKEWOOD AVENUE,40.6930772,-73.8007604
QN,CYPRESS HILLS STREET,40.7023662,-73.8945616
QN,165 STREET,40.6992287,-73.7902005
QN,164 PLACE,40.6979639,-73.7904749
QN,GUY R BREWER BLVD,40.6965263,-73.7908798
QN,111 AVENUE,40.6923398,-73.7859634
QN,HUXLEY STREET,40.654456,-73.7405087
QN,179 STREET,40.696084,-73.7718834
QN,179 STREET,40.6961321,-73.7712161
QN,179 STREET,40.6931841,-73.7683882
QN,LINDEN BOULEVARD,40.6930907,-73.7738986
QN,176 STREET,40.6935563,-73.7733886
QN,179 STREET,40.6939706,-73.7691464
QN,172 STREET,40.6943078,-73.7801368
QN,LINDEN BOULEVARD,40.6920059,-73.7667155
QN,MURDOCK AVENUE,40.6935384,-73.7754333
QN,114 AVENUE,40.6931479,-73.7750668
QN,178 STREET,40.6966949,-73.7740487
QN,149 AVENUE,40.6554065,-73.7408654
BK,39 STREET,40.6463633,-73.9953046
BK,8 AVENUE,40.6443323,-74.0007567
BK,45 STREET,40.6469754,-74.0054054
QN,BEACH 134 STREET,40.5739146,-73.851457
QN,BEACH 140 STREET,40.5716065,-73.8560263
BK,65 STREET,40.6339203,-74.0149952
BK,50 STREET,40.6445268,-74.0089005
BK,4318 NEW UTRECHT AVENUE,40.6414007,-73.9945626
BK,67 STREET,40.6327096,-74.0167027
BK,68 STREET,40.6349925,-74.0214951
BK,5 AVENUE,40.631869,-74.0211627
BK,OVINGTON AVENUE,40.6330794,-74.0216566
BK,86 STREET,40.6193251,-74.0219944
BK,PARK PLACE,40.6772278,-73.9719802
BK,VANDERBILT AVENUE,40.68071,-73.9685104
BK,CARLTON AVENUE,40.6812021,-73.9702587
BK,81 STREET,40.6208301,-74.0169626
BK,85 STREET,40.6124155,-74.0090979
BK,13 AVENUE,40.6224836,-74.0057924
BK,BENSON AVENUE,40.6092233,-74.0088634
BK,253 BAY 14 STREET,40.6038214,-74.0108938
BK,CUMBERLAND STREET,40.6832112,-73.9713323
BK,CUMBERLAND STREET,40.6830273,-73.9713036
BK,77 STREET,40.6146529,-74.0007492
BK,WILLOUGHBY AVENUE,40.6918495,-73.9731388
QN,173 STREET,40.6901918,-73.7764975
QN,149 AVENUE,40.6551042,-73.7406972
QN,35 STREET,40.7606947,-73.9216795
QN,116 AVENUE,40.6883178,-73.7754076
QN,33 STREET,40.7630532,-73.9228716
QN,116 AVENUE,40.6881804,-73.7753648
QN,31 AVENUE,40.7627418,-73.9210706
QN,541-00 30 STREET,40.7642756,-73.9243358
MN,6 1/2 ELDRIDGE STREET,40.7145708,-73.9936476
QN,87 DRIVE,40.7281231,-73.7138402
QN,248-37 88 ROAD,40.7287806,-73.7177594
QN,135 AVENUE,40.6692019,-73.7833881
QN,199 STREET,40.731964,-73.7720312
QN,87 DRIVE,40.7282094,-73.7143125
BX,BRUNER AVENUE,40.893665,-73.8474691
QN,133 AVENUE,40.6752953,-73.8424672
QN,45 AVENUE,40.7409413,-73.8862367
QN,134 AVENUE,40.6710873,-73.7803323
QN,EDGEWOOD STREET,40.6558305,-73.7414368
QN,HUXLEY STREET,40.6557724,-73.7412425
QN,149 AVENUE,40.6560198,-73.7413929
QN,SOUTH ROAD,40.6452245,-73.7438238
QN,NORTH STREET,40.6453318,-73.7439568
QN,CANAL AVENUE,40.6440231,-73.7441924
QN,NORTH STREET,40.645438,-73.7435744
QN,NORTH STREET,40.6451157,-73.7443071
QN,BROOKVILLE BOULEVARD,40.6423857,-73.7423285
QN,LANDING ROAD,40.6455027,-73.744266
QN,NORTH STREET,40.6451622,-73.7441952
QN,BROOKVILLE BOULEVARD,40.6419906,-73.7423949
QN,BROAD STREET,40.6385252,-73.7454277
QN,NORTH STREET,40.6451811,-73.7440835
QN,BROAD STREET,40.6379987,-73.7456639
QN,CANAL AVENUE,40.6436462,-73.7438407
QN,155 STREET,40.6712992,-73.7820836
QN,SOUTH ROAD,40.6451835,-73.7439357
QN,EDGEWOOD STREET,40.653794,-73.7402951
QN,149 AVENUE,40.6537987,-73.7399527
QN,222 STREET,40.6688067,-73.7534193
QN,BROAD STREET,40.6377541,-73.7467638
QN,3 STREET,40.6352651,-73.7408392
QN,BROAD STREET,40.6380605,-73.7462726
QN,1 STREET,40.6360389,-73.7419423
QN,132 AVENUE,40.672394,-73.7833381
QN,NORTH STREET,40.6453782,-73.7438485
QN,NORTH STREET,40.6450583,-73.7444046
QN,LANDING ROAD,40.6457581,-73.7443587
QN,3 STREET,40.6356257,-73.7412629
QN,WOODSIDE AVENUE,40.7428715,-73.8955116
QN,NORTH STREET,40.6452854,-73.744065
QN,BROOKVILLE BOULEVARD,40.6424339,-73.7430094
QN,149 AVENUE,40.6540603,-73.7403012
QN,31 STREET,40.7723999,-73.9162321
QN,24-28I 31 STREET,40.7720241,-73.9165972
QN,149 AVENUE,40.6552173,-73.7409347
QN,EDGEWOOD STREET,40.6543484,-73.7402785
QN,158 STREET,40.6713219,-73.7781794
QN,127 STREET,40.7857595,-73.8414511
BX,TOWNSEND AVENUE,40.8415637,-73.9154656
QN,114 STREET,40.6984735,-73.835517
QN,112 STREET,40.698315,-73.8360511
QN,METROPOLITAN AVENUE,40.7106383,-73.8495544
QN,METROPOLITAN AVENUE,40.7107156,-73.8499258
QN,84 AVENUE,40.7032035,-73.8380119
QN,69 STREET,40.7433874,-73.8954097
QN,ROOSEVELT AVENUE,40.7463713,-73.892821
QN,94 AVENUE,40.7206595,-73.737787
QN,212 STREET,40.7241506,-73.7538495
QN,71 STREET,40.7156411,-73.8844257
QN,43 AVENUE,40.7445998,-73.8703947
QN,MURRAY STREET,40.7847672,-73.8113264
QN,8203A MYRTLE AVENUE,40.7034979,-73.8663198
BX,178 MT EDEN PARKWAY,40.8425865,-73.9106357
BX,1515 MORRIS AVENUE,40.8417049,-73.9098346
BX,1507 MORRIS AVENUE,40.841348,-73.9097483
BX,1505 MORRIS AVENUE,40.8412574,-73.9097268
QN,67 ROAD,40.7127416,-73.8730646
QN,78 STREET,40.7080379,-73.8737337
BK,WASHINGTON AVENUE,40.6826796,-73.9645289
BK,ATLANTIC AVENUE,40.6811227,-73.962691
BK,PROSPECT PLACE,40.6775749,-73.9663559
BK,TOMPKINS AVENUE,40.6975386,-73.9470484
BK,FT HAMILTON PARKWAY,40.6314919,-74.0076847
BK,HALSEY STREET,40.6830493,-73.9369969
BK,11 AVENUE,40.6316349,-74.0023562
BK,1231 57 STREET,40.6314734,-73.9978436
BK,1118 57TH STREET,40.63273,-74.0008571
BK,1255 57 STREET,40.6312277,-73.9974372
BK,1251 57 STREET,40.6312686,-73.9975049
BK,1247 57 STREET,40.6313096,-73.9975726
BK,1239 57 STREET,40.6313915,-73.9977081
BK,1235 57 STREET,40.6314324,-73.9977758
BK,46TH STREET,40.6381179,-73.9931757
BK,37 STREET,40.6422508,-73.9851975
BK,BREVOORT PLACE,40.6805325,-73.9548568
BK,164A LEFFERTS PLACE,40.6802207,-73.9576007
BK,CLASSON AVENUE,40.6803693,-73.9587471
BK,DAHILL ROAD,40.6415859,-73.9808233
BK,GREENE AVENUE,40.6869903,-73.9602971
BK,GREENE AVENUE,40.6871302,-73.9603259
BK,LEXINGTON AVENUE,40.6867408,-73.9611482
QN,79 PLACE,40.7079289,-73.8720026
QN,79 PLACE,40.7076838,-73.8712312
QN,COOPER AVENUE,40.7069598,-73.8743489
QN,COOPER AVENUE,40.706916,-73.8744355
QN,79 PLACE,40.706978,-73.8734291
QN,COOPER AVENUE,40.7070011,-73.8743957
QN,COOPER AVENUE,40.7074723,-73.8735724
QN,COOPER AVENUE,40.7079762,-73.8725579
QN,88 STREET,40.7074247,-73.8655292
QN,DORAN AVENUE,40.7096094,-73.8631118
QN,78 AVENUE,40.7062471,-73.8608175
QN,45 AVENUE,40.7419796,-73.8762929
QN,ALSTYNE AVENUE,40.7434443,-73.868008
QN,44 AVENUE,40.7447412,-73.8691783
QN,45 AVENUE,40.7420377,-73.8767619
QN,WOODSIDE AVENUE,40.745241,-73.9027257
QN,51 AVENUE,40.7397709,-73.8745071
MN,RIVERSIDE BOULEVARD,40.7773896,-73.9889045
QN,88 ROAD,40.7288947,-73.7183903
QN,17 AVENUE,40.7829181,-73.7957324
QN,87 DRIVE,40.728782,-73.7172398
QN,87 DRIVE,40.7287403,-73.7170054
BK,49 STREET,40.6312745,-73.9863708
BK,45 STREET,40.63417,-73.9839311
BK,60 STREET,40.6251158,-73.9928636
BK,1358 51 STREET,40.6328423,-73.9919909
BK,16 AVENUE,40.6314363,-73.9854197
BK,1520 46 STREET,40.6335214,-73.9855569
BK,48 STREET,40.6336022,-73.9872062
BK,WEST 12 STREET,40.5858776,-73.9813685
BK,61 STREET,40.6252042,-73.993691
BK,FULTON STREET,40.6807769,-73.9485111
BK,VERONA PLACE,40.6806035,-73.9473936
BK,SURF AVENUE,40.5758685,-74.008805
BK,HUNTER AVENUE,40.5861783,-73.9978182
BK,HANCOCK STREET,40.6825436,-73.9464221
BK,PUTNAM AVENUE,40.6837446,-73.9497996
BK,65 STREET,40.6238726,-73.9972262
BK,TOMPKINS AVENUE,40.6976072,-73.9470592
BK,CHAUNCEY STREET,40.6810291,-73.9275201
BK,GATES AVENUE,40.6872632,-73.9435193
BK,1856 BENSON AVENUE,40.6036874,-74.0033456
BK,BENSON AVENUE,40.6037258,-74.0034176
BK,CROPSEY AVENUE,40.6007285,-74.0029889
BK,19 AVENUE,40.6000312,-74.0058697
BK,BAY 23 STREET,40.6037972,-73.9995606
BK,85 STREET,40.60355,-73.9944253
BK,869 GREENE AVENUE,40.6907187,-73.9329834
BK,MALCOLM X BOULEVARD,40.684448,-73.9301233
QN,88 ROAD,40.7282101,-73.7145903
QN,87 DRIVE,40.7277328,-73.7114065
QN,87 DRIVE,40.7281036,-73.7137213
QN,87 DRIVE,40.7280619,-73.7134869
QN,87 DRIVE,40.7281649,-73.714071
QN,87 DRIVE,40.7279276,-73.7124953
QN,87 DRIVE,40.7279026,-73.7123547
QN,87 DRIVE,40.7276883,-73.7111578
QN,41 AVENUE,40.7594643,-73.8276417
QN,247-32 87 DRIVE,40.7289942,-73.7186965
QN,25 AVENUE,40.7737732,-73.7960637
QN,159 STREET,40.6718434,-73.778156
QN,152-27 134 AVENUE,40.669875,-73.7836924
QN,161 STREET,40.6755335,-73.7787025
QN,129 AVENUE,40.6756763,-73.780173
QN,134 AVENUE,40.6687491,-73.7848784
QN,157 STREET,40.6720855,-73.7798531
QN,133 AVENUE,40.6689158,-73.7859557
QN,158 STREET,40.6731802,-73.7796044
QN,135 AVENUE,40.6686996,-73.7833898
QN,154 STREET,40.6713458,-73.7834893
QN,132 AVENUE,40.6741958,-73.7782059
QN,154 STREET,40.670272,-73.7817156
QN,154 STREET,40.6702225,-73.7816797
QN,GUY R BREWER BLVD,40.6738658,-73.7764477
QN,155 STREET,40.6705393,-73.7808352
QN,159 STREET,40.6696549,-73.7762419
QN,160 STREET,40.6697577,-73.7755098
BX,2063 MATTHEWS AVENUE,40.8527175,-73.8632691
BK,HUMBOLDT STREET,40.7306015,-73.9461093
QN,SUTTER AVENUE,40.6762197,-73.8460882
QN,80 STREET,40.6756265,-73.8564038
QN,DOXEY PLACE,40.6749404,-73.8438668
QN,DESARC ROAD,40.6735644,-73.845276
QN,DESARC ROAD,40.6741625,-73.8471059
QN,ALBERT ROAD,40.672497,-73.8475099
QN,124 STREET,40.7731491,-73.8447196
QN,116 AVENUE,40.6944858,-73.7593971
QN,23 AVENUE,40.7776105,-73.8376215
QN,28 AVENUE,40.7730063,-73.8366904
QN,129 STREET,40.7671759,-73.8402065
QN,ULMER STREET,40.7733208,-73.8359206
QN,136 STREET,40.7776545,-73.8319274
QN,31 AVENUE,40.7692104,-73.8467722
QN,126 STREET,40.7678979,-73.842295
QN,TALLMAN BOULEVARD,40.7659259,-73.8433791
QN,31 ROAD,40.7685759,-73.8464307
QN,COLLEGE POINT BLVD,40.767849,-73.8406995
QN,31 ROAD,40.7682249,-73.8466192
QN,COLLEGE POINT BLVD,40.7685359,-73.8412033
BK,1237 EAST 57 STREET,40.6230134,-73.9204182
QN,53-55 63RD STREET,40.7299799,-73.90178
QN,122 STREET,40.7713877,-73.8472799
QN,127 STREET,40.7666789,-73.8420561
QN,26 AVENUE,40.7740429,-73.8419158
QN,127 STREET,40.7740799,-73.8429231
QN,23 AVENUE,40.7775642,-73.8398097
QN,22-31 COLLEGE POINT BLVD,40.7792005,-73.8457895
QN,GRAHAM COURT,40.7757149,-73.8484253
BK,JEFFERSON AVENUE,40.6849604,-73.9334471
BK,HANCOCK STREET,40.6849596,-73.931976
BK,MALCOLM X BOULEVARD,40.6844834,-73.9298131
BK,BAY 40 STREET,40.5918872,-73.9919058
BK,85 STREET,40.599125,-73.9882859
BK,PACIFIC STREET,40.6757062,-73.9182138
BK,BEACH LANE,40.5918039,-73.9872613
BK,BEACH LANE,40.5917809,-73.9872065
BK,ALBANY AVENUE,40.6749644,-73.9391928
BK,CROPSEY AVENUE,40.5892631,-73.9903795
BK,108 BAY 49 STREET,40.5874868,-73.9864446
BK,BAY 49 STREET,40.5872288,-73.9867147
BK,HUNTER AVENUE,40.5862853,-73.9966373
BK,HUNTER AVENUE,40.5863128,-73.9969433
BK,28TH AVENUE,40.5870944,-73.9873124
BK,SHORE PARKWAY,40.5882176,-73.9950422
BK,BAY 41 STREET,40.5884345,-73.9976993
BK,SHORE PARKWAY,40.5889449,-73.993494
BK,229 BAY 44 STREET,40.5897708,-73.9894865
BK,27 AVENUE,40.5897543,-73.9887628
BK,27TH AVENUE,40.5898833,-73.9888204
BK,MILL ROAD,40.5898395,-73.9898142
BK,409 MALBONE STREET,40.6643633,-73.9489347
BK,WEST 19 STREET,40.5784097,-73.9858884
BK,WEST 21 STREET,40.5769415,-73.987937
BK,MERMAID AVENUE,40.5765133,-73.9878615
BK,2210 MERMAID AVENUE,40.5757943,-73.9895499
BK,2839 WEST 20 STREET,40.5776907,-73.986821
QN,22-35 COLLEGE POINT BLVD,40.7790795,-73.8458009
QN,LEFFERTS BOULEVARD,40.6818964,-73.821702
QN,23 AVENUE,40.7765952,-73.8397615
QN,54 AVENUE,40.7285644,-73.9066935
QN,WINCHESTER BOULEVARD,40.7262214,-73.7370219
QN,91 ROAD,40.7260412,-73.7386534
QN,91 ROAD,40.7269356,-73.7372897
QN,53-57 63RD STREET,40.7299096,-73.9018061
QN,66 STREET,40.7333013,-73.8994451
QN,EAST RIVER ROAD,40.7474619,-73.9576409
QN,LEFFERTS BOULEVARD,40.6866166,-73.8247038
MN,ST NICHOLAS AVENUE,40.8222512,-73.9463783
MN,ST NICHOLAS AVENUE,40.8224376,-73.9459265
QN,38 STREET,40.7631173,-73.916399
QN,44 STREET,40.7543714,-73.9186659
QN,54 AVENUE,40.739889,-73.9574942
BX,JACKSON AVENUE,40.8192064,-73.9063858
QN,1-55 54 AVENUE,40.7412046,-73.9596946
BX,EAST 161 STREET,40.8207492,-73.9033885
MN,68 WEST 119 STREET,40.8033597,-73.9474591
BX,BATHGATE AVENUE,40.8540468,-73.8926547
BK,EMPIRE BOULEVARD,40.6637719,-73.9461056
BK,EMPIRE BOULEVARD,40.6639757,-73.9475869
BK,BEACH 46 STREET,40.5759204,-74.012088
BK,BEACH 45 STREET,40.5755499,-74.0112096
BK,BEACH 42 STREET,40.5744714,-74.0086968
BK,MERMAID AVENUE,40.5744031,-74.0038984
BK,SURF AVENUE,40.5748559,-74.0058495
BK,GRAVESEND BAY,40.5813555,-74.0066493
BK,EASTERN PARKWAY,40.6698425,-73.9388766
BK,BEACH 50 STREET,40.5793377,-74.0117358
BK,ST JOHNS PLACE,40.6706365,-73.9403647
BK,SEA PLACE,40.5723473,-73.9986826
BK,BAYVIEW AVENUE,40.5813693,-74.0065197
BK,BEACH RESERVATION,40.5779679,-74.0129523
BK,MANHATTAN AVENUE,40.578756,-74.0096117
BK,OCEAN VIEW AVENUE,40.5791292,-74.0107998
BK,OCEAN VIEW AVENUE,40.5804112,-74.0086652
BK,OCEAN VIEW AVENUE,40.5798841,-74.0093311
BK,ALBANY AVENUE,40.6706502,-73.9402205
BK,ST JOHNS PLACE,40.6706253,-73.9398709
BK,ST JOHNS PLACE,40.670686,-73.9404224
BK,ST JOHNS PLACE,40.6705258,-73.9386886
BK,ST JOHNS PLACE,40.670582,-73.9411002
BK,SURF AVENUE,40.5724626,-73.9988553
BK,SURF AVENUE,40.5725065,-73.9985746
BK,WEST 35 STREET,40.5746063,-74.000018
BK,WEST 32 STREET,40.5748039,-73.9981678
BK,WEST 29 STREET,40.5751469,-73.9950612
BK,SCHENECTADY AVENUE,40.67209,-73.9330238
BK,HART PLACE,40.5799166,-73.9860789
BK,NEPTUNE AVENUE,40.5790082,-73.9873787
BK,WEST 15 STREET,40.5807781,-73.9830799
BX,2027 MATTHEWS AVENUE,40.851455,-73.863315
BX,1869 MATTHEWS AVENUE,40.8480343,-73.8626895
BX,EAST 188 STREET,40.8597029,-73.8918105
BX,WEST 231 STREET,40.8789044,-73.9037921
BX,IRWIN AVENUE,40.8858592,-73.9035398
BX,TIBBETT AVENUE,40.8856806,-73.903305
BX,IRWIN AVENUE,40.8838388,-73.9064937
BX,IRWIN AVENUE,40.8844887,-73.9057261
BX,CORLEAR AVENUE,40.8852183,-73.9018699
MN,EAST 35 STREET,40.7480364,-73.9821135
QN,14-32 ASTORIA PARK SOUTH,40.7756842,-73.9265361
QN,9TH STREET,40.7761748,-73.9299548
QN,25 ROAD,40.7739735,-73.9254585
QN,3RD STREET,40.7779494,-73.9323287
QN,BROOKLYN-QUEENS EXPY EAST,40.7631507,-73.8966674
BK,NEPTUNE AVENUE,40.5797509,-73.9794838
BK,NEPTUNE AVENUE,40.579685,-73.9793615
BK,NEPTUNE AVENUE,40.5796219,-73.9795523
BK,WEST 15 STREET,40.5777889,-73.9826595
BK,WEST 12 STREET,40.5769569,-73.9806762
BK,WEST 12 STREET,40.577204,-73.9807374
BX,KINSELLA STREET,40.8452903,-73.8609892
BK,NEPTUNE AVENUE,40.5802397,-73.9803657
BK,WEST 12 STREET,40.5811721,-73.9763226
BK,SHELL ROAD,40.5808096,-73.9753939
BK,ST JOHNS PLACE,40.6711622,-73.9329165
BK,1508 SURF AVENUE,40.5750716,-73.9826638
BK,1519 BOARDWALK WEST,40.5742921,-73.9827756
BK,1516 SURF AVENUE,40.5750524,-73.9828618
BK,WEST 22 STREET,40.5735243,-73.988888
BK,SHORE PARKWAY,40.5824374,-73.9761313
BK,WEST 23 STREET,40.5729671,-73.9891832
QN,166 STREET,40.7911363,-73.7975562
BK,WONDER WHEEL WAY,40.5739817,-73.9814726
BK,ST JOHNS PLACE,40.6704174,-73.9360463
BK,CARROLL STREET,40.6659628,-73.9363678
BK,CARROLL STREET,40.6668134,-73.9359993
BK,PROSPECT PLACE,40.6733498,-73.9240965
BK,STERLING PLACE,40.6714689,-73.923028
BK,ST MARKS AVENUE,40.6733355,-73.9232457
BK,PROSPECT PLACE,40.6733362,-73.9243128
BK,PILLING STREET,40.6849613,-73.9069565
QN,BROOKLYN-QUEENS EXPY EAST,40.766031,-73.8948507
QN,GRAND AVENUE,40.7200932,-73.9090034
QN,57 STREET,40.7190032,-73.9121037
BX,GRAND CONCOURSE,40.8766925,-73.8860876
BX,EAST MOSHOLU PARKWAY,40.8735198,-73.8834173
BX,150 VAN CORTLANDT AVE E,40.8769191,-73.8848071
QN,PEARSON STREET,40.7444586,-73.9437307
QN,114 STREET,40.6741954,-73.8258576
BK,GRANITE STREET,40.6849572,-73.9053375
BK,PATCHEN AVENUE,40.6848984,-73.9262035
BK,EAST 4 STREET,40.5919047,-73.966986
BK,2306 EAST 4 STREET,40.5939278,-73.9674135
BK,EAST 5 STREET,40.5950117,-73.9665415
BK,EAST 7 STREET,40.5985847,-73.9638966
BK,2128A EAST 3 STREET,40.5981141,-73.9691147
BK,STEWART STREET,40.6800134,-73.9047244
BK,CRAWFORD AVENUE,40.592247,-73.9640873
BK,MOFFAT STREET,40.6878173,-73.9054056
BK,CONEY ISLAND AVENUE,40.6012191,-73.9620766
BK,EAST 8 STREET,40.6010275,-73.9639169
BK,EAST 7 STREET,40.6012226,-73.9643922
BK,SCHAEFER STREET,40.6897493,-73.9083236
BK,1393 GATES AVENUE,40.6961915,-73.9158554
BK,EAST 4 STREET,40.6097826,-73.9704959
BK,HIMROD STREET,40.7033891,-73.916968
BK,EAST 3 STREET,40.6162251,-73.9725749
BK,SUYDAM STREET,40.7053126,-73.9199556
QN,BRISTOL AVENUE,40.6707945,-73.8369803
QN,96 STREET,40.6734861,-73.840157
QN,ECKFORD AVENUE,40.6704677,-73.836891
QN,HAWTREE AVENUE,40.6707487,-73.8356683
QN,22 ROAD,40.7503818,-73.9436282
QN,44 AVENUE,40.7506984,-73.9518136
QN,QUEENS PLAZA SOUTH,40.7509606,-73.9430539
QN,HAWTREE AVENUE,40.671081,-73.8357648
QN,149 AVENUE,40.6713866,-73.8364814
QN,HAWTREE AVENUE,40.6703971,-73.8354961
QN,HAWTREE AVENUE,40.6711113,-73.8358873
QN,149 AVENUE,40.6712981,-73.8359842
QN,BRISTOL AVENUE,40.6709881,-73.8360714
QN,HAWTREE AVENUE,40.6692737,-73.8349077
QN,HAWTREE AVENUE,40.6711225,-73.8359918
QN,135 ROAD,40.6733984,-73.8383151
QN,97 STREET,40.6727369,-73.838277
QN,96 STREET,40.6713618,-73.8402522
QN,HAWTREE CREEK ROAD,40.6711893,-73.8201157
QN,BRISTOL AVENUE,40.6712582,-73.8368422
QN,BRISTOL AVENUE,40.6711836,-73.8365144
QN,PITKIN AVENUE,40.6727956,-73.8371269
QN,137-05 97 STREET,40.6726957,-73.8382807
QN,HAWTREE STREET,40.6724363,-73.8372683
BK,FOSTER AVENUE,40.6280752,-73.9760934
BK,NOSTRAND AVENUE,40.6083229,-73.9429486
BK,55 STREET,40.6266249,-73.986977
BK,55 STREET,40.6256532,-73.9861522
BK,TEN EYCK STREET,40.7092271,-73.9500906
BK,708 MCDONALD AVE,40.6367766,-73.978688
BK,OCEAN PARKWAY,40.6376266,-73.9740254
BK,17 AVENUE,40.6328079,-73.9800368
BK,BEVERLY ROAD,40.643179,-73.9729674
BK,CHESTER AVENUE,40.6418935,-73.9823402
BK,FLATBUSH AVENUE,40.6445828,-73.9584341
BK,210 NORTH 9 STREET,40.7177544,-73.9550805
BK,EAST 17 STREET,40.6020975,-73.954719
BK,CLAY STREET,40.7362819,-73.9561253
BK,NOSTRAND AVENUE,40.6079799,-73.9429777
BK,3105 NOSTRAND AVENUE,40.6086223,-73.9432113
BK,HARING STREET,40.6080456,-73.9426356
BK,AVENUE U,40.60093,-73.9405926
BK,HARING STREET,40.6012513,-73.9408408
BK,HARING STREET,40.6012184,-73.9408841
BK,HARING STREET,40.6013501,-73.9407723
BK,HARING STREET,40.6009327,-73.940535
BK,BATCHELDER STREET,40.6012478,-73.9394112
BK,BROWN STREET,40.601086,-73.9397462
BK,BROWN STREET,40.6009051,-73.9402325
BK,FORD STREET,40.6016151,-73.9385466
BK,EAST 15 STREET,40.594706,-73.9552713
BK,HARING STREET,40.5989101,-73.9410734
BK,EAST 18 STREET,40.5974281,-73.9535446
BK,EAST 18 STREET,40.598032,-73.9536955
BK,GRAVESEND NECK ROAD,40.5947691,-73.9553037
QN,116 AVENUE,40.677398,-73.8098745
QN,SUTTER AVENUE,40.6721221,-73.8031086
QN,LAKEWOOD AVENUE,40.6876632,-73.8048187
QN,108 AVENUE,40.6922034,-73.8001753
QN,149 STREET,40.6707198,-73.7893205
BK,DEVOE STREET,40.7133859,-73.9450843
BK,38 STREET,40.6448919,-73.9910922
BK,EAST 19 STREET,40.5932577,-73.9508938
BK,FORD STREET,40.5894514,-73.935843
BK,EAST 16 STREET,40.5907886,-73.9537941
BK,AVENUE Y,40.5909477,-73.9537688
BK,1515 AVENUE Z,40.5882771,-73.9537706
BK,VOORHIES AVENUE,40.5872403,-73.9379549
BK,COYLE STREET,40.5893907,-73.9351266
BK,FORD STREET,40.5895337,-73.9357241
BK,2622 COYLE STREET,40.5893633,-73.935285
BK,2650 KOUWENHOVEN LANE,40.5887896,-73.9351956
BK,FORD STREET,40.5886608,-73.9356457
BK,COYLE STREET,40.5896817,-73.9352523
BK,FORD STREET,40.5893499,-73.9357999
BK,COYLE STREET,40.5889351,-73.9352998
BK,2648 KOUWENHOVEN LANE,40.5888747,-73.9352567
BK,KNAPP STREET,40.5871933,-73.9325689
BK,VOORHIES AVENUE,40.5872294,-73.9380558
BK,FORD STREET,40.5885675,-73.9356026
BK,AVENUE Z,40.5897779,-73.9355835
QN,79 STREET,40.7301798,-73.8841624
BK,47 AMHERST STREET,40.5806761,-73.9523395
BK,EXETER STREET,40.5770922,-73.9478963
QN,161 STREET,40.7958919,-73.8000879
BK,LANGHAM STREET,40.5788708,-73.9403989
BK,NOSTRAND AVENUE,40.6098987,-73.9433867
BK,NOSTRAND AVENUE,40.6116147,-73.9445342
BK,NOSTRAND AVENUE,40.6139974,-73.9449896
BK,NOSTRAND AVENUE,40.6117218,-73.9445557
BK,NOSTRAND AVENUE,40.6117794,-73.9445664
QN,148 STREET,40.6711687,-73.7901337
BK,CLEAR WATER ROAD,40.6103705,-73.9160212
BK,CLEAR WATER ROAD,40.6101125,-73.9160756
BK,CLEAR WATER ROAD,40.6106667,-73.9156535
BK,CLEAR WATER ROAD,40.6108504,-73.9154228
BK,CLEAR WATER ROAD,40.611078,-73.9150731
BK,CLEAR WATER ROAD,40.6105077,-73.9159094
BK,CLEAR WATER ROAD,40.6107435,-73.9155526
BK,CLEAR WATER ROAD,40.6102305,-73.916043
BK,CLEAR WATER ROAD,40.6105899,-73.9157545
BK,EAST 31 STREET,40.6283943,-73.9458676
BK,NOSTRAND AVENUE,40.6180464,-73.9457607
BK,AVENUE J,40.6265862,-73.9473605
BK,EAST 42 STREET,40.6264892,-73.934986
BK,EAST 54 STREET,40.6350277,-73.9250588
BK,EAST 46 STREET,40.6259796,-73.9318236
BK,EAST 38 STREET,40.6212048,-73.9386366
BK,EAST 36 STREET,40.623786,-73.9407776
BK,EAST 35 STREET,40.6245685,-73.9412957
BK,BAY AVENUE,40.6152663,-73.9528371
BK,BAY AVENUE,40.6146429,-73.9520091
BK,OCEAN AVENUE,40.6168423,-73.954111
BK,EAST 23 STREET,40.6147249,-73.9512562
BK,BAY AVENUE,40.6150961,-73.9529632
BK,AVENUE K,40.6216781,-73.9599613
BK,EAST 36 STREET,40.6241206,-73.9402658
BK,EAST 34 STREET,40.6299221,-73.9436615
BK,AVENUE H,40.6320139,-73.9389617
BK,FOSTER AVENUE,40.638298,-73.9532748
QN,157 STREET,40.6909666,-73.7930644
QN,153 STREET,40.690024,-73.7954869
BK,FENIMORE STREET,40.658392,-73.9520136
BK,EAST 91 STREET,40.6611136,-73.9285438
BK,EAST 94 STREET,40.647661,-73.9085869
BK,EAST 94 STREET,40.6475786,-73.9084897
BK,AVENUE D,40.6476142,-73.9083275
BK,FOSTER AVENUE,40.6473357,-73.9068071
BK,EAST 94 STREET,40.6479111,-73.9088748
BK,EAST 94 STREET,40.6477462,-73.9086841
BK,FOSTER AVENUE,40.6481171,-73.909116
BK,EAST 94 STREET,40.647955,-73.9089252
BK,BLAKE AVENUE,40.6642682,-73.9213025
BK,EAST 92 STREET,40.6324564,-73.894337
BK,EAST NEW YORK AVENUE,40.6721433,-73.9106081
BK,BAY VIEW AVENUE,40.6424493,-73.9093399
BK,ROCKAWAY AVENUE,40.6650393,-73.9098643
BK,EAST 56 STREET,40.6481579,-73.923736
BK,DITMAS AVENUE,40.6426233,-73.9221064
BK,REMSEN AVENUE,40.6454012,-73.9109395
BK,WARREN STREET,40.688084,-73.9981286
BK,WARREN STREET,40.6880703,-73.9980853
BK,339 HICKS STREET,40.6904418,-73.9975948
BK,162 WARREN STREET,40.6880977,-73.9981682
QN,115 AVENUE,40.6887724,-73.7820084
BK,COYLE STREET,40.5893412,-73.935105
BK,AVENUE Z,40.5898823,-73.9357526
QN,154 STREET,40.6697992,-73.7813531
BK,FOSTER AVENUE,40.6454722,-73.9105358
BK,EAST 92 STREET,40.6449658,-73.9087599
BK,EAST 92 STREET,40.6449628,-73.908396
BK,EAST 92 STREET,40.6463144,-73.909904
BK,CONKLIN AVENUE,40.6423993,-73.9051853
BK,EAST 92 STREET,40.6431477,-73.9074868
BK,FARRAGUT ROAD,40.6433134,-73.9086469
BK,8910 FARRAGUT ROAD,40.6426882,-73.9094909
BK,AVENUE N,40.6357017,-73.8895183
BK,SKIDMORE LANE,40.6405724,-73.9032133
BK,62 SKIDMORE LANE,40.6417836,-73.9008875
BK,SKIDMORE LANE,40.6407152,-73.9033789
BK,SKIDMORE LANE,40.6403938,-73.9030443
BK,EAST 94 STREET,40.6416062,-73.9021056
BK,ROCKAWAY PARKWAY,40.6459855,-73.903674
BK,GLENWOOD ROAD,40.6440455,-73.9044263
BK,EAST 94 STREET,40.6437251,-73.9052303
BK,FLATLANDS AVENUE,40.6431897,-73.9018727
BK,9514 SMITH STREET,40.6452289,-73.9048678
BK,EAST 105 STREET,40.6497488,-73.8975746
BK,FARRAGUT ROAD,40.6455092,-73.9052314
BK,EAST 94 STREET,40.6437996,-73.9057239
BK,GLENWOOD ROAD,40.6439962,-73.904502
BK,VAN SICLEN AVENUE,40.6627379,-73.8867089
BK,EAST 99 STREET,40.6473012,-73.9016432
BK,EAST 95 STREET,40.638896,-73.8976994
BK,EAST 96 STREET,40.6394196,-73.8969779
BK,EAST 96 STREET,40.6386156,-73.8971557
BK,EAST 85 STREET,40.6356207,-73.9064164
BK,EAST 92 STREET,40.6380074,-73.9015993
BK,AVENUE K,40.6350074,-73.9050265
BK,EAST 98 STREET,40.6399565,-73.8957988
BK,EAST 98 STREET,40.639896,-73.8956764
BK,EAST 100 STREET,40.6374885,-73.8893928
BX,1656 RADCLIFF AVENUE,40.8461977,-73.8555622
BK,EAST 98 STREET,40.6381129,-73.8936975
BK,EAST 100 STREET,40.6418131,-73.8939619
BK,EAST 100 STREET,40.6417389,-73.8938863
BK,EAST 98 STREET,40.6400636,-73.8958599
BK,PARK AVENUE,40.6961495,-73.9601907
BK,1609 EAST 95 STREET,40.6339638,-73.8919099
QN,59 STREET,40.7374626,-73.9062986
QN,58 STREET,40.7377086,-73.9084345
QN,104 STREET,40.6536158,-73.8281566
QN,DAVENPORT COURT,40.6534353,-73.83046
BK,NEW JERSEY AVENUE,40.6651268,-73.8934021
BK,WYONA STREET,40.6624892,-73.8906454
QN,104 STREET,40.6530529,-73.8280103
BK,GEORGIA AVENUE,40.6594372,-73.8937644
QN,164 AVENUE,40.6520295,-73.8283048
BK,SNEDIKER AVENUE,40.6676197,-73.9002615
QN,164 DRIVE,40.6511037,-73.8277847
BK,2279 PITKIN AVENUE,40.6732766,-73.8882484
QN,165 AVENUE,40.6507862,-73.8283801
BK,350 SHEFFIELD AVENUE,40.6681266,-73.8962054
QN,NORTH CONDUIT AVENUE,40.6676113,-73.8394537
QN,DAVENPORT COURT,40.6534602,-73.8305969
QN,164 ROAD,40.6518262,-73.8281792
QN,DAVENPORT COURT,40.6532972,-73.8299125
BK,HALE AVENUE,40.6844897,-73.8806866
BK,NORWOOD AVENUE,40.6847173,-73.8805636
BK,HALE AVENUE,40.684388,-73.8806111
BK,FULTON STREET,40.681291,-73.8797081
BK,FORCE TUBE AVENUE,40.6817712,-73.8770031
BX,BROWN PLACE,40.8076865,-73.9205116
MN,13 WEST 46 STREET,40.7565749,-73.9797362
QN,110 STREET,40.7833312,-73.8566988
BX,1571 COLDEN AVENUE,40.8444195,-73.8537444
BK,HEMLOCK STREET,40.6706279,-73.8675717
BX,CALHOUN AVENUE,40.8292767,-73.8277246
BK,110 SANDFORD STREET,40.6955405,-73.9538153
BK,LINCOLN AVENUE,40.669899,-73.8662574
BX,SWINTON AVENUE,40.8291039,-73.8296185
BK,PINE STREET,40.6693397,-73.8691639
BX,SWINTON AVENUE,40.8283979,-73.8292156
BK,KENT AVENUE,40.6969149,-73.9590074
QN,145 ROAD,40.6649345,-73.7655666
QN,178 PLACE,40.6633392,-73.767962
QN,SOUTH CONDUIT AVENUE,40.6658396,-73.7483369
QN,144 ROAD,40.6650192,-73.7600477
QN,PLEASANT COURT,40.6621683,-73.7671587
QN,146 ROAD,40.6630224,-73.7674152
QN,178 PLACE,40.6637904,-73.7671494
QN,183 STREET,40.6553959,-73.7639711
QN,POWELLS COVE BLVD,40.7939454,-73.8029903
QN,183 STREET,40.6554782,-73.7639564
QN,SPRINGFIELD BLVD,40.6590316,-73.7607757
QN,SPRINGFIELD BLVD,40.6584828,-73.7608425
QN,SPRINGFIELD LANE,40.6583374,-73.7607472
QN,PLEASANT COURT,40.6622781,-73.7671763
QN,PLEASANT COURT,40.662388,-73.767212
QN,SPRINGFIELD BLVD,40.6606317,-73.7607339
QN,SPRINGFIELD BLVD,40.6586474,-73.7608311
QN,SPRINGFIELD BLVD,40.6583624,-73.7610268
QN,13 AVENUE,40.7895249,-73.8037617
QN,183 STREET,40.6555606,-73.7639741
QN,183 STREET,40.6559314,-73.7640989
QN,227 STREET,40.662032,-73.753138
QN,145 ROAD,40.661352,-73.7521781
QN,232 STREET,40.6625753,-73.745509
QN,145 AVENUE,40.6639097,-73.7558632
QN,SPRINGFIELD BLVD,40.6648809,-73.7582459
QN,EDGEWOOD AVENUE,40.6653515,-73.7485551
QN,230 PLACE,40.6645981,-73.7467196
BX,EAST 161 STREET,40.8224856,-73.9088128
QN,162 AVENUE,40.6549347,-73.834763
QN,221 STREET,40.663878,-73.7577089
QN,59 PLACE,40.7376736,-73.9058833
QN,LAUREL HILL BLVD,40.7393471,-73.9016012
QN,48 AVENUE,40.7375859,-73.9059773
QN,65 PLACE,40.7416393,-73.8988335
QN,99 AVENUE,40.711086,-73.7272776
BX,1573 HONE AVENUE,40.8448509,-73.8519038
QN,220 STREET,40.7163237,-73.7334355
QN,97 AVENUE,40.7172258,-73.7365956
QN,99 AVENUE,40.713231,-73.7278351
QN,100 AVENUE,40.7151864,-73.7318312
QN,220 STREET,40.7118326,-73.7343156
BK,46 STREET,40.6369375,-73.9918031
QN,99 AVENUE,40.7158227,-73.7316122
QN,97 AVENUE,40.7180877,-73.7330389
QN,222 STREET,40.71772,-73.7318968
QN,221 STREET,40.713151,-73.7323444
QN,23 AVENUE,40.7683912,-73.9039662
QN,ASTORIA BLVD SOUTH,40.7675056,-73.9050542
QN,43 STREET,40.7694609,-73.906333
BX,FINDLAY AVENUE,40.8285508,-73.91524
BX,EAST 158 STREET,40.8240656,-73.9184976
QN,64 STREET,40.7271917,-73.9029793
BX,2306 GRAND AVENUE,40.8603015,-73.904618
BX,2308 GRAND AVENUE,40.8603646,-73.9045781
BX,58 WEST 184 STREET,40.8612212,-73.904877
BX,2419 JEROME AVENUE,40.8618749,-73.9021393
BX,PARK AVENUE,40.8244268,-73.9169435
BX,COURTLANDT AVENUE,40.8235084,-73.9185344
BX,PARK AVENUE,40.8245944,-73.9172215
BX,VALLES AVENUE,40.9028676,-73.8998144
BX,WEST 260 STREET,40.9075442,-73.8994637
BX,VALLES AVENUE,40.9043221,-73.8995952
BX,VALLES AVENUE,40.9042535,-73.8995917
QN,164 AVENUE,40.6516529,-73.8334917
QN,JAY AVENUE,40.7275072,-73.8995657
BX,JACKSON AVENUE,40.8117711,-73.9099076
BX,SYLVAN AVENUE,40.9043653,-73.8987595
QN,JAY AVENUE,40.7273525,-73.8984944
QN,CLARAN COURT,40.7283028,-73.8991713
QN,164 DRIVE,40.651207,-73.8289556
BX,HOE AVENUE,40.8342922,-73.8887838
MN,RIVERSIDE BOULEVARD,40.7738186,-73.9899482
MN,WEST END AVENUE,40.7749523,-73.9895006
MN,WEST 63 STREET,40.7748123,-73.9893707
BK,CONEY ISLAND AVENUE,40.6409849,-73.9687093
BK,CONEY ISLAND AVENUE,40.6409025,-73.9686625
BK,CONEY ISLAND AVENUE,40.6396371,-73.968364
BK,CONEY ISLAND AVENUE,40.6412731,-73.9688497
BK,CONEY ISLAND AVENUE,40.641221,-73.9688389
QN,164 AVENUE,40.6503409,-73.8393331
QN,85 STREET,40.6494845,-73.845321
QN,91 STREET,40.6501817,-73.8393371
QN,92 STREET,40.6528472,-73.8395181
QN,92 STREET,40.6531301,-73.8396976
QN,CROSS BAY BOULEVARD,40.6605769,-73.8397987
QN,87 STREET,40.6487985,-73.843391
QN,92 STREET,40.6635642,-73.8425273
QN,88 STREET,40.6627309,-73.8453624
QN,164 AVENUE,40.650759,-73.839934
QN,91 STREET,40.6531306,-73.8400652
QN,92 STREET,40.6559745,-73.840253
QN,92 STREET,40.6553844,-73.8402544
QN,102 STREET,40.657502,-73.8315886
QN,BAYVIEW AVENUE,40.6557382,-73.8323571
QN,VAN DER LINN STREET,40.6570673,-73.832779
QN,BROADWAY,40.6557237,-73.8318165
QN,160 AVENUE,40.6585546,-73.8306849
QN,102 STREET,40.6581613,-73.8301452
QN,102 STREET,40.6627695,-73.8318168
QN,DAVENPORT COURT,40.6532029,-73.8311021
QN,102 STREET,40.6579991,-73.829951
QN,102 STREET,40.6579308,-73.8301494
QN,163 AVENUE,40.652864,-73.8339897
QN,FIRST STREET,40.6554623,-73.8294962
QN,163 DRIVE,40.6524232,-73.8309455
QN,164 AVENUE,40.6518175,-73.8297361
QN,165 AVENUE,40.6506041,-73.8277679
QN,BURLINGAME COURT,40.6528466,-73.8295821
QN,164 AVENUE,40.6518012,-73.8298371
QN,164 DRIVE,40.6508781,-73.8292484
QN,104 STREET,40.6524103,-73.8278462
QN,164 AVENUE,40.6523176,-73.8282645
QN,RUSSELL STREET,40.6563597,-73.8294362
QN,165 AVENUE,40.6504968,-73.8275376
QN,RAU COURT,40.6541538,-73.8300257
QN,164 ROAD,40.6515326,-73.8282485
QN,PEDESTRIAN WAY,40.6502875,-73.8289652
QN,104 STREET,40.6502685,-73.8290914
QN,104 STREET,40.6533,-73.8280745
QN,164 STREET,40.6520838,-73.8279407
QN,164 DRIVE,40.6510629,-73.8280407
QN,163 DRIVE,40.6525046,-73.8284982
QN,1 STREET,40.6561528,-73.8287375
QN,165 AVENUE,40.6504451,-73.8278945
QN,RUSSELL STREET,40.6558761,-73.8309511
QN,163 ROAD,40.6529203,-73.8311965
QN,RUSSELL STREET,40.6559089,-73.8308141
QN,158 AVENUE,40.6614141,-73.8378647
QN,96 STREET,40.6616007,-73.8378354
QN,96 STREET,40.662484,-73.8374692
QN,RAU COURT,40.6536719,-73.8308162
QN,RUSSELL STREET,40.6554282,-73.8306279
QN,RUSSELL STREET,40.6546009,-73.831704
QN,BAYVIEW AVENUE,40.6555212,-73.8322675
QN,BROADWAY,40.6553749,-73.8317165
QN,DUNTON STREET,40.6542501,-73.830202
QN,160 AVENUE,40.6589081,-73.8302515
QN,165 AVENUE,40.6506775,-73.8291048
QN,102-14 159 DRIVE,40.6590732,-73.830561
QN,NORTH CONDUIT AVENUE,40.6679844,-73.8393303
QN,NORTH CONDUIT AVENUE,40.6674017,-73.8387802
QN,DAVENPORT COURT,40.6533326,-73.8296782
QN,NORTH CONDUIT AVENUE,40.6670172,-73.8386081
QN,NORTH CONDUIT AVENUE,40.6670401,-73.8354143
QN,SUNRISE HIGHWAY,40.6666152,-73.8338401
QN,SUNRISE HIGHWAY,40.6659347,-73.8340256
QN,94 STREET,40.6633708,-73.8395937
QN,CHURCH STREET,40.6578738,-73.8324418
QN,104 STREET,40.652814,-73.8279496
BX,2427 JEROME AVENUE,40.8620999,-73.9019944
BX,2425 JEROME AVENUE,40.862056,-73.902027
BX,2423 JEROME AVENUE,40.8620094,-73.9020632
BX,2421 JEROME AVENUE,40.8619545,-73.902103
QN,164 ROAD,40.6513641,-73.8293805
QN,DAVENPORT COURT,40.6534331,-73.8290112
QN,1 STREET,40.6560596,-73.8288135
QN,1 STREET,40.6558678,-73.8290302
QN,104 STREET,40.6517019,-73.8276642
QN,165 AVENUE,40.6506639,-73.8291913
QN,163 DRIVE,40.652396,-73.8311293
QN,163 DRIVE,40.6520554,-73.8309969
QN,164 AVENUE,40.6515941,-73.8308827
QN,163 DRIVE,40.6521459,-73.8309101
QN,DAVENPORT COURT,40.6533081,-73.8298476
QN,RUSSELL STREET,40.6553659,-73.8311759
QN,165 AVENUE,40.6504608,-73.829199
QN,FIRST STREET,40.654021,-73.8311937
QN,RAU COURT,40.6539545,-73.8288909
QN,DUNTON STREET,40.6543833,-73.8293475
QN,DAVENPORT COURT,40.6533598,-73.8295087
QN,RAU COURT,40.6538075,-73.8297383
QN,RAU COURT,40.6540903,-73.8297664
QN,BAYVIEW AVENUE,40.6561611,-73.832529
QN,BAYVIEW AVENUE,40.6562106,-73.8325469
QN,CHURCH STREET,40.6562206,-73.8318873
QN,CHURCH STREET,40.6568116,-73.8325202
QN,104 STREET,40.6510099,-73.8274822
QN,163 DRIVE,40.6525672,-73.8280908
QN,165 AVENUE,40.650634,-73.8275733
QN,164 ROAD,40.6515435,-73.8281764
QN,165 AVENUE,40.650991,-73.8276516
QN,104 STREET,40.6535389,-73.8281352
QN,104 STREET,40.6516525,-73.8276499
QN,165 AVENUE,40.6503799,-73.8283343
QN,163 ROAD,40.6529689,-73.8287601
QN,163 ROAD,40.6532516,-73.8287594
QN,164 DRIVE,40.6509433,-73.8288302
QN,164 ROAD,40.6513315,-73.8295932
QN,102-11 JAMES COURT,40.652714,-73.8289914
QN,164 AVENUE,40.6521383,-73.8294686
QN,164 AVENUE,40.6517496,-73.830194
BX,1626 HAIGHT AVENUE,40.8472705,-73.8509406
QN,164 DRIVE,40.6511445,-73.829363
QN,DAVENPORT COURT,40.6534681,-73.830359
QN,RAU COURT,40.6538538,-73.8295219
QN,WILLIAMS COURT,40.6552253,-73.8288805
QN,CHURCH STREET,40.6567754,-73.8321238
QN,164 AVENUE,40.6519915,-73.828568
BX,NETHERLAND AVENUE,40.9012217,-73.9074894
QN,103 STREET,40.6568531,-73.8289952
QN,109 AVENUE,40.6577074,-73.8294508
QN,164 ROAD,40.6513424,-73.8295247
QN,CHURCH STREET,40.6568358,-73.8321525
QN,CHURCH STREET,40.6571517,-73.8322959
QN,164 AVENUE,40.6521954,-73.8290937
QN,164 AVENUE,40.6520921,-73.8297895
QN,102 STREET,40.6579885,-73.8301709
QN,RUSSELL STREET,40.6556074,-73.8311284
QN,VAN DER LINN STREET,40.6564821,-73.8323877
QN,CHURCH STREET,40.6561847,-73.8317505
QN,163 ROAD,40.6529363,-73.8289764
QN,BURLINGAME COURT,40.6528548,-73.8295389
QN,163 DRIVE,40.6525455,-73.8301235
QN,164 ROAD,40.6512907,-73.8298744
QN,164 AVENUE,40.6518529,-73.8295018
QN,163 DRIVE,40.6523198,-73.829742
QN,163 DRIVE,40.652347,-73.8295582
QN,163 DRIVE,40.6523117,-73.8297961
QN,RUSSELL STREET,40.655601,-73.8304977
QN,102-10 RUSSELL STREET,40.6557459,-73.8301117
QN,BAYVIEW AVENUE,40.6556087,-73.8320403
QN,BAYVIEW AVENUE,40.6555789,-73.8322926
QN,RUSSELL STREET,40.655516,-73.8305592
BX,1636 TOMLINSON AVENUE,40.8477801,-73.8502635
QN,1 STREET,40.6557965,-73.8291133
BX,VICTOR STREET,40.8455471,-73.8668873
QN,89 STREET,40.7658873,-73.8797791
QN,88 STREET,40.7630441,-73.8801488
QN,25 AVENUE,40.7634593,-73.8863065
QN,80 STREET,40.7306248,-73.8844791
QN,82 STREET,40.7299969,-73.8824489
QN,80 STREET,40.7298541,-73.8823553
QN,79 STREET,40.730894,-73.8846591
QN,80 STREET,40.7302485,-73.8841875
QN,79 STREET,40.7293365,-73.8834928
QN,91 STREET,40.7630836,-73.8784918
QN,79 STREET,40.7297156,-73.8837952
QN,79 STREET,40.7297678,-73.8838348
QN,79 STREET,40.7296662,-73.883752
QN,79 STREET,40.7293887,-73.8835324
QN,76 STREET,40.7277073,-73.8846177
QN,75 STREET,40.7275165,-73.8859782
QN,78 STREET,40.7280364,-73.8843357
QN,75 STREET,40.725145,-73.8859823
QN,70 AVENUE,40.7067397,-73.8789985
BK,PRESIDENT STREET,40.6832834,-74.0011754
BX,1755 UNIONPORT ROAD,40.8446123,-73.8678831
QN,ALSTYNE AVENUE,40.7430266,-73.8583192
BX,752 ST OUEN STREET,40.9037247,-73.8478006
QN,221 STREET,40.7197663,-73.7337212
QN,93 STREET,40.7674575,-73.8773972
BX,MORRISON AVENUE,40.833387,-73.8758158
BX,MORRISON AVENUE,40.8335242,-73.875848
QN,DONCASTER PLACE,40.7195792,-73.7890902
QN,TUDOR ROAD,40.7197364,-73.7880111
QN,ABERDEEN ROAD,40.7205052,-73.7866775
QN,ABERDEEN ROAD,40.7201514,-73.7868518
BX,1729 LURTING AVENUE,40.8485695,-73.85371
BX,WALLACE AVENUE,40.8453367,-73.8630059
BX,4218 MONTICELLO AVENUE,40.8965424,-73.8400113
QN,KENT STREET,40.7204419,-73.7821971
QN,CHEVY CHASE STREET,40.726525,-73.7825849
BK,NOEL AVENUE,40.5872779,-73.923053
BK,BARTLETT PLACE,40.590984,-73.9239273
QN,105 AVENUE,40.7029245,-73.7835166
BX,WEST 256 STREET,40.9054027,-73.9085037
BX,NETHERLAND AVENUE,40.9103011,-73.9040795
BX,ARLINGTON AVENUE,40.9001662,-73.9089305
BX,BLACKSTONE AVENUE,40.9016138,-73.9104117
BX,KIRBY STREET,40.8510649,-73.7855539
BX,POST ROAD,40.8977864,-73.8988961
BX,TIBBETT AVENUE,40.8945425,-73.8992338
QN,PALO ALTO AVENUE,40.7200199,-73.7726312
BX,INDEPENDENCE AVENUE,40.9045378,-73.9081576
BX,INDEPENDENCE AVENUE,40.9045442,-73.9092031
BX,WEST 254 STREET,40.9021804,-73.9084358
BX,FIELDSTON ROAD,40.8984357,-73.9006133
BX,POST ROAD,40.8982498,-73.8983311
BX,WEST 250 STREET,40.8958731,-73.9017203
BX,TIBBETT AVENUE,40.8947209,-73.899201
MN,506 WEST 166 STREET,40.8387073,-73.9385372
BX,POST ROAD,40.8948811,-73.8972186
BX,WEST 252 STREET,40.8976762,-73.8984152
BX,POST ROAD,40.8977286,-73.8987406
BK,GARLAND COURT,40.5947522,-73.9320067
BK,BAY RIDGE AVENUE,40.6241388,-74.0050793
BK,AVENUE X,40.5948954,-73.9327519
BK,GOTHAM AVENUE,40.5912508,-73.9247083
BK,HYMEN COURT,40.5860671,-73.9224531
BK,MELBA COURT,40.5866485,-73.9258512
BK,LACON COURT,40.5896595,-73.9301324
BK,BARTLETT PLACE,40.590803,-73.9242083
BK,BARTLETT PLACE,40.5903369,-73.9249254
BK,14 AVENUE,40.6305038,-73.9929315
BK,FANE COURT,40.5933731,-73.9299269
BK,GARLAND COURT,40.5947603,-73.9317078
BK,NOEL AVENUE,40.585877,-73.9214849
BX,1057 PIERCE AVENUE,40.8459764,-73.8520531
QN,87 AVENUE,40.7301956,-73.7251861
BX,TYNDALL AVENUE,40.9101665,-73.9006645
BX,CODDINGTON AVENUE,40.8390428,-73.8336227
QN,HOOK CREEK BOULEVARD,40.672951,-73.7276895
MN,8 AVENUE,40.7532362,-73.9930809
BX,LIEBIG AVENUE,40.9077388,-73.9022454
BX,LIEBIG AVENUE,40.907409,-73.9017684
BX,LIEBIG AVENUE,40.9076043,-73.9022818
BX,LIEBIG AVENUE,40.9078046,-73.9022272
BX,KIRBY STREET,40.8508656,-73.78464
BX,FARADAY AVENUE,40.9044665,-73.9014942
BX,FIELDSTON ROAD,40.9041555,-73.9005649
BX,WEST 258 STREET,40.9057415,-73.9032758
BX,FARADAY AVENUE,40.9044687,-73.9008358
QN,86 STREET,40.7303541,-73.8749073
BX,FIELDSTON ROAD,40.9048722,-73.9009039
BX,DELAFIELD AVENUE,40.9106372,-73.9023208
BX,TYNDALL AVENUE,40.9100672,-73.9001256
QN,88 AVENUE,40.7303249,-73.7264592
BK,CLINTON STREET,40.6688568,-74.0046502
BK,COURT STREET,40.6685,-74.0035903
QN,JAMAICA AVENUE,40.6952911,-73.8486803
BK,COURT STREET,40.6678907,-74.0038823
BX,KING AVENUE,40.8505834,-73.7863796
BX,DITMARS STREET,40.8492073,-73.7888419
BX,BROWN PLACE,40.8470304,-73.7856609
BX,HAWKINS STREET,40.8456477,-73.7889652
BX,PELL PLACE,40.8421418,-73.7855104
BK,FROST STREET,40.7179032,-73.9497089
BX,CAROLL STREET,40.8456807,-73.787523
BX,WILLIAM AVENUE,40.8488367,-73.7887708
BX,1730 HONE AVENUE,40.8483695,-73.8539815
BX,2392 JEROME AVENUE,40.8610787,-73.901844
BX,KING AVENUE,40.8486936,-73.7841482
BX,POND PLACE,40.8487221,-73.7876759
BK,60A LORIMER STREET,40.7181858,-73.9496727
MN,WEST 108 STREET,40.8018845,-73.9656863
BX,WEST 205 STREET,40.8766563,-73.8883658
QN,HOVENDEN ROAD,40.7201391,-73.7788575
BX,CEDAR AVENUE,40.8542518,-73.9183305
QN,EPSOM COURSE,40.7245019,-73.7656926
QN,COMO AVENUE,40.721833,-73.7706408
BX,JEROME AVENUE,40.8719954,-73.8936563
QN,GRAND CENTRL PARKWAY,40.7195472,-73.7837115
QN,CHEVY CHASE STREET,40.7191503,-73.7770858
QN,HOVENDEN ROAD,40.7201774,-73.7788068
QN,DALNY ROAD,40.7156575,-73.7805822
QN,PINTO STREET,40.7239002,-73.7694468
QN,SANCHO STREET,40.7210739,-73.7712459
QN,PALERMO STREET,40.718826,-73.7712681
QN,SANTIAGO STREET,40.7179228,-73.7725446
QN,COMO AVENUE,40.722209,-73.7705999
QN,EPSOM COURSE,40.7241859,-73.7668337
QN,ROMEO COURT,40.7234501,-73.7667353
QN,23 AVENUE,40.7768635,-73.9171761
QN,HORACE HARDING EXPRE,40.7406616,-73.7905428
QN,EFFINGTON AVENUE,40.7494439,-73.7930957
BX,2443 MORRIS AVENUE,40.86181,-73.9000968
QN,BOOTH MEMORIAL AVE,40.7407228,-73.7910045
QN,183 STREET,40.7402429,-73.7912586
QN,BOOTH MEMORIAL AVE,40.740635,-73.7910336
QN,ELIOT AVENUE,40.7279595,-73.8738402
QN,ELIOT AVENUE,40.7280938,-73.8736704
QN,ELIOT AVENUE,40.7278717,-73.8739523
QN,135 PLACE,40.6679909,-73.8029261
BK,BERRIMAN STREET,40.6669557,-73.8777982
QN,133 STREET,40.6695498,-73.8060793
QN,134 STREET,40.6719235,-73.8041366
QN,133 STREET,40.6713268,-73.8051333
QN,134 STREET,40.6712879,-73.8048306
QN,133 STREET,40.6742252,-73.8050707
BK,TROUTMAN STREET,40.7053261,-73.9237427
QN,SUTTER AVENUE,40.6720407,-73.8052646
QN,135 PLACE,40.6719682,-73.802954
QN,SUTTER AVENUE,40.6721274,-73.8029608
QN,134 STREET,40.6729909,-73.8039207
QN,133 AVENUE,40.6693159,-73.8057303
QN,133 STREET,40.6714759,-73.8056556
QN,133 STREET,40.6701205,-73.8059515
QN,135-16 ROCKAWAY BOULEVARD,40.6742356,-73.8030951
QN,133 AVENUE,40.6689322,-73.8060703
QN,133 AVENUE,40.6689406,-73.8061388
QN,218 STREET,40.7282487,-73.7463189
QN,ALDERTON STREET,40.7174071,-73.8583556
BK,SHEPHERD AVENUE,40.6668161,-73.8781157
BK,SHEPHERD AVENUE,40.6666238,-73.8779718
QN,135 STREET,40.6698251,-73.8032956
BK,CLEVELAND STREET,40.6654753,-73.8820904
QN,235 STREET,40.7373653,-73.7370934
BK,MILFORD STREET,40.6677159,-73.8751365
BK,SHEPHERD AVENUE,40.6670056,-73.8782559
BK,ESSEX STREET,40.6665267,-73.879641
BK,ASHFORD STREET,40.6657779,-73.8827315
QN,116 AVENUE,40.6966126,-73.7378167
QN,SELFRIDGE STREET,40.7178043,-73.8577704
QN,SELFRIDGE STREET,40.7183232,-73.8578414
QN,235 STREET,40.68897,-73.7278729
QN,231 STREET,40.6928795,-73.7306228
QN,232 STREET,40.6896968,-73.7311441
QN,50 STREET,40.7597094,-73.9070037
QN,56 STREET,40.7547209,-73.9054839
QN,125 STREET,40.7050005,-73.8261234
QN,129 STREET,40.7060268,-73.8241695
QN,84-31 127 STREET,40.7067439,-73.8246797
QN,129 STREET,40.7046297,-73.8241767
BX,EAST 224 STREET,40.8815199,-73.8455225
BK,151 BAY 50 STREET,40.585538,-73.9865854
QN,88 AVENUE,40.7307311,-73.7310904
QN,87 AVENUE,40.7308194,-73.7324719
QN,HILLSIDE AVENUE,40.7344853,-73.7331717
QN,WINCHESTER BOULEVARD,40.7342145,-73.7347712
QN,87 AVENUE,40.7308693,-73.7315011
QN,87 AVENUE,40.7307429,-73.7314511
QN,87 AVENUE,40.7307488,-73.7316495
QN,88 AVENUE,40.7307279,-73.7309208
QN,87 AVENUE,40.73046,-73.7267256
QN,87 AVENUE,40.7309487,-73.7290834
QN,88 AVENUE,40.7301045,-73.7249483
QN,88 AVENUE,40.7301218,-73.725291
QN,88 AVENUE,40.7304861,-73.7273173
BX,GUNTHER AVENUE,40.8643275,-73.8358046
BX,WESTERVELT AVENUE,40.8617336,-73.8396323
BX,GILLESPIE AVENUE,40.8413365,-73.8311232
BX,TIEMANN AVENUE,40.8641388,-73.8382273
BX,TIEMANN AVENUE,40.8579799,-73.8384411
QN,54 STREET,40.7137792,-73.9111511
BX,MAITLAND AVENUE,40.8405763,-73.834956
BX,MIDDLETOWN ROAD,40.8432723,-73.8335398
BX,CODDINGTON AVENUE,40.8396312,-73.8323997
QN,149TH PLACE,40.7988537,-73.8202583
BX,WATERSTONE DRIVE,40.8442287,-73.8268835
BX,HOLLYWOOD AVENUE,40.8432694,-73.8278257
BX,CORNELL PLACE,40.841098,-73.831272
BX,WELLMAN AVENUE,40.8415735,-73.8317767
BX,HUTCHINSON RIV PKWY,40.8417735,-73.8372336
QN,HOOK CREEK BOULEVARD,40.6722266,-73.727797
QN,HOOK CREEK BOULEVARD,40.6726684,-73.7277339
BX,DUDLEY AVENUE,40.8407419,-73.8336618
MN,3 AVENUE,40.7998418,-73.9380963
QN,58 PLACE,40.7370994,-73.9086013
BX,CRUGER AVENUE,40.8501173,-73.8671818
QN,61 DRIVE,40.7250043,-73.8746756
BX,CRUGER AVENUE,40.8500452,-73.866459
BX,CRUGER AVENUE,40.8499142,-73.8671027
QN,ATLANTIC AVENUE,40.6843194,-73.8610832
BX,BRUCKNER BOULEVARD,40.8239369,-73.8809641
QN,85 STREET,40.6853506,-73.8559466
BX,2 WEST BURNSIDE AVENUE,40.8536675,-73.9078917
BX,2268 EAST 177 STREET,40.8289535,-73.8477259
BX,2262 EAST 177 STREET,40.8290555,-73.8480147
BX,2057 WATSON AVENUE,40.8294618,-73.8545072
BX,HOLLAND AVENUE,40.8798768,-73.8636978
BX,BLACKROCK AVENUE,40.8283141,-73.8541845
BX,CHATTERTON AVENUE,40.8287246,-73.8489478
BX,BLACKROCK AVENUE,40.8290941,-73.8481664
BX,TURNBULL AVENUE,40.8234951,-73.854737
BX,QUIMBY AVENUE,40.8270286,-73.8450384
BX,HERMANY AVENUE,40.8244114,-73.8501354
BX,2126 STORY AVENUE,40.8249404,-73.8516807
BX,2136 STORY AVENUE,40.8250002,-73.8512289
BX,2155 HERMANY AVENUE,40.8248153,-73.8504561
BX,STORY AVENUE,40.8255914,-73.8500952
BX,410 ZEREGA AVENUE,40.815039,-73.8445208
QN,148 DRIVE,40.653547,-73.7477166
BK,KINGS HIGHWAY,40.657318,-73.920716
BX,ROHR PLACE,40.8219539,-73.8372459
BX,ZEREGA AVENUE,40.8138424,-73.8445994
BX,HEATH AVENUE,40.8684336,-73.9074265
BX,HEATH AVENUE,40.8685049,-73.9073396
BX,WEST 192 STREET,40.8688991,-73.9094542
BX,RANDALL AVENUE,40.8222228,-73.8295783
BX,1935 RADCLIFF AVENUE,40.8506217,-73.8596804
BX,MORRIS PARK AVENUE,40.851321,-73.8483036
BX,1877 HARRISON AVENUE,40.8522877,-73.9123577
BK,STILLWELL AVENUE,40.585587,-73.9835071
BX,RANDALL AVENUE,40.822245,-73.8297372
BX,712R EAST 214 STREET,40.8793314,-73.8643788
BX,EAST 214 STREET,40.8794605,-73.8644617
BX,RANDALL AVENUE,40.821342,-73.8316472
BX,RANDALL AVENUE,40.8204484,-73.8324227
BX,RANDALL AVENUE,40.8217529,-73.8310717
BX,WEST 193 STREET,40.8706505,-73.9063495
QN,147 AVENUE,40.6594121,-73.7576602
QN,230 STREET,40.6589749,-73.7508606
QN,147 AVENUE,40.6578373,-73.7490231
BX,RANDALL AVENUE,40.821777,-73.8306814
BX,RANDALL AVENUE,40.8214702,-73.831058
QN,JAMAICA AVENUE,40.7006214,-73.8290453
BX,RANDALL AVENUE,40.8211089,-73.8317634
BX,2550 SCHLEY AVENUE,40.8196614,-73.8329558
BX,EAST 211 STREET,40.8777567,-73.8626643
QN,SPRINGFIELD BLVD,40.6612708,-73.7605045
QN,225 STREET,40.6615753,-73.7551942
QN,147 AVENUE,40.6592849,-73.7572246
QN,147 AVENUE,40.658097,-73.7510585
QN,147 AVENUE,40.6595278,-73.7578724
QN,145 ROAD,40.6616667,-73.754318
QN,87-71 LEFFERTS BOULEVARD,40.6984706,-73.8297865
QN,LEFFERTS BOULEVARD,40.6984779,-73.8291049
QN,120 STREET,40.6983371,-73.8285859
QN,120 STREET,40.6984442,-73.8286469
BX,WHITTIER STREET,40.8141321,-73.8830372
QN,CLYDE STREET,40.7214827,-73.8537039
QN,69 AVENUE,40.709006,-73.8780782
BX,SPOFFORD AVENUE,40.8157572,-73.8832764
BX,HUNTS POINT AVENUE,40.8129278,-73.8837185
QN,80 AVENUE,40.6945552,-73.8952808
BX,LURTING AVENUE,40.8520917,-73.8564603
BX,2533 GRAND AVENUE,40.8657169,-73.9013853
BX,2480 GRAND AVENUE,40.8639773,-73.9020711
BX,2482 GRAND AVENUE,40.8640349,-73.9020277
QN,BEACH 65 STREET,40.5923789,-73.7944213
QN,148 AVENUE,40.6561641,-73.7533543
QN,148 DRIVE,40.65321,-73.7479665
QN,148 DRIVE,40.6532009,-73.7475845
QN,149 AVENUE,40.6529511,-73.7475711
QN,149 AVENUE,40.652948,-73.7473945
QN,232 STREET,40.656023,-73.7502841
QN,235 STREET,40.6572796,-73.7462932
QN,148 DRIVE,40.6535749,-73.7478823
BK,20 STREET,40.6651048,-73.9975597
QN,148 DRIVE,40.653195,-73.747408
QN,148 DRIVE,40.653192,-73.7472818
QN,149 AVENUE,40.6569934,-73.7560976
QN,229 STREET,40.6559319,-73.7538886
BX,HAMMERSLEY AVENUE,40.8706497,-73.8445643
BK,ARLINGTON AVENUE,40.6801356,-73.8909445
BK,MILLER AVENUE,40.679081,-73.8931599
BK,HENDRIX STREET,40.6803202,-73.8916076
BK,EAST 57 STREET,40.653024,-73.9231285
BK,EAST 55 STREET,40.6551995,-73.9256236
BK,EAST 57 STREET,40.6534578,-73.9232217
BX,WEST 238 STREET,40.8881469,-73.9085853
BX,MAC CRACKEN AVENUE,40.8545744,-73.9205315
BX,979 OGDEN AVENUE,40.8323429,-73.9298559
QN,GLENWOOD STREET,40.7744556,-73.7372394
BX,TULFAN TERRACE,40.8869934,-73.9076791
QN,155 STREET,40.6662717,-73.782565
QN,ROCKAWAY BEACH BLVD,40.5942045,-73.7713709
QN,177 STREET,40.6664127,-73.7717434
QN,177 STREET,40.6661551,-73.7719641
QN,177 PLACE,40.6663977,-73.7711054
QN,177-01 144 DRIVE,40.666596,-73.771476
QN,177 PLACE,40.666487,-73.7718441
QN,MEADOW ROAD,40.6665826,-73.770236
QN,159-25 ROCKAWAY BOULEVARD,40.6645081,-73.7774955
QN,NORTH CONDUIT AVENUE,40.6667389,-73.7948734
BK,82 RYERSON STREET,40.6952455,-73.9656149
BX,1116 WASHINGTON AVENUE,40.8289623,-73.9078319
BX,WEIHER COURT,40.8260974,-73.9084718
QN,175 STREET,40.6639037,-73.7730099
QN,70 AVENUE,40.7065949,-73.8795506
BX,3 AVENUE,40.8258881,-73.9076627
QN,70 AVENUE,40.706657,-73.8786271
QN,70 AVENUE,40.7067478,-73.8788614
QN,67 DRIVE,40.7114712,-73.8785282
QN,COOK AVENUE,40.7089829,-73.8770467
QN,68 ROAD,40.709837,-73.8774671
QN,67-46 73 PLACE,40.7113486,-73.8793544
BX,GOUVERNEUR AVENUE,40.8836225,-73.8914208
BX,TIEMANN AVENUE,40.8706082,-73.8403485
QN,BEACH 143 STREET,40.5701134,-73.8582324
QN,NEWPORT AVENUE,40.5728236,-73.8659946
BX,BRUNER AVENUE,40.8774839,-73.8405128
QN,25 DRIVE,40.7733111,-73.7970833
BX,GUNTHER AVENUE,40.8748092,-73.8415099
QN,BEACH CHANNEL DRIVE,40.5765864,-73.8611057
QN,CHANNEL ROAD,40.5764276,-73.8614768
BX,EXTERIOR STREET,40.8156866,-73.9323157
BX,3057 SEDGWICK AVENUE,40.8765134,-73.9001326
BX,KINGSBRIDGE TERRACE,40.8724564,-73.9029264
BX,2758 KINGSBRIDGE TERRACE,40.8725936,-73.9028865
QN,58 AVENUE,40.7238073,-73.8965769
QN,ALMEDA AVENUE,40.5963565,-73.8040666
BX,GERARD AVENUE,40.8268317,-73.9258545
BX,MAJ WM DEEGAN BLVD,40.8277001,-73.9319782
BX,GATEWAY CENTER BLVD,40.8259785,-73.9309574
BX,EXTERIOR STREET,40.8197728,-73.9310939
BX,EAST 157 STREET,40.8266425,-73.9305376
QN,WEEKS LANE,40.7516481,-73.7812866
QN,119 STREET,40.7817546,-73.8493576
BX,KELLY STREET,40.8174931,-73.8990831
QN,GLENWOOD STREET,40.7745355,-73.7373871
QN,GLENWOOD STREET,40.774643,-73.7375961
BX,LONGWOOD AVENUE,40.8185514,-73.9010035
QN,116 STREET,40.7877137,-73.8517275
QN,8 AVENUE,40.78988,-73.8501157
QN,121 STREET,40.7867273,-73.8467174
QN,BAYFIELD AVENUE,40.5992159,-73.7973603
QN,33 AVENUE,40.7720558,-73.7758076
QN,BEACH 70 STREET,40.5907382,-73.7994815
QN,DALIAN COURT,40.7895654,-73.8530921
BX,LEGGETT AVENUE,40.815926,-73.9025067
BX,2184 MULINER AVENUE,40.8563221,-73.8616494
BX,221 WEST KINGSBRIDGE RD,40.8721719,-73.9040839
BX,3120 HEATH AVENUE,40.8783583,-73.9006107
BX,HEATH AVENUE,40.8785661,-73.899786
BX,SHRADY PLACE,40.8784704,-73.9001224
BX,3146 ALBANY CRESCENT,40.8791258,-73.9026347
QN,BEACH FRONT ROAD,40.5881841,-73.7971021
QN,BEACH 70 STREET,40.5912061,-73.7986808
QN,BEACH 70 STREET,40.592102,-73.7992758
QN,355 BEACH 70 STREET,40.5924314,-73.7993072
QN,BAYFIELD AVENUE,40.5991706,-73.798131
QN,BEACH 71 STREET,40.5906624,-73.8001155
QN,BEACH 73 STREET,40.5883039,-73.8012999
QN,BEACH 70 STREET,40.5920196,-73.7992688
QN,AMSTEL BOULEVARD,40.592869,-73.7999504
BK,EAST 27 STREET,40.5849118,-73.9414781
QN,BEACH 69 STREET,40.5912247,-73.7983279
QN,HESSLER AVENUE,40.5938271,-73.8000844
QN,BAYFIELD AVENUE,40.5991439,-73.7985632
QN,BEACH 67 STREET,40.5978072,-73.7969901
QN,ALMEDA AVENUE,40.5970602,-73.7983643
QN,ALMEDA AVENUE,40.5964601,-73.802057
QN,BURCHELL AVENUE,40.5955849,-73.80229
QN,BAYFIELD AVENUE,40.5992212,-73.7972558
QN,ALMEDA AVENUE,40.5971102,-73.797129
QN,BAYFIELD AVENUE,40.5986788,-73.7994289
QN,ALMEDA AVENUE,40.5964548,-73.8021938
QN,ALMEDA AVENUE,40.5963644,-73.8039225
QN,DE COSTA AVENUE,40.597694,-73.8045308
QN,BEACH 64 STREET,40.5924998,-73.7929699
BX,3150 ALBANY CRESCENT,40.879197,-73.9025044
QN,432 BEACH 67 STREET,40.59385,-73.7959255
QN,BEACH 66 STREET,40.5916108,-73.7947045
QN,BAYFIELD AVENUE,40.5993302,-73.7952353
QN,BEACH 64 STREET,40.5952711,-73.7940127
QN,BEACH CHANNEL DRIVE,40.5944837,-73.7911597
QN,300 BEACH 67 STREET,40.5913847,-73.7956774
QN,MAURICE AVENUE,40.7355074,-73.898749
BX,ADEE AVENUE,40.8692417,-73.8551614
QN,ROCKAWAY BEACH BLVD,40.5926605,-73.7907802
BX,HERING AVENUE,40.8688917,-73.8540413
BX,LACONIA AVENUE,40.8725684,-73.8552915
BX,YATES AVENUE,40.868571,-73.8543819
BX,LURTING AVENUE,40.8717546,-73.8563238
BX,THROOP AVENUE,40.8718048,-73.8505204
QN,LAUREL HILL BLVD,40.7386743,-73.9012557
QN,67 STREET,40.7356353,-73.8974787
QN,GARFIELD AVENUE,40.7360242,-73.8965254
QN,52 DRIVE,40.7319349,-73.8968998
QN,52 ROAD,40.7325072,-73.898501
QN,53 AVENUE,40.7312783,-73.8962117
QN,53 DRIVE,40.7293615,-73.898246
QN,56 DRIVE,40.7239299,-73.9017141
QN,54 AVENUE,40.7292052,-73.8983833
QN,57-02 BROWN PLACE,40.7250257,-73.8962611
QN,65-40 66 STREET,40.7233862,-73.8983634
QN,REMSEN PLACE,40.7242054,-73.8997475
QN,55 DRIVE,40.7252842,-73.903047
QN,56 AVENUE,40.7252839,-73.9027259
QN,MASPETH AVENUE,40.7233824,-73.906791
BX,1448 CROMWELL AVENUE,40.8420352,-73.9185442
BX,3491 CANNON PLACE,40.882212,-73.8976685
BX,CLINTON PLACE,40.8569827,-73.9074171
BX,1932 LURTING AVENUE,40.8521815,-73.8558636
BX,HEATH AVENUE,40.8788546,-73.9000676
BX,CROMWELL AVENUE,40.8386884,-73.9210637
BX,1446 CROMWELL AVENUE,40.8419776,-73.9185877
BX,3495 CANNON PLACE,40.8820694,-73.8978025
BX,SYCAMORE AVENUE,40.9029324,-73.9119799
BX,INDEPENDENCE AVENUE,40.9008266,-73.9110675
BX,SYCAMORE AVENUE,40.9017798,-73.9121152
BX,3876 CANNON PLACE,40.8835707,-73.894748
BX,1036 ESPLANADE,40.8553224,-73.8588572
BX,2124 HONE AVENUE,40.8548394,-73.8588691
BX,2128 HONE AVENUE,40.8549712,-73.8589338
BX,3848 BAILEY AVENUE,40.8849414,-73.8959718
BX,3828 ORLOFF AVENUE,40.8832869,-73.8965602
BX,3493 CANNON PLACE,40.8821462,-73.8977301
BX,1854 HAIGHT AVENUE,40.8510427,-73.8538817
BX,3852 BAILEY AVENUE,40.8849633,-73.8958886
BX,SEYMOUR AVENUE,40.8632327,-73.846006
BX,1190 PIERCE AVENUE,40.847929,-73.8465945
BX,EASTCHESTER ROAD,40.858907,-73.8439193
BX,2257 GRAND AVENUE,40.8587603,-73.9061711
BX,YATES AVENUE,40.8503679,-73.8499143
BX,33 BUCHANAN PLACE,40.8583728,-73.9055318
BX,1664 YATES AVENUE,40.8493348,-73.8491106
BX,WEST 262 STREET,40.9112876,-73.8990347
BX,2138 HARRISON AVENUE,40.8562917,-73.9081519
BX,2212 AQUEDUCT AVENUE EAST,40.8584812,-73.9072921
BX,931 EAST 231 STREET,40.8899889,-73.8508809
BX,2210 AQUEDUCT AVENUE EAST,40.8584209,-73.907332
QN,38-05 30 STREET,40.7539167,-73.9328152
BX,1824 YATES AVENUE,40.8514229,-73.8507325
BX,1827 TENBROECK AVENUE,40.852443,-73.8500181
BX,1956 HERING AVENUE,40.8547102,-73.8522072
BX,WEST 262 STREET,40.9104377,-73.8970317
BX,WEST 262 STREET,40.9104845,-73.8971727
BX,FIELDSTON ROAD,40.9088755,-73.8995196
BX,WEST 261 STREET,40.909423,-73.8978835
BX,1916 YATES AVENUE,40.8531291,-73.8520661
BX,6031 HUXLEY AVENUE,40.9083723,-73.8985001
BX,2919 HONE AVENUE,40.8684381,-73.8578784
BX,HORNADAY PLACE,40.8464201,-73.882272
BX,2074 HONEYWELL AVENUE,40.844266,-73.8826951
BX,1013 ADEE AVENUE,40.8697859,-73.8579768
BX,2136 CROTONA PARKWAY,40.8466624,-73.8829584
BX,858 HORNADAY PLACE,40.8467143,-73.882745
BX,MOHEGAN AVENUE,40.8447096,-73.8843931
BX,909 EAST 178 STREET,40.8430399,-73.8835285
BX,887 EAST 181 STREET,40.8459722,-73.8817488
BX,1152 NEILL AVENUE,40.8542537,-73.8536613
BX,DALY AVENUE,40.8409388,-73.8848008
BX,1923 DALY AVENUE,40.8411197,-73.884627
BX,1919 DALY AVENUE,40.8410237,-73.884685
BX,1920 DALY AVENUE,40.8406994,-73.8841759
BX,DALY AVENUE,40.8399531,-73.88447
BX,1173 NEILL AVENUE,40.8549998,-73.8532584
BX,EAST GUN HILL ROAD,40.8749097,-73.859763
BX,3231 COLDEN AVENUE,40.8723021,-73.8596817
BX,710 EAST 180 STREET,40.8477027,-73.8885517
BX,2437 ESPLANADE,40.8623498,-73.853
BX,MAPES AVENUE,40.8479925,-73.8846657
BX,2141 MAPES AVENUE,40.8479459,-73.8847055
BX,2141B MAPES AVENUE,40.8480559,-73.8849294
BX,2141A MAPES AVENUE,40.8481026,-73.8848896
BX,732 EAST 216 STREET,40.8808446,-73.8627917
BX,2541 TENBROECK AVENUE,40.8641945,-73.8532165
BX,707 EAST 215 STREET,40.8806703,-73.8639602
BX,817 MACE AVENUE,40.8633664,-73.8627989
BX,CROTONA AVENUE,40.8484955,-73.8881528
BX,2116 CROTONA AVENUE,40.8485531,-73.8881057
BX,719 EAST 181 STREET,40.8487143,-73.8873825
BX,2009 CLINTON AVENUE,40.8466655,-73.8889366
BX,OLINVILLE AVENUE,40.869888,-73.8676774
BX,1995 HUGHES AVENUE,40.8468298,-73.8914122
BX,HUGHES AVENUE,40.8481631,-73.8906835
BX,2941 MATTHEWS AVENUE,40.869141,-73.8626134
BX,2936 MATTHEWS AVENUE,40.8687535,-73.8621731
BX,3032 BARNES AVENUE,40.8709201,-73.8630617
BX,BARNES AVENUE,40.8659716,-73.8631984
BX,2122 HUGHES AVENUE,40.8498665,-73.8895927
BX,3123 HENRY HUDSON PKWY W,40.8843371,-73.9155197
BX,3121 HENRY HUDSON PKWY W,40.8842932,-73.915545
BX,3115 HENRY HUDSON PKWY W,40.884156,-73.9156248
BX,3113 HENRY HUDSON PKWY W,40.8841121,-73.9156502
BX,3111 HENRY HUDSON PKWY W,40.8840655,-73.9156791
BX,2726 MATTHEWS AVENUE,40.8664179,-73.8622611
BX,726 WEST 231 STREET,40.8840204,-73.9179214
BX,2803 BOSTON ROAD,40.8672779,-73.8607625
BX,WEST 246 STREET,40.8907837,-73.914582
BX,WEST 246 STREET,40.8911956,-73.9148129
BX,WEST 246 STREET,40.8913466,-73.9149899
BX,WEST 246 STREET,40.8916683,-73.9156804
BX,WEST 246 STREET,40.8921524,-73.9134011
BX,2768 WILLIAMSBRIDGE ROAD,40.8673577,-73.8609467
BX,ARNOW AVENUE,40.8680161,-73.860638
BX,3021 COLDEN AVENUE,40.8703123,-73.8597474
BX,3221 CRUGER AVENUE,40.872236,-73.8664108
BX,WHITE PLAINS ROAD,40.8747507,-73.8668722
BX,WEST 246 STREET,40.8927651,-73.9142756
BX,WEST 246 STREET,40.8923704,-73.915014
BX,680 WEST 246 STREET,40.8919309,-73.9145516
BX,WEST 246 STREET,40.8923043,-73.9147319
BX,WEST 246 STREET,40.8922829,-73.915477
BX,WEST 246 STREET,40.8925319,-73.9144459
BX,WEST 246 STREET,40.8929464,-73.9144417
BX,WEST 246 STREET,40.8921478,-73.9145585
BX,WEST 246 STREET,40.8943384,-73.9151308
BX,WEST 246 STREET,40.8921784,-73.9151408
BX,4540 PALISADE AVENUE,40.8926514,-73.9164097
BX,218 FORSTER PLACE,40.9086376,-73.8974506
BX,PALISADE AVENUE,40.8969019,-73.9149539
BX,SYCAMORE AVENUE,40.903146,-73.9112778
BX,3299 CRUGER AVENUE,40.8734683,-73.8663505
BX,3569 BAINBRIDGE AVENUE,40.8831646,-73.8781205
BX,3616 PAULDING AVENUE,40.8772083,-73.8563193
BX,EAST 213 STREET,40.876319,-73.8541371
BX,EAST 214 STREET,40.8758684,-73.8515924
BX,4132 DIGNEY AVENUE,40.8923904,-73.8508249
BX,EAST 220 STREET,40.8807932,-73.852236
BX,1021 EAST 223 STREET,40.8836527,-73.8518716
BX,1032 EAST 224 STREET,40.8837919,-73.8512637
BX,1051A EAST 223 STREET,40.8833578,-73.8509501
BX,WHITE PLAINS ROAD,40.9015418,-73.8513253
BX,1043 EAST 224 STREET,40.8840737,-73.8505724
BX,967 EAST 226 STREET,40.8861779,-73.8519708
BX,NEEDHAM AVENUE,40.8794234,-73.8499789
BX,EAST 239 STREET,40.8993912,-73.8522561
BX,1223 EAST 222 STREET,40.8807856,-73.8464717
BX,724 EAST 235 STREET,40.8943947,-73.8556527
BX,4243 BARNES AVENUE,40.8938931,-73.8540624
BX,HICKS STREET,40.8785027,-73.8490119
BX,917 EAST 227 STREET,40.887354,-73.8530424
BX,1475 HICKS STREET,40.8792652,-73.8486594
BX,904A EAST 225 STREET,40.8854617,-73.8542689
BX,3552 EASTCHESTER ROAD,40.879895,-73.8475297
BX,805 EAST 224 STREET,40.8863195,-73.8576341
BX,807 EAST 224 STREET,40.8862672,-73.8574642
BX,880 EAST 225 STREET,40.8859347,-73.854984
BX,857 EAST 228 STREET,40.8885301,-73.8541573
BX,878 EAST 225 STREET,40.8859925,-73.8550851
BX,4032 BARNES AVENUE,40.8885055,-73.8563744
BX,819 EAST 228 STREET,40.8889931,-73.8556138
BX,4026 BARNES AVENUE,40.8883107,-73.8564869
BX,632 EAST 227 STREET,40.8897669,-73.8621838
BX,4335 BOYD AVENUE,40.8963303,-73.851847
BX,720 EAST 187TH STREET,40.8537942,-73.8839832
BX,2276 ARTHUR AVENUE,40.8523944,-73.8895668
QN,122-21 142 PLACE,40.6747697,-73.7977075
BX,4057 WHITE PLAINS ROAD,40.8901644,-73.8595572
BX,2304 BELMONT AVENUE,40.8527787,-73.8867973
BX,2314 BELMONT AVENUE,40.8530393,-73.8866667
BX,2320 BELMONT AVENUE,40.8532313,-73.8865724
BX,2322 BELMONT AVENUE,40.8533246,-73.8865253
BX,2306 BELMONT AVENUE,40.8528445,-73.8867646
BX,3728 BRONX BOULEVARD,40.8829513,-73.8664182
QN,87-85 153 STREET,40.7064523,-73.8038404
BX,3771 WHITE PLAINS ROAD,40.8834169,-73.8632493
BX,4126 WICKHAM AVENUE,40.8929166,-73.8481545
BX,2056 NEREID AVENUE,40.899449,-73.8440231
BX,4346 DE REIMER AVENUE,40.8983105,-73.8444381
BX,4421 MUNDY LANE,40.9010612,-73.8407709
QN,5-35 47 AVENUE,40.745863,-73.9539247
QN,46-16 VERNON BOULEVARD,40.7464199,-73.9531881
QN,10-38 45 ROAD,40.7470448,-73.9509573
QN,47 AVENUE,40.7462475,-73.9544369
QN,5-19 47 AVENUE,40.7460005,-73.9546392
QN,5-13 47 AVENUE,40.7460418,-73.9548557
QN,47 AVENUE,40.7459455,-73.9543541
QN,89 AVENUE,40.6899192,-73.8547324
BX,610 EAST 234 STREET,40.8950897,-73.8606138
QN,80-13 90 AVENUE,40.6882988,-73.8606314
BX,747 EAST 232 STREET,40.8924023,-73.8558958
BX,738 EAST 231 STREET,40.8912585,-73.8564299
BX,4114 WILDER AVENUE,40.8939347,-73.8418803
BX,4124 HILL AVENUE,40.8946626,-73.8402364
BX,717 EAST 231 STREET,40.8919509,-73.8570759
BX,741 EAST 232 STREET,40.8924767,-73.8560873
BX,838A EAST 231 STREET,40.8904594,-73.8539144
BX,2025 EDENWALD AVENUE,40.893354,-73.8427425
BX,4226 MONTICELLO AVENUE,40.8967483,-73.8400903
BX,PRATT AVENUE,40.8926878,-73.8334522
BX,2235 STRANG AVENUE,40.8922801,-73.8343177
BX,PARK DRIVE,40.8836855,-73.7944644
BX,MULVEY AVENUE,40.8905313,-73.8284231
BX,1675 EAST 233 STREET,40.8878385,-73.8245566
BX,1460 ROOSEVELT AVENUE,40.8838516,-73.7952559
BX,ROOSEVELT AVENUE,40.8840644,-73.7960762
BX,EAST 233 STREET,40.888146,-73.8246209
BX,4086 AMUNDSON AVENUE,40.8938158,-73.8372364
BX,BELL AVENUE,40.8929116,-73.8344753
BX,777 EAST 231 STREET,40.8913833,-73.8553193
BX,ROMBOUTS AVENUE,40.8911559,-73.8294378
QN,76 STREET,40.6942321,-73.8668108
QN,74-02 PARK LANE SOUTH,40.6945523,-73.8683428
QN,78-19 JAMAICA AVENUE,40.6921505,-73.8635515
QN,85-34 75 STREET,40.6938185,-73.8675797
BX,1824 BUSSING AVENUE,40.8942721,-73.8478439
BX,1011 EAST 231 STREET,40.889366,-73.8489329
BX,944 EAST 230 STREET,40.8887707,-73.8512417
QN,76-10 86 AVENUE,40.6929791,-73.8656521
BX,952 EAST 233 STREET,40.8907478,-73.849834
BX,4143 EDSON AVENUE,40.8939696,-73.8453236
BX,4219 GRACE AVENUE,40.8955087,-73.8468645
BX,4217 GRACE AVENUE,40.8954428,-73.8468393
QN,102-37 JAMAICA AVENUE,40.6954221,-73.8439811
BX,1791 EDENWALD AVENUE,40.8921978,-73.8483189
QN,40 AVENUE,40.7516973,-73.9347483
QN,26-24 30TH STREET,40.769902,-73.9197913
BX,4132 BOYD AVENUE,40.8925896,-73.8499456
QN,23-25 ASTORIA BOULEVARD,40.7718422,-73.9233308
QN,25-89 42 STREET,40.7648924,-73.9116894
QN,25-56 31 STREET,40.7692457,-73.9194419
QN,25-86 31 STREET,40.7686012,-73.9201864
QN,26-79 30 STREET,40.7684562,-73.9207895
QN,91-55 98 STREET,40.689887,-73.8447909
QN,29 STREET,40.7761166,-73.9129743
QN,30-48 CRESCENT STREET,40.7674497,-73.9261336
QN,27-02 30 AVENUE,40.7679727,-73.9242847
QN,25-28 30 AVENUE,40.7680002,-73.9243388
QN,21-01 24 AVENUE,40.7765918,-73.9210145
QN,23-91 21 STREET,40.7767454,-73.9208843
QN,14-27 BROADWAY,40.7660098,-73.9324744
QN,30-11 12 STREET,40.7710046,-73.9313141
QN,26 ROAD,40.773411,-73.9258165
QN,28-03 8 STREET,40.7729756,-73.9318247
QN,26-25 14 STREET,40.7738107,-73.9284264
QN,14 STREET,40.7738632,-73.929051
QN,29-11 40 ROAD,40.7516868,-73.9355316
QN,38-24 10 STREET,40.7582699,-73.9431884
QN,38-21 12 STREET,40.7574728,-73.9408681
QN,38-14 11 STREET,40.7581459,-73.9422031
QN,10-16 37 AVENUE,40.7596468,-73.9412344
QN,38-39 10 STREET,40.7576633,-73.9431348
QN,110-08 LIBERTY AVENUE,40.6842418,-73.8316761
QN,38-24 32 STREET,40.7529006,-73.9319499
QN,39-25 27 STREET,40.7535262,-73.9364105
QN,35-32 11 STREET,40.7620916,-73.9396872
QN,102-01 ROCKAWAY BOULEVARD,40.6799796,-73.8377727
QN,110-10 LIBERTY AVENUE,40.6842636,-73.8316111
QN,147 STREET,40.6829824,-73.7947585
QN,21 STREET,40.7762442,-73.9225711
QN,37-10 24 STREET,40.7572122,-73.9360027
QN,38-32 CRESCENT STREET,40.7551376,-73.9367735
QN,37-13 12 STREET,40.7589765,-73.9400005
QN,37-17 12 STREET,40.7588503,-73.94008
QN,37-33 12 STREET,40.7584497,-73.9403294
QN,36-09 13 STREET,40.7601448,-73.9382812
QN,36-22 21 STREET,40.7593677,-73.9376863
QN,3516A 28 STREET,40.759035,-73.9317596
QN,31-03 37 AVENUE,40.7550297,-73.9306159
QN,31-01 37 AVENUE,40.7550737,-73.9307061
QN,36 AVENUE,40.7562653,-73.9312571
QN,LIBERTY AVENUE,40.6814047,-73.8401128
QN,LIBERTY AVENUE,40.6814238,-73.8400298
QN,103-50 102ND STREET,40.6823891,-73.8394074
QN,LIBERTY AVENUE,40.6814647,-73.8398639
QN,103-52 102ND STREET,40.6823094,-73.8393679
QN,114 STREET,40.6848299,-73.8284908
QN,32-62 30 STREET,40.7609621,-73.9276497
QN,32-60 30 STREET,40.7610307,-73.927646
QN,103 STREET,40.6864036,-73.8405768
QN,31-12 23RD AVENUE,40.7738602,-73.9126234
QN,23-14 31 STREET,40.7742397,-73.9136339
QN,35-23 35 AVENUE,40.7570264,-73.923882
QN,112-15 101 AVENUE,40.6886414,-73.8315424
QN,22-08 STEINWAY STREET,40.7727877,-73.906581
QN,28 AVENUE,40.7654396,-73.9130244
QN,119-32 METROPOLITAN AVENUE,40.7056498,-73.8308862
QN,NEWTOWN ROAD,40.7574828,-73.9133307
QN,42-09 28 AVENUE,40.7647715,-73.9115776
QN,42-01 28 AVENUE,40.7647964,-73.9117689
QN,25-85 42 STREET,40.7649993,-73.9115521
QN,25-87 42 STREET,40.7649363,-73.9116532
QN,94-11 117 STREET,40.6932658,-73.8292552
QN,94-47 117 STREET,40.6923016,-73.8287781
QN,94-54 LEFFERTS BOULEVARD,40.692448,-73.8275445
QN,SPRINGFIELD BLVD,40.6895892,-73.7478723
QN,157-01 110 AVENUE,40.6918479,-73.7931951
QN,42-11 30 AVENUE,40.7631421,-73.9127855
QN,94-04 132 STREET,40.6961841,-73.8171812
QN,125 STREET,40.6902362,-73.8206629
QN,34-49 STEINWAY STREET,40.7553945,-73.921545
QN,31-33 46 STREET,40.7581027,-73.9127452
QN,94-20 VAN WYCK EXPRESSWAY,40.6966593,-73.8139631
QN,133-13 LIBERTY AVENUE,40.6914706,-73.8132817
QN,116-50 135 STREET,40.6776067,-73.8050176
QN,101-41 132 STREET,40.691909,-73.814557
QN,47-12 BROADWAY,40.7559731,-73.9132172
QN,116-28 146 STREET,40.6809853,-73.795392
QN,116 AVENUE,40.6818021,-73.7947802
QN,133-05 120 AVENUE,40.675351,-73.8053234
QN,108 STREET,40.7404105,-73.8536516
QN,117-29 135 STREET,40.6765288,-73.8038671
BK,114 JUST COURT,40.5887321,-73.9263061
QN,57-66 73 PLACE,40.7266699,-73.8875599
QN,140-24 123 AVENUE,40.6745815,-73.7999324
QN,139 STREET,40.6771951,-73.8018678
QN,117-60 140 STREET,40.6764175,-73.8013618
QN,117-77 142 STREET,40.6765149,-73.7990145
BK,KEEN COURT,40.587431,-73.9262428
QN,140 STREET,40.6761914,-73.800782
QN,140-22 123 AVENUE,40.6746474,-73.7999863
QN,142-07 123 AVENUE,40.6749554,-73.7987128
QN,140-03 ROCKAWAY BOULEVARD,40.6744947,-73.8005564
BK,83 BEVY COURT,40.5948959,-73.9290467
QN,146-40 TUSKEGEE AIRMEN WAY,40.693816,-73.8026262
QN,144-04 TUSKEGEE AIRMEN WAY,40.6908686,-73.8061183
QN,105-03 148 STREET,40.696415,-73.8024382
QN,147-12 106 AVENUE,40.6952676,-73.8023587
QN,105 AVENUE,40.6931197,-73.8063353
QN,144-12 105TH AVENUE,40.6921308,-73.8074957
QN,144-16 105TH AVENUE,40.6922074,-73.8073441
QN,115-49 147 STREET,40.6825758,-73.7945615
QN,150 STREET,40.696394,-73.8013672
QN,150 STREET,40.6964407,-73.8013887
QN,150 STREET,40.6964819,-73.8014066
QN,150 STREET,40.6967373,-73.8015285
QN,150 STREET,40.6966577,-73.8014926
QN,106 AVENUE,40.6937475,-73.8042672
QN,144-14 105TH AVENUE,40.692158,-73.8073983
QN,111-75 145 STREET,40.6850618,-73.798776
QN,56 STREET,40.7472654,-73.9079305
QN,111-29 VAN WYCK EXPRESSWAY,40.6840768,-73.8053737
QN,PINEGROVE STREET,40.6887764,-73.8025077
QN,GLASSBORO AVENUE,40.6887423,-73.8002541
QN,GRAND CENTRL PARKWAY,40.7155068,-73.8084419
QN,148-47 87 ROAD,40.7073812,-73.8077655
QN,LIVERPOOL STREET,40.6905685,-73.8007355
QN,147-23 FERNDALE AVENUE,40.6905712,-73.7991561
QN,109-07 PINEGROVE STREET,40.688768,-73.8023959
QN,FERNDALE AVENUE,40.6890678,-73.8011582
QN,107-20 SUTPHIN BOULEVARD,40.6937225,-73.8008955
QN,ARLINGTON TERRACE,40.6898418,-73.8027461
QN,146-06 LAKEWOOD AVENUE,40.691706,-73.8014244
QN,107-14 SUTPHIN BOULEVARD,40.6937996,-73.8010612
QN,109-02 130 STREET,40.6845512,-73.8134164
QN,54-11 QUEENS BOULEVARD,40.7425491,-73.9103513
QN,43-31 54 STREET,40.7427333,-73.910683
QN,153-02 HILLSIDE AVENUE,40.7069382,-73.8038606
QN,153-01 HILLSIDE AVENUE,40.7074966,-73.8045839
QN,108-28 154 STREET,40.6931673,-73.7973236
QN,153-07 109 AVENUE,40.6923186,-73.796998
QN,106-35 150 STREET,40.6952404,-73.8009126
QN,108-61 SUTPHIN BOULEVARD,40.691859,-73.7978576
QN,106-32 157 STREET,40.6970652,-73.7975101
QN,157 STREET,40.6961104,-73.796157
QN,41-15 76 STREET,40.7449293,-73.8888933
QN,107 AVENUE,40.6948857,-73.8005423
QN,106-27 154 STREET,40.695701,-73.7990793
QN,107-01 157 STREET,40.6963605,-73.7963402
QN,41-56 55TH STREET,40.7438581,-73.9100789
QN,55TH STREET,40.7437978,-73.9100934
QN,155-14 107 AVENUE,40.6956903,-73.7976368
QN,154 STREET,40.6946413,-73.798913
QN,107-47 156 STREET,40.6948618,-73.7963267
QN,107-35 UNION HALL STREET,40.6969682,-73.7923858
QN,104-90 165 STREET,40.6989274,-73.7905549
QN,106-23 GUY R BREWER BLVD,40.6992198,-73.792844
QN,104-13 164 STREET,40.6999874,-73.7923656
QN,GUY R BREWER BLVD,40.6983801,-73.7929512
QN,39-36 56 STREET,40.7474602,-73.90784
QN,163-15 107 AVENUE,40.6985814,-73.7919733
QN,MEYER AVENUE,40.6886536,-73.7889753
QN,164-12 107 AVENUE,40.6984809,-73.7910179
QN,164-14 107 AVENUE,40.6985082,-73.7909529
QN,107-19 165 STREET,40.6986402,-73.7895893
QN,106-01 GUY R BREWER BLVD,40.6996872,-73.793297
QN,38 AVENUE,40.7504226,-73.9088393
QN,LINDEN BOULEVARD,40.6886371,-73.7874573
QN,55 STREET,40.7496857,-73.9071945
QN,37-36 56 STREET,40.749658,-73.9068445
QN,56 STREET,40.7495345,-73.9068879
QN,163-13 BAISLEY BOULEVARD,40.6789106,-73.7792754
QN,120-33 GUY R BREWER BLVD,40.6801697,-73.7802843
QN,57-01 39 AVENUE,40.7482026,-73.9060597
QN,116-10 155 STREET,40.6833878,-73.7897708
QN,108 DRIVE,40.6967524,-73.7883979
QN,153-56 FOCH BOULEVARD,40.6817056,-73.7884745
QN,118-10 153 STREET,40.6804672,-73.789679
QN,118-25 154 STREET,40.6806924,-73.788265
QN,109-05 GUY R BREWER BLVD,40.6948993,-73.7896912
QN,108-09 GUY R BREWER BLVD,40.6964302,-73.7908115
QN,109-43 GUY R BREWER BLVD,40.6939758,-73.7890162
QN,122 AVENUE,40.6767249,-73.7890167
QN,167-15 109 ROAD,40.6957457,-73.7857686
QN,109-27 167 STREET,40.6955622,-73.786018
QN,108-33 164 STREET,40.6961287,-73.7895503
QN,118-12 153 STREET,40.6804315,-73.7896683
QN,118-39 154 STREET,40.6804343,-73.7881937
QN,LONG STREET,40.6788035,-73.7821167
QN,160-63 122 AVENUE,40.6787244,-73.7823477
QN,160-68 122 STREET,40.6783643,-73.7820929
QN,120-11 LONG STREET,40.6797311,-73.7820344
QN,LAKEVIEW BLVD EAST,40.6818109,-73.7845767
QN,161-51 BAISLEY BOULEVARD,40.6784425,-73.7799079
QN,108-50 GUY R BREWER BLVD,40.6951974,-73.7906315
QN,109-15 SUTPHIN BOULEVARD,40.6912489,-73.7974268
QN,160 STREET,40.6915,-73.7904953
QN,162-10 110 AVENUE,40.6929964,-73.7893114
QN,110-53 UNION HALL STREET,40.6917436,-73.7886482
QN,218-39 139 AVENUE,40.6731928,-73.7546757
QN,110-12 164 STREET,40.6932577,-73.7880773
QN,155-30 115 AVENUE,40.6858364,-73.7898857
QN,116 ROAD,40.6834479,-73.788112
QN,117 ROAD,40.6916746,-73.7604206
QN,PHROANE AVENUE,40.6909906,-73.7851997
QN,164-10 110 ROAD,40.6926352,-73.7868856
QN,164-12 110 ROAD,40.6926707,-73.786817
QN,163-23 CLAUDE AVENUE,40.6921526,-73.7871648
QN,163-21 CLAUDE AVENUE,40.6921198,-73.7872262
QN,110-14 164 STREET,40.6932082,-73.7880377
QN,BENNETT COURT,40.6776376,-73.7603232
QN,163-30 CLAUDE AVENUE,40.6919921,-73.7864802
QN,189-18 WILLIAMSON AVENUE,40.6827826,-73.7544204
QN,97 STREET,40.7620452,-73.8726097
QN,186-25 MERRICK BOULEVARD,40.6804947,-73.7550202
QN,137-00 CHENEY STREET,40.6753992,-73.7609657
QN,100-08 32 AVENUE,40.759013,-73.8683886
QN,PINEVILLE LANE,40.6817295,-73.754857
QN,130-20 180TH STREET,40.6800707,-73.7596294
QN,185-21 MERRICK BOULEVARD,40.6799879,-73.7567887
QN,MERRICK BOULEVARD,40.6793239,-73.7568812
QN,32-46 100 STREET,40.7578416,-73.8689324
QN,32 AVENUE,40.7594113,-73.8686946
QN,POWER ROAD,40.7581254,-73.8699389
QN,170-24 107 AVENUE,40.6999863,-73.7857297
QN,NORTHERN BOULEVARD,40.7574693,-73.869821
QN,102 STREET,40.7583246,-73.8664444
QN,95 STREET,40.7574789,-73.8734559
QN,32-35 102 STREET,40.7583767,-73.8664551
QN,72 STREET,40.7012219,-73.878161
QN,102 STREET,40.7603288,-73.8669132
QN,131-05 135 AVENUE,40.6679138,-73.8076377
QN,135-26 223 STREET,40.6758874,-73.7479349
QN,101-01 32 AVENUE,40.7595227,-73.8676729
QN,31-43 103 STREET,40.760226,-73.8658377
QN,102 STREET,40.7589209,-73.8670929
QN,136-26 222 STREET,40.6752504,-73.7491162
QN,31-21 105 STREET,40.7604543,-73.863935
QN,31-46 104 STREET,40.7599372,-73.8653366
QN,103 STREET,40.7598313,-73.8663547
QN,137 ROAD,40.6754353,-73.753384
QN,159 STREET,40.6877467,-73.788376
QN,ZOLLER ROAD,40.6829935,-73.7620418
QN,FOCH BOULEVARD,40.6904565,-73.7646944
QN,RIVERTON STREET,40.6875626,-73.7629377
QN,114-08 BEDELL STREET,40.6880992,-73.7875131
QN,106-66 RUSCOE STREET,40.7017147,-73.7795064
QN,ZOLLER ROAD,40.682592,-73.7630023
QN,ZOLLER ROAD,40.6825797,-73.762375
QN,ANDERSON ROAD,40.6821188,-73.7638008
QN,114-20 167 STREET,40.6896923,-73.7822434
QN,34-25 106 STREET,40.7553139,-73.8620902
QN,CARSON STREET,40.6717986,-73.7521754
QN,138 AVENUE,40.6738555,-73.7526616
QN,97 STREET,40.7629021,-73.8731171
QN,97 STREET,40.7583664,-73.8718335
QN,100 STREET,40.7632575,-73.8693802
QN,32-49 97 STREET,40.7574982,-73.8711385
QN,27 AVENUE,40.76247,-73.8695694
QN,34-38 98 STREET,40.7542529,-73.8701883
QN,101-01 37 AVENUE,40.753016,-73.8662421
QN,34 AVENUE,40.7562462,-73.8635646
QN,105 STREET,40.7550707,-73.8629642
QN,33-12 104 STREET,40.7572276,-73.8648764
QN,103 STREET,40.7569679,-73.8658263
QN,103 STREET,40.7555781,-73.8650169
QN,123-09 MERRICK BOULEVARD,40.6831404,-73.7681202
QN,103 STREET,40.7550401,-73.8649314
QN,43 AVENUE,40.7486373,-73.8586754
QN,BAISLEY BOULEVARD,40.6862503,-73.7681455
QN,35 AVENUE,40.7547854,-73.8654372
QN,177-16 BAISLEY BOULEVARD,40.6862694,-73.7681057
QN,LINDEN BOULEVARD,40.693766,-73.7538499
QN,198-01 118 AVENUE,40.6931424,-73.753625
QN,122 AVENUE,40.683505,-73.7598622
QN,186-05 122 AVENUE,40.6833708,-73.7600141
QN,121-67 FARMERS BOULEVARD,40.6834175,-73.7600536
QN,FARMERS BOULEVARD,40.6834643,-73.7600967
QN,121-63 FARMERS BOULEVARD,40.6835247,-73.7601001
QN,121-61 FARMERS BOULEVARD,40.6835741,-73.7601179
QN,121-59 FARMERS BOULEVARD,40.6836235,-73.7601322
QN,121-57 FARMERS BOULEVARD,40.6836785,-73.7601428
QN,121-36 NASHVILLE BOULEVARD,40.6890839,-73.748992
QN,201-08 118 AVENUE,40.6934822,-73.7508326
QN,104-35 ROOSEVELT AVENUE,40.7504895,-73.8604941
QN,104-33 ROOSEVELT AVENUE,40.7504649,-73.8605808
QN,104-09 ROOSEVELT AVENUE,40.7501997,-73.861462
QN,121 AVENUE,40.6867702,-73.7567711
QN,LINDEN BOULEVARD,40.6926217,-73.7578893
QN,106 STREET,40.7566619,-73.8623401
QN,108-47 CORONA AVENUE,40.7423262,-73.8535138
QN,LEWISTON AVENUE,40.6981582,-73.7659907
QN,49-14 111 STREET,40.7456275,-73.8530699
QN,55-06 VAN CLEEF STREET,40.7408632,-73.853499
QN,WALDRON STREET,40.7394601,-73.8531268
QN,50-15 103 STREET,40.7432172,-73.8593509
QN,103-32 52ND AVENUE,40.7420643,-73.8569824
QN,103-30 52ND AVENUE,40.7420342,-73.8570474
QN,103-34 52ND AVENUE,40.7421054,-73.8569101
QN,103-17 51 AVENUE,40.7428015,-73.8582728
QN,WALDRON STREET,40.7398619,-73.8539559
QN,GLENN AVENUE,40.7119461,-73.8015445
QN,GLENN AVENUE,40.7120371,-73.8017606
QN,NATIONAL STREET,40.7463406,-73.8637761
QN,160 STREET,40.7796158,-73.8033901
QN,ROOSEVELT AVENUE,40.7497109,-73.8658553
QN,100-02 39 AVENUE,40.7497791,-73.8655015
QN,101-03 ROOSEVELT AVENUE,40.7498328,-73.8644836
QN,ELMHURST AVENUE,40.7445587,-73.8779807
QN,FORLEY STREET,40.7460064,-73.8765272
QN,CORONA AVENUE,40.7440186,-73.8661519
QN,45 AVENUE,40.7466308,-73.8608739
QN,170 STREET,40.6991812,-73.7867709
QN,51-18 VAN LOON STREET,40.7377095,-73.8796098
QN,86-15 QUEENS BOULEVARD,40.736809,-73.8767427
QN,51-16 VAN LOON STREET,40.7377754,-73.8796025
QN,51-20 VAN LOON STREET,40.7376437,-73.8796171
QN,109-48 180 STREET,40.6997417,-73.7755026
QN,87-46 52 AVENUE,40.7382921,-73.8750692
QN,52 AVENUE,40.7383634,-73.8750402
QN,174-13 109 AVENUE,40.6992055,-73.7806904
QN,197-18 HILLSIDE AVENUE,40.7183816,-73.7645922
QN,15-46 18 AVENUE,40.7833472,-73.8397055
QN,217 STREET,40.7880384,-73.817821
QN,175-14 REX ROAD,40.7004491,-73.7807873
QN,107-11 FERN PLACE,40.7014199,-73.7818084
QN,189 STREET,40.711874,-73.7701557
QN,45-13 108 STREET,40.7476469,-73.8568297
QN,JAMAICA AVENUE,40.7105124,-73.7728188
QN,29 AVENUE,40.7704854,-73.7963084
QN,108 STREET,40.7477128,-73.856862
QN,171-05 109 AVENUE,40.6977596,-73.7839157
QN,45-05 108 STREET,40.747776,-73.8568943
QN,92-11 48 AVENUE,40.7421448,-73.8717744
QN,18 AVENUE,40.7821193,-73.8051918
QN,172-28 HENLEY ROAD,40.7138483,-73.7906992
QN,79 STREET,40.7417125,-73.8860802
QN,90-03 197 STREET,40.715488,-73.7629539
QN,211 STREET,40.7141611,-73.7494531
QN,ROCKAWAY BOULEVARD,40.6729143,-73.7931168
QN,63 STREET,40.7206305,-73.901553
QN,72-19 GRAND AVENUE,40.7287676,-73.8910922
BX,UNDERHILL AVENUE,40.8168718,-73.8589026
QN,59 AVENUE,40.7193296,-73.9016271
QN,193-18 109 AVENUE,40.7054237,-73.7633503
QN,104 AVENUE,40.7068418,-73.7655491
QN,217 STREET,40.713123,-73.7417232
QN,212-20 99 AVENUE,40.714074,-73.7460193
QN,109-05 191 STREET,40.7042697,-73.7654138
QN,215 STREET,40.7134117,-73.7443878
QN,112-07 198 STREET,40.7020103,-73.7572745
QN,99-52 211 PLACE,40.7126581,-73.7474351
QN,HOLLIS COURT BLVD,40.7183825,-73.7493939
QN,11-33 IRVING AVENUE,40.692294,-73.9020456
QN,88 PLACE,40.7015783,-73.8585948
QN,220 STREET,40.7090363,-73.7357912
QN,68 AVENUE,40.704369,-73.8997773
QN,68 AVENUE,40.7040613,-73.8994315
QN,80-54 59 STREET,40.6934324,-73.8950806
QN,151 AVENUE,40.6686504,-73.8445952
QN,58-38 79 AVENUE,40.6949599,-73.8966397
QN,58-21 78 AVENUE,40.6956638,-73.8980306
QN,157 STREET,40.7652854,-73.8082482
QN,JAMAICA AVENUE,40.7187576,-73.7354965
QN,PALMETTO STREET,40.7074677,-73.9028457
QN,PALMETTO STREET,40.7075307,-73.9025859
QN,158 STREET,40.7555121,-73.8087058
QN,65 STREET,40.6981289,-73.8894437
QN,154 STREET,40.7783213,-73.8089039
QN,DECATUR STREET,40.6989625,-73.8974088
BK,BUSHWICK AVENUE,40.6793835,-73.8999302
QN,CYPRESS HILLS STREET,40.699369,-73.888879
QN,71-17 CYPRESS HILLS STREET,40.7017983,-73.8919658
QN,71-11 CYPRESS HILLS STREET,40.701826,-73.8921893
QN,71-13 CYPRESS HILLS STREET,40.7018259,-73.8921064
QN,71-15 CYPRESS HILLS STREET,40.7018204,-73.8920271
QN,71-19 CYPRESS HILLS STREET,40.7017681,-73.8919009
QN,146 PLACE,40.787762,-73.8200824
QN,149 STREET,40.779199,-73.8169605
QN,211 STREET,40.7741432,-73.7779669
QN,213 STREET,40.7700338,-73.7748324
QN,111-38 SPRINGFIELD BLVD,40.705744,-73.7400242
QN,110-38 SPRINGFIELD BLVD,40.7072632,-73.7394267
QN,221-34 111 AVENUE,40.7059182,-73.7346025
QN,112-45 219 STREET,40.7042926,-73.7378874
QN,230-15 MERRICK BOULEVARD,40.6762346,-73.7399229
QN,70-28 73 PLACE,40.7057908,-73.8771571
QN,73 STREET,40.705827,-73.8775538
QN,68-28 70 AVENUE,40.7052032,-73.8848875
QN,CODY AVENUE,40.6946945,-73.9006646
QN,COOPER AVENUE,40.6930544,-73.9021816
QN,IRVING AVENUE,40.6934184,-73.9009225
QN,73 STREET,40.7036659,-73.8766633
QN,CANEY ROAD,40.6592953,-73.7358044
QN,225 STREET,40.6735291,-73.7477203
QN,222-01 MERRICK BOULEVARD,40.6786137,-73.7470197
QN,21 AVENUE,40.7788567,-73.8040892
QN,62 AVENUE,40.7248001,-73.8736983
QN,68 STREET,40.7050365,-73.8855947
QN,67 STREET,40.7048287,-73.8864498
QN,139-31 229 STREET,40.6686337,-73.7457922
QN,72-10 MYRTLE AVENUE,40.7019598,-73.8777376
QN,BROOKVILLE BOULEVARD,40.6583867,-73.7430416
QN,72-08 MYRTLE AVENUE,40.7019489,-73.8778062
QN,262 STREET,40.6518044,-73.7273902
QN,FURMANVILLE AVENUE,40.7174835,-73.8771031
QN,141-42 224 STREET,40.6687791,-73.752064
QN,224-22 PROSPECT COURT,40.6680336,-73.7513098
QN,EDGEWOOD AVENUE,40.6677725,-73.7511161
QN,64-18 BOOTH STREET,40.7278629,-73.8615084
QN,KESSEL STREET,40.7160411,-73.8569084
QN,BURNS STREET,40.7186834,-73.8435551
MN,267 WEST 34 STREET,40.7522371,-73.992933
QN,108-18 JEWEL AVENUE,40.7236466,-73.8439944
QN,71 AVENUE,40.718843,-73.8458996
QN,70 AVENUE,40.7175102,-73.8488391
QN,DARTMOUTH STREET,40.7183521,-73.8482816
QN,70 ROAD,40.7179009,-73.8474132
QN,SLOCUM CRESCENT,40.7167191,-73.846276
QN,SLOCUM CRESCENT,40.716138,-73.8448597
QN,259-07 147TH ROAD,40.6565463,-73.7292702
QN,131-17 135 AVENUE,40.6678857,-73.8072269
QN,110-34 67 DRIVE,40.7284599,-73.8432723
QN,259-80 148 ROAD,40.6539984,-73.72661
QN,130 STREET,40.6697043,-73.8098387
QN,119-98 130 STREET,40.6723654,-73.8089984
QN,129-07 SUTTER AVENUE,40.6725194,-73.8092106
QN,128-06 ROCKAWAY BOULEVARD,40.6748119,-73.8095826
QN,140-17 CHERRY AVENUE,40.7544032,-73.8224211
QN,128-37 148 STREET,40.6704691,-73.7903018
QN,128-21 149 STREET,40.6707747,-73.7893059
QN,152 STREET,40.7448598,-73.8154562
QN,WILLETS POINT BLVD,40.7786967,-73.8052632
QN,130-02 150 STREET,40.6697836,-73.7891828
QN,148 STREET,40.6706978,-73.7907841
QN,147 STREET,40.6720932,-73.7913673
QN,117-17 125 STREET,40.6748112,-73.8124991
QN,125 STREET,40.6743183,-73.8132107
QN,SUTTER AVENUE,40.671887,-73.7942087
QN,133-11 124 STREET,40.6709116,-73.8146514
QN,141-10 ROCKAWAY BOULEVARD,40.6739164,-73.7994622
QN,133-42 122 STREET,40.6706483,-73.8182101
QN,122 STREET,40.671754,-73.8178935
QN,133 AVENUE,40.6684634,-73.7922114
QN,133 AVENUE,40.6689811,-73.793129
MN,1620 MADISON AVENUE,40.7951838,-73.9486935
QN,140TH STEET,40.6700804,-73.7985977
QN,135-12 126 STREET,40.6681716,-73.8141688
QN,58 AVENUE,40.745719,-73.8279407
QN,142 STREET,40.670412,-73.7982615
QN,137-10 130 AVENUE,40.6711674,-73.8001914
QN,133-13 124 STREET,40.6708595,-73.8146696
QN,HOLLY AVENUE,40.7501891,-73.8200684
QN,KALMIA AVENUE,40.7487759,-73.8202887
QN,137-23 LABURNUM AVENUE,40.7486478,-73.8190981
QN,56-01 MAIN STREET,40.7479746,-73.8257045
QN,127 STREET,40.7847214,-73.8410202
QN,123 STREET,40.7862769,-73.8444579
QN,124 STREET,40.7873681,-73.843549
QN,18-24 129 STREET,40.7824334,-73.8398269
QN,122-35 SUTTER AVENUE,40.6737183,-73.8155521
QN,NEGUNDO AVENUE,40.7500961,-73.8133158
QN,107-30 ROCKAWAY BOULEVARD,40.6779006,-73.8311801
QN,MURIEL COURT,40.6778409,-73.8316526
MN,WEST 163 STREET,40.8369101,-73.939717
QN,24 AVENUE,40.7774091,-73.8133295
QN,145-17 WILLETS POINT BLVD,40.7770572,-73.8234656
QN,157 STREET,40.7769426,-73.8067378
QN,18 AVENUE,40.782104,-73.8091819
QN,98-31 LINDEN BOULEVARD,40.6750183,-73.8366816
QN,24 AVENUE,40.7774011,-73.813474
QN,RYAN COURT,40.7786989,-73.8201069
QN,151-14 21 AVENUE,40.7793717,-73.81171
QN,27 AVENUE,40.7728371,-73.8022692
QN,WILLETS POINT BLVD,40.7794064,-73.8045426
QN,131-50 40 ROAD,40.7564583,-73.8348216
QN,131-01 ROOSEVELT AVENUE,40.758136,-73.8371961
QN,39-02 JANET PLACE,40.7585431,-73.8358776
QN,39-08 JANET PLACE,40.7582165,-73.835929
QN,JANET PLACE,40.7587176,-73.8350867
QN,160 STREET,40.7771985,-73.8038703
QN,135-41 38 AVENUE,40.7607542,-73.831295
QN,133-04 39 AVENUE,40.7588342,-73.834119
QN,131-01 39 AVENUE,40.7589858,-73.8364288
QN,71 AVENUE,40.7302773,-73.8025002
QN,131-22 40 ROAD,40.7559545,-73.8356999
QN,40-10 MAIN STREET,40.7591748,-73.8304652
QN,154 STREET,40.7744366,-73.810009
QN,OAK AVENUE,40.7501508,-73.8098978
MN,31 BIALYSTOKER PLACE,40.7163456,-73.9828435
QN,161 STREET,40.7715412,-73.8036847
QN,135 BEACH 141 STREET,40.570084,-73.8567243
QN,149 STREET,40.7817565,-73.8166105
QN,149-39 20 AVENUE,40.7816036,-73.8154085
QN,15-17 125 STREET,40.7841612,-73.8428054
QN,126 STREET,40.7845661,-73.84188
QN,13 AVENUE,40.7884526,-73.8193727
QN,146-30 14 AVENUE,40.7872806,-73.8194084
QN,22 AVENUE,40.7793271,-73.8164222
QN,144-28 14 AVENUE,40.7865425,-73.823101
QN,18-39 122 STREET,40.7821449,-73.8456303
QN,147 STREET,40.7834291,-73.8190216
QN,18-15 COLLEGE POINT BLVD,40.7826965,-73.8456001
QN,28-02 212 STREET,40.7761844,-73.7774618
QN,18 AVENUE,40.7833976,-73.8199245
QN,18-35 122 STREET,40.7820763,-73.8456341
QN,211 STREET,40.7755564,-73.7777852
QN,21 AVENUE,40.7804006,-73.8183149
QN,121 STREET,40.7827609,-73.8465352
QN,127 STREET,40.7827488,-73.8416171
QN,149-57 17 ROAD,40.7836771,-73.8144097
QN,214 STREET,40.774511,-73.7737052
QN,214 PLACE,40.7751005,-73.773418
QN,20-16 127 STREET,40.7811268,-73.8417076
QN,124-08 15 AVENUE,40.784412,-73.8435559
QN,130-04 CRONSTON AVENUE,40.5795495,-73.8512753
QN,15 AVENUE,40.7868237,-73.818561
QN,148-11 15TH AVENUE,40.7872327,-73.8168807
QN,148-07 15TH AVENUE,40.7872,-73.8170072
QN,139 BEACH 141 STREET,40.5701884,-73.8567781
QN,WILLETS POINT BLVD,40.7765157,-73.8229363
QN,1-36 BEACH 138 STREET,40.5712168,-73.8538459
BX,410 EAST 139 STREET,40.8094414,-73.9220484
QN,1-30 BEACH 137 STREET,40.5715424,-73.8530461
QN,BEACH 134 STREET,40.5723249,-73.851133
QN,28-43 214 STREET,40.7761861,-73.7741039
QN,32-41 214 STREET,40.7727974,-73.7732634
QN,210 STREET,40.772486,-73.7782973
QN,214 PLACE,40.7717599,-73.7718914
QN,150 STREET,40.7756803,-73.8152769
QN,25 AVENUE,40.775329,-73.8153248
QN,33 ROAD,40.7702303,-73.7770809
QN,35 AVENUE,40.7687815,-73.7759016
QN,33 ROAD,40.7685909,-73.779563
QN,146-43 BAYSIDE AVENUE,40.7713189,-73.8204878
QN,208 STREET,40.7696393,-73.7809495
QN,209-12 33 ROAD,40.7695931,-73.7797546
QN,24 AVENUE,40.7773854,-73.8156513
QN,214 PLACE,40.7708764,-73.7720605
QN,35 AVENUE,40.7701243,-73.7720269
QN,35 AVENUE,40.7700373,-73.7724424
QN,34-39 213 STREET,40.7692346,-73.7745932
QN,33 ROAD,40.7709322,-73.7725079
QN,214 PLACE,40.7708082,-73.7722304
QN,214 PLACE,40.7706187,-73.7721805
QN,214 PLACE,40.7704264,-73.7721306
QN,35 AVENUE,40.7700808,-73.7722329
QN,35 AVENUE,40.7699884,-73.7726809
QN,34 ROAD,40.7704242,-73.7723797
QN,34 ROAD,40.7703834,-73.772582
QN,33 ROAD,40.770631,-73.772852
QN,33 ROAD,40.7706717,-73.772646
QN,33 ROAD,40.7707125,-73.7724473
QN,34 ROAD,40.7703426,-73.772788
QN,BEACH 141 STREET,40.57079,-73.8571259
QN,148 STREET,40.7681413,-73.8175361
QN,148 STREET,40.768306,-73.8175356
QN,518 BEACH 131 STREET,40.5797424,-73.8518688
QN,149 STREET,40.7699365,-73.8175853
QN,BAYSIDE AVENUE,40.7708015,-73.8195975
QN,146-29 35 AVENUE,40.7666051,-73.8198038
QN,146-27 35 AVENUE,40.7665915,-73.8199085
QN,32-11 PARSONS BOULEVARD,40.7689474,-73.8240358
QN,18-30 130 STREET,40.7823416,-73.8389352
QN,128-20 129 STREET,40.7852931,-73.8395816
QN,34-15 FRANCIS LEWIS BLVD,40.7658007,-73.7889836
QN,171 STREET,40.7692582,-73.7945685
QN,146 STREET,40.7700314,-73.8221051
BX,4028 WILDER AVENUE,40.8913094,-73.8408738
QN,204 STREET,40.7641999,-73.7827254
QN,51-63 CODWISE PLACE,40.7357942,-73.8827273
QN,201 STREET,40.7632702,-73.7846236
QN,36 AVENUE,40.764703,-73.7831714
QN,32 AVENUE,40.7689401,-73.7947355
QN,164 STREET,40.7713361,-73.8008837
QN,29 AVENUE,40.7712444,-73.8002558
QN,NORTHERN BOULEVARD,40.7625496,-73.8086459
QN,171 STREET,40.768284,-73.7947014
QN,32 AVENUE,40.7689233,-73.7945442
QN,157-04 35 AVE,40.7655614,-73.8075218
QN,35-19 157 STREET,40.765194,-73.8077539
QN,157 STREET,40.7649314,-73.8082961
QN,158-06 NORTHERN BOULEVARD,40.7630713,-73.8071138
QN,35-05 163 STREET,40.7650802,-73.8021118
BX,795 EAST 161 STREET,40.821125,-73.9031133
QN,164 STREET,40.7685143,-73.8007586
QN,163 STREET,40.7559341,-73.8033626
QN,156 STREET,40.7667899,-73.8084785
QN,160 STREET,40.7673736,-73.8046248
QN,32 AVENUE,40.769638,-73.809575
QN,59-15 56 STREET,40.7172054,-73.9120881
QN,167 STREET,40.7609503,-73.7994781
QN,46 AVENUE,40.7538016,-73.8083642
QN,22-09 41 AVENUE,40.7530128,-73.9412402
QN,33 AVENUE,40.7687241,-73.8096137
QN,153 STREET,40.7692946,-73.8110598
QN,POPLAR AVENUE,40.7493847,-73.8113184
QN,42-34 160 STREET,40.7595803,-73.8056909
QN,32 AVENUE,40.7698904,-73.8128055
QN,POPLAR AVENUE,40.7486812,-73.8124861
QN,PARSONS BOULEVARD,40.7495239,-73.8108596
QN,157-05 ROSE AVENUE,40.7490828,-73.8097168
QN,UNION STREET,40.7517132,-73.8187757
QN,34 AVENUE,40.7675856,-73.8149852
QN,SMART STREET,40.751944,-73.8154582
QN,45-32 BOWNE STREET,40.7529798,-73.8178122
QN,45-34 BOWNE STREET,40.7529275,-73.8177546
QN,45-36 BOWNE STREET,40.7527955,-73.817607
QN,39-18 150 PLACE,40.7645595,-73.8141381
QN,UNION STREET,40.7505006,-73.8174256
QN,32 AVENUE,40.769972,-73.8140363
QN,148 STREET,40.7679903,-73.8175329
QN,WOODWARD AVENUE,40.7040026,-73.904582
QN,HOLLY AVENUE,40.7517871,-73.8168843
QN,69 AVENUE,40.7327804,-73.8024386
QN,167 STREET,40.732624,-73.8024643
QN,69 AVENUE,40.7332048,-73.8018167
QN,65 AVENUE,40.7362916,-73.7980656
QN,159 STREET,40.7543543,-73.8073484
QN,160 STREET,40.7543263,-73.8069875
QN,65 AVENUE,40.7363778,-73.8002593
QN,167 STREET,40.732399,-73.8024867
QN,157 STREET,40.7585367,-73.8086177
QN,157 STREET,40.758567,-73.8086718
QN,161 STREET,40.7509484,-73.8059218
BX,1952 TOMLINSON AVENUE,40.8533794,-73.8546103
BX,1942 PAULDING AVENUE,40.8515716,-73.8575675
QN,160-14 46 AVENUE,40.7536277,-73.8061378
QN,162 STREET,40.7520307,-73.8047853
QN,165 STREET,40.7224255,-73.8030213
QN,73 AVENUE,40.7280769,-73.8046029
QN,BELL BOULEVARD,40.7470501,-73.7616217
QN,77 AVENUE,40.7246859,-73.8039021
QN,46 AVENUE,40.7537399,-73.8075667
QN,164-33 76 ROAD,40.7254565,-73.8035066
QN,167 STREET,40.730285,-73.8021826
QN,60-06 170 STREET,40.7388191,-73.799339
QN,205 STREET,40.7494696,-73.7732164
QN,206 STREET,40.7454053,-73.770787
QN,58-40 210 STREET,40.7468233,-73.767498
QN,192 STREET,40.7550218,-73.7888445
QN,HOLLIS COURT BLVD,40.7497964,-73.7861758
BX,960 NEILL AVENUE,40.8512182,-73.860413
QN,167 STREET,40.7377726,-73.8021207
QN,192 STREET,40.7547473,-73.7888165
QN,109 AVENUE,40.6761995,-73.8515428
QN,31 AVENUE,40.7779592,-73.7540153
QN,33 AVENUE,40.7762986,-73.7501942
QN,35 AVENUE,40.7758011,-73.7473148
QN,247-29 39TH AVENUE,40.7735118,-73.7435433
QN,247-25 39TH AVENUE,40.7734655,-73.7437024
QN,WEST DRIVE,40.780046,-73.7518158
QN,234 STREET,40.7704726,-73.7519381
QN,32 AVENUE,40.777768,-73.7480728
QN,152-26 136 AVENUE,40.6683985,-73.7823742
QN,VAN NOSTRAND PLACE,40.7718757,-73.7534637
QN,FOREST ROAD,40.773265,-73.7461005
QN,31 AVENUE,40.7784355,-73.748323
BX,4056 WILDER AVENUE,40.8922953,-73.8412512
QN,35 AVENUE,40.7759284,-73.7465453
QN,MARINETTE STREET,40.780423,-73.7484527
QN,MARINETTE STREET,40.7799065,-73.7482453
QN,30-01 MARINETTE STREET,40.7789856,-73.7476205
QN,DOUGLAS ROAD,40.7774335,-73.7457777
QN,PARK LANE,40.7740092,-73.7513148
QN,OCEANIA STREET,40.7551806,-73.7727567
QN,37 AVENUE,40.7747157,-73.746799
QN,33 AVENUE,40.7774207,-73.7461749
QN,233-30 41 AVENUE,40.7671671,-73.751593
QN,38 DRIVE,40.7710934,-73.7509285
QN,36 AVENUE,40.7750488,-73.7472454
QN,38 AVENUE,40.772949,-73.7484304
QN,36 AVENUE,40.774505,-73.748327
QN,37 AVENUE,40.7742168,-73.748339
QN,39 AVENUE,40.7706001,-73.7474573
BX,4015 MURDOCK AVENUE,40.8911853,-73.8404582
QN,218 STREET,40.7681789,-73.7654956
BX,2030 BOSTON ROAD,40.8412123,-73.8785262
QN,37-08 222 STREET,40.7686703,-73.7628693
BX,956 EAST 179 STREET,40.842247,-73.8811554
BX,963 EAST 179 STREET,40.8428316,-73.8810676
BX,4077 HILL AVENUE,40.8930322,-73.8401933
MN,521 EAST 118 STREET,40.7960775,-73.9309451
MN,EAST 118 STREET,40.7962754,-73.9314108
BX,4028 MURDOCK AVENUE,40.8917035,-73.8400555
BX,3950 BAYCHESTER AVENUE,40.8900872,-73.8422547
QN,47 ROAD,40.7538605,-73.7756126
QN,206-15 45TH DRIVE,40.7572835,-73.7757851
QN,206-17 45TH DRIVE,40.7573053,-73.7757056
QN,68-15 MAIN STREET,40.7329481,-73.8246108
BX,4045 MURDOCK AVENUE,40.8919762,-73.8407637
BX,3948 BAYCHESTER AVENUE,40.8899828,-73.8422116
QN,211-02 NORTHERN BOULEVARD,40.7595037,-73.7714244
BX,2085 STRANG AVENUE,40.8910769,-73.8394783
BX,4021 HILL AVENUE,40.8916454,-73.839665
BX,4086 SETON AVENUE,40.8936658,-73.8379457
BX,4087 AMUNDSON AVENUE,40.8937422,-73.8375983
BX,2127 STRANG AVENUE,40.8913716,-73.8381791
BX,4039 WICKHAM AVENUE,40.8912231,-73.8480824
QN,45 ROAD,40.7589722,-73.7705527
BX,4053 GRACE AVENUE,40.8910792,-73.8451675
BX,4048 GRACE AVENUE,40.8910922,-73.8445924
BX,4025 GUNTHER AVENUE,40.8912903,-73.8490841
BX,3944 BAYCHESTER AVENUE,40.8898565,-73.8421649
BX,4055 AMUNDSON AVENUE,40.8929046,-73.8372784
BX,1804 EDENWALD AVENUE,40.8917824,-73.8476362
BX,4065 BRUNER AVENUE,40.8916777,-73.8473109
QN,45 ROAD,40.7547578,-73.7900581
BX,1959 STRANG AVENUE,40.8902996,-73.8430355
BX,4055 MURDOCK AVENUE,40.8922728,-73.8408751
BX,3946 BAYCHESTER AVENUE,40.8899169,-73.84219
QN,46-13 206 STREET,40.7558613,-73.7755517
BX,EAST 233 STREET,40.8890373,-73.8372734
BX,4042 SETON AVENUE,40.8925674,-73.8375541
MN,236 EAST 9 STREET,40.7293125,-73.9879816
MN,123 2 AVENUE,40.7283354,-73.9882632
QN,32-49 37 STREET,40.7583834,-73.9213501
MN,112 2ND AVENUE,40.7276711,-73.9879855
QN,190 STREET,40.7518917,-73.7897603
MN,2316 1 AVENUE,40.7977343,-73.9338075
MN,427 EAST 115 STREET,40.7950093,-73.9347673
QN,192 STREET,40.754842,-73.7895814
MN,523 EAST 118 STREET,40.7960528,-73.9308801
MN,516 EAST 119 STREET,40.7964124,-73.9309737
MN,442 EAST 117 STREET,40.7958485,-73.9335349
MN,408 EAST 116 STREET,40.7953993,-73.935157
QN,222 STREET,40.7657106,-73.7611073
QN,222 STREET,40.7658973,-73.7611571
QN,38 AVENUE,40.7676906,-73.7642627
QN,217 STREET,40.7682909,-73.7665819
QN,38 AVENUE,40.7680652,-73.7649039
QN,35-53 223 STREET,40.7696451,-73.7617466
QN,115-09 MERRICK BOULEVARD,40.6897132,-73.7773826
QN,FRANCIS LEWIS BLVD,40.7613518,-73.784702
QN,37 STREET,40.7593741,-73.9212226
BK,1362 52 STREET,40.6322412,-73.9925026
BK,1314 53 STREET,40.6323484,-73.9941851
BK,5423 15 AVENUE,40.6289776,-73.9908313
QN,32-82 37 STREET,40.7578544,-73.9224589
BK,14 AVENUE,40.6319064,-73.9921856
BK,1457 53 STREET,40.6307672,-73.990651
BK,1453 55 STREET,40.6297133,-73.9919229
BK,1445 55 STREET,40.6297984,-73.9920633
BK,1434 52 STREET,40.6313216,-73.9909751
BK,1530 53 STREET,40.6295209,-73.9894443
QN,45 AVENUE,40.7403221,-73.8930761
QN,84-18 GRAND AVENUE,40.7338896,-73.8830482
QN,32 AVENUE,40.7775594,-73.7493373
MN,11 ESSEX STREET,40.7150839,-73.9903109
QN,215 PLACE,40.7623738,-73.7668986
QN,109-02 139 STREET,40.6872547,-73.8066733
QN,45-41 215TH STREET,40.7592915,-73.7668913
QN,127 STREET,40.7740743,-73.8427967
BX,4057 WILDER AVENUE,40.8921725,-73.8417868
BX,4084 GRACE AVENUE,40.8920506,-73.8449591
MN,89 1 AVENUE,40.7262025,-73.9867339
QN,63-34 38 DRIVE,40.7718585,-73.7455715
QN,38 DRIVE,40.7718693,-73.7454812
QN,26 AVENUE,40.7740714,-73.8426884
QN,41-10 70 STREET,40.7441421,-73.8953111
QN,41-33 67 STREET,40.7435593,-73.8973366
MN,39 LUDLOW STREET,40.7162779,-73.9905704
QN,87 DRIVE,40.7278414,-73.7120194
QN,87 DRIVE,40.7277885,-73.7117238
QN,114-16 176TH STREET,40.6933542,-73.7739086
QN,68 STREET,40.7482722,-73.8974881
BX,3551 WEBSTER AVENUE,40.8803109,-73.8712223
BX,DECATUR AVENUE,40.880325,-73.8716056
QN,179 PLACE,40.6984546,-73.7728274
QN,67-01 ROOSEVELT AVENUE,40.7464364,-73.8980034
QN,67-11 ROOSEVELT AVENUE,40.7464608,-73.8976425
QN,ASTORIA BOULEVARD,40.7699133,-73.9127441
QN,171-15 111 AVENUE,40.6948887,-73.7810941
QN,8623A 111 STREET,40.6981826,-73.8374904
BX,861 EAST 224 STREET,40.8857354,-73.8557981
QN,110-48 172 STREET,40.6951875,-73.7808623
QN,103-09 91 STREET,40.6810312,-73.8480276
QN,72-11 ROOSEVELT AVENUE,40.7469837,-73.8931954
QN,89-12A ROCKAWAY BOULEVARD,40.6819317,-73.8503439
QN,82 STREET,40.7054497,-73.8665972
QN,43 AVENUE,40.7422476,-73.8887786
BX,1400 STORY AVENUE,40.8197217,-73.8816689
MN,109 WEST HOUSTON STREET,40.7273643,-74.0012736
QN,COOPER AVENUE,40.7081679,-73.8721644
QN,89-19 LIBERTY AVENUE,40.6802148,-73.849212
QN,89-40 METROPOLITAN AVENUE,40.7116927,-73.8608025
QN,PLEASANTVIEW STREET,40.7155152,-73.8821173
QN,JUNIPER VALLEY ROAD,40.7146859,-73.881722
QN,75 STREET,40.7162956,-73.8802906
QN,89-30 METROPOLITAN AVENUE,40.7119494,-73.861996
QN,MURRAY STREET,40.7834252,-73.8114314
QN,18 AVENUE,40.7821414,-73.8052495
QN,157 STREET,40.7819554,-73.8056581
QN,15-56 CLINTONVILLE STREET,40.7852973,-73.8098625
QN,150 PLACE,40.7849717,-73.8104773
QN,15-49 153 PLACE,40.785636,-73.808872
QN,15-45 153 PLACE,40.7857348,-73.8088898
QN,78 AVENUE,40.7065582,-73.8593381
QN,15-64 CLINTONVILLE STREET,40.7851245,-73.8099243
QN,16-38 CLINTONVILLE STREET,40.7840557,-73.8092738
QN,CLINTONVILLE STREET,40.78394,-73.8090286
QN,17 AVENUE,40.7839076,-73.8093537
QN,15-65 CLINTONVILLE STREET,40.7855182,-73.8090024
QN,15-65 CLINTONVILLE STREET,40.7855844,-73.8092008
BX,4421 HILL AVENUE,40.9006061,-73.843163
QN,MURRAY STREET,40.7867566,-73.8126714
QN,106-63 95 STREET,40.6786888,-73.8431153
QN,78 AVENUE,40.7067881,-73.8587785
QN,WILLIAMSON AVENUE,40.6848251,-73.7533204
QN,FRANCIS LEWIS BLVD,40.7822943,-73.8031908
MN,1484 1ST AVENUE,40.7711528,-73.9531635
BX,2768 WEBSTER AVENUE,40.8657322,-73.8852965
BX,2704 DEWITT PLACE,40.8666713,-73.8477227
BX,587 EAST 191 STREET,40.8593198,-73.8845593
BX,401 EAST FORDHAM ROAD,40.8613592,-73.8902388
BX,749 EAST 183 STREET,40.8517053,-73.8838676
QN,63 STREET,40.7420214,-73.9026726
QN,83 AVENUE,40.7031282,-73.8556557
QN,40-31 61 STREET,40.7438114,-73.9032294
QN,40-25 61 STREET,40.7439816,-73.9031822
QN,WOODHAVEN BOULEVARD,40.7019043,-73.8558784
QN,83 AVENUE,40.7031898,-73.856651
QN,INTERBOROUGH PARKWAY,40.7036401,-73.8546087
QN,INTERBOROUGH PARKWAY,40.7036537,-73.8545221
QN,88 LANE,40.70133,-73.8575999
QN,UNION TURNPIKE,40.7060189,-73.8560174
QN,88 LANE,40.7012587,-73.8576145
BX,69 EAST 235 STREET,40.8970703,-73.8739931
MN,28 BRADHURST AVENUE,40.8222169,-73.9435746
MN,2737 8 AVENUE,40.823539,-73.9418392
QN,94-51 44 AVENUE,40.7447904,-73.8690122
MN,WEST 134 STREET,40.8125343,-73.9396812
MN,480 LENOX AVENUE,40.813405,-73.9408762
QN,136-25 41 AVENUE,40.7589717,-73.8286356
QN,45-20 83RD STREET,40.7407455,-73.8825706
QN,88 ROAD,40.7282268,-73.7146841
QN,70-01 QUEENS BOULEVARD,40.7401993,-73.8938847
QN,83-12 BROADWAY,40.7406577,-73.8798607
QN,247-54 87 DRIVE,40.7288822,-73.7178022
QN,247-44 87 DRIVE,40.7289462,-73.7181591
QN,247-46 87 DRIVE,40.7289296,-73.7180726
MN,215A EAST 80 STREET,40.7751063,-73.9560744
QN,90 AVENUE,40.726226,-73.7192133
QN,155-15 BAYVIEW AVENUE,40.6383663,-73.7443078
QN,19 MEYER AVENUE,40.6358473,-73.7409774
QN,18 MEYER AVENUE,40.6360782,-73.7411098
QN,20 ROAD,40.7798156,-73.8014975
QN,87 DRIVE,40.7289908,-73.7184223
QN,BAYVIEW AVENUE,40.637,-73.7458407
QN,155-33 BROAD STREET,40.6377199,-73.746173
QN,ROCKAWAY BOULEVARD,40.6384688,-73.7434895
QN,17 MEYER AVENUE,40.6358588,-73.741208
QN,251-04 87 DRIVE,40.7283174,-73.7146873
QN,253-29 87 DRIVE,40.7278692,-73.7121564
QN,87 DRIVE,40.7277746,-73.7116445
QN,24-54 87 DRIVE,40.7277439,-73.7114714
QN,144-75 BARCLAY AVENUE,40.7606444,-73.818607
BK,6 AVENUE,40.6322454,-74.0191164
QN,87 DRIVE,40.7289769,-73.7183322
QN,140-52 159 STREET,40.6682746,-73.7764376
QN,22-37 COLLEGE POINT BLVD,40.7790326,-73.8458036
QN,158 STREET,40.674138,-73.7809964
QN,87 DRIVE,40.7283702,-73.7149721
QN,250-24 87 DRIVE,40.7283424,-73.7148279
QN,247-36 87 DRIVE,40.7290075,-73.7185089
QN,CLINTONVILLE STREET,40.7777646,-73.8026735
MN,126 REAR UNIVERSITY PLACE,40.7350302,-73.9925199
QN,23 AVENUE,40.7767302,-73.7919385
QN,25 AVENUE,40.7737797,-73.7950528
QN,137 AVENUE,40.6710508,-73.775646
QN,28-34 29 AVENUE,40.7722244,-73.8490218
QN,118-09A 29 AVENUE,40.7722991,-73.8494765
QN,118-09 29 AVENUE,40.7721812,-73.849567
QN,158 STREET,40.6740913,-73.7809605
QN,CROSS ISLAND PARKWAY,40.7854382,-73.7975194
QN,22-33 COLLEGE POINT BLVD,40.7791671,-73.8457997
QN,152-28 136 AVENUE,40.668445,-73.7822839
QN,152-22 136 AVENUE,40.6683493,-73.7824645
QN,21 ROAD,40.7781792,-73.8027408
QN,27-24 COLLEGE POINT BLVD,40.7732582,-73.8462394
QN,25-30 124 STREET,40.7757868,-73.8447207
QN,124 STREET,40.7777327,-73.8446042
QN,120-05 GRAHAM COURT,40.775426,-73.8478916
QN,120-05G GRAHAM COURT,40.7754231,-73.8477472
QN,23-47 122 STREET,40.7772157,-73.8459053
QN,41-98 VERNON BOULEVARD,40.7545182,-73.949786
QN,42-02 VERNON BOULEVARD,40.7544526,-73.9504502
QN,44-02 VERNON BOULEVARD,40.7512398,-73.9534302
QN,44-02 VERNON BOULEVARD,40.7505646,-73.9535461
MN,287 CONVENT AVENUE,40.8223094,-73.947585
QN,83 STREET,40.6753152,-73.8533149
BX,723 EAST 141 STREET,40.8069936,-73.9112904
BX,370 POWERS AVENUE,40.8085499,-73.9113389
BX,BEEKMAN AVENUE,40.8092133,-73.9138992
QN,70 AVENUE,40.7241616,-73.8412693
MN,ST NICHOLAS AVENUE,40.8224624,-73.9462047
QN,87 STREET,40.6746736,-73.8496283
QN,31-08 43 STREET,40.7600917,-73.915226
QN,53-59 63RD STREET,40.7298998,-73.90181
QN,85 STREET,40.675195,-73.8516316
QN,ALBERT ROAD,40.6721817,-73.8478207
QN,41-14 31 AVENUE,40.7604985,-73.9159475
QN,31-06 43 STREET,40.7601329,-73.9151719
QN,149 STREET,40.7648922,-73.8179493
QN,41 STREET,40.7572811,-73.9189475
BK,7901 7 AVENUE,40.6233496,-74.0189049
QN,40-24 149 STREET,40.7623075,-73.8167362
BK,63 STREET,40.6268205,-73.9993191
QN,147-09 41 AVENUE,40.7618864,-73.8177662
QN,NORTHERN BOULEVARD,40.7537024,-73.9196629
BK,EAST 66 STREET,40.6203439,-73.9144093
QN,32-08 COLLEGE POINT BLVD,40.7665106,-73.8394247
QN,51-09 2 STREET,40.7426122,-73.9584957
MN,512 WEST 23 STREET,40.7475711,-74.0049877
QN,130 STREET,40.7784002,-73.838988
QN,COLLEGE POINT BLVD,40.7680775,-73.8411646
QN,31 ROAD,40.7685475,-73.8456726
MN,842 SEVENTH AVENUE,40.7638845,-73.9816328
QN,23 AVENUE,40.7791245,-73.8368343
QN,104-25 90 AVENUE,40.6934067,-73.8414327
MN,310 WEST 121 STREET,40.8077898,-73.9540625
MN,525 WEST 173 STREET,40.8435391,-73.9354606
MN,WEST 123 STREET,40.8091807,-73.9524793
MN,4023 BROADWAY,40.8421882,-73.9396688
BX,NELSON AVENUE,40.8482423,-73.9165053
MN,WEST 126 STREET,40.8110304,-73.9516905
BX,502 EAST 183 STREET,40.8546094,-73.8925635
BX,2307 BATHGATE AVENUE,40.8551136,-73.8916625
BX,4312 VAN CORTLANDT PARK E,40.8984377,-73.8745259
BX,452 EAST 183 STREET,40.8554096,-73.8941238
BX,EAST 183 STREET,40.8553766,-73.8940443
BX,1827 WATERLOO PLACE,40.8404888,-73.8877615
BX,VAN CORTLANDT PARK E,40.9006695,-73.8699529
BX,4545 3 AVENUE,40.8546545,-73.8908391
MN,WEST 118 STREET,40.8028518,-73.9470044
QN,150 AVENUE,40.6651587,-73.8130021
QN,126 AVENUE,40.6811628,-73.7715631
BX,457 EAST 185 STREET,40.8569097,-73.8927875
MN,66 WEST 119 STREET,40.8033405,-73.9474085
BX,455 EAST 185 STREET,40.8569317,-73.8928381
MN,43 BROAD STREET,40.7055402,-74.0109717
BX,621 EAST 141 STREET,40.8079451,-73.9138033
BX,3831 PUTNAM AVENUE WEST,40.8852924,-73.8986294
QN,125 AVENUE,40.681662,-73.7700146
MN,78 PEARL STREET,40.7037562,-74.0102609
MN,EAST 79 STREET,40.7765499,-73.9634138
BX,3820 IRWIN AVENUE,40.8867998,-73.9024643
BX,4572 MANHATTAN COLLEGE PY,40.8892102,-73.8999761
BX,310 WEST 240 STREET,40.8868817,-73.9020302
BX,3815 TIBBETT AVENUE,40.886687,-73.902157
MN,971 5 AVENUE,40.7764814,-73.9637171
MN,180 EAST 117 STREET,40.7987204,-73.9402319
QN,VIRGINIA STREET,40.6063329,-73.7423957
MN,183 EAST 117 STREET,40.7990167,-73.9399427
MN,314 EAST 118 STREET,40.7973452,-73.9349492
MN,312 EAST 118 STREET,40.7973671,-73.9349997
QN,25-02 9TH STREET,40.7762026,-73.9304602
QN,26 AVENUE,40.7776618,-73.9334411
MN,207 EAST 116 STREET,40.7979486,-73.9392827
MN,2269 2 AVENUE,40.7974648,-73.937824
MN,238 EAST 118 STREET,40.7983621,-73.9375451
MN,205 EAST 116 STREET,40.7979843,-73.9393694
BK,OCEAN AVENUE,40.6559829,-73.9615229
MN,EAST 118 STREET,40.7979327,-73.9353423
MN,228 EAST 118 STREET,40.798527,-73.937935
MN,247 EAST 117 STREET,40.7980136,-73.9375851
QN,3-15 26 AVENUE,40.7772688,-73.9325172
QN,49 STREET,40.7663044,-73.902962
QN,119-05 LINDEN BOULEVARD,40.6790862,-73.8202278
QN,119-03 LINDEN BOULEVARD,40.6790371,-73.8203973
BX,1817 TRAFALGAR PLACE,40.8399999,-73.887437
MN,538 WEST 147 STREET,40.827168,-73.9487772
BX,1828 WATERLOO PLACE,40.8403402,-73.8873931
QN,59-96 57 STREET,40.7182401,-73.9120614
BX,770 EAST 175 STREET,40.841247,-73.8913454
BX,852 EAST 176 STREET,40.8409915,-73.8882196
BX,805 CROTONA PARK NORTH,40.8403845,-73.8905734
BX,768 EAST 175 STREET,40.8412883,-73.8914176
QN,56-20 GRAND AVENUE,40.7190036,-73.9126232
BX,861 TINTON AVENUE,40.820835,-73.9041796
BX,765 WESTCHESTER AVENUE,40.8185105,-73.9045587
QN,59-07 59 STREET,40.7188627,-73.9079697
BX,775 WESTCHESTER AVENUE,40.8186557,-73.904208
MN,210 WEST 145 STREET,40.8217018,-73.9399981
MN,WEST 145 STREET,40.8220124,-73.9407241
MN,126 WEST 143 STREET,40.8195466,-73.9387283
MN,502 MANHATTAN AVENUE,40.8079107,-73.9543694
QN,FLUSHING AVENUE,40.7190375,-73.9069233
BX,3488 PARK AVENUE,40.8309278,-73.9080966
BX,3492 PARK AVENUE,40.8310101,-73.9080495
BX,1217 WASHINGTON AVENUE,40.831314,-73.9071963
BX,1207 WASHINGTON AVENUE,40.8311331,-73.9073953
BX,412 EAST 168 STREET,40.8318947,-73.9091035
BX,1169 WASHINGTON AVENUE,40.8303045,-73.9078373
QN,42-50 24 STREET,40.7497667,-73.9430621
QN,56 STREET,40.7150517,-73.9097714
QN,21-47 44 DRIVE,40.7480167,-73.9454708
QN,56 STREET,40.7144745,-73.9087658
MN,335 WEST 39 STREET,40.7562361,-73.9927485
BX,1720 WEBSTER AVENUE,40.8436452,-73.9027914
BX,EAST 174 STREET,40.8431575,-73.9006489
BX,3101 VILLA AVENUE,40.8745837,-73.8879317
BX,3099 VILLA AVENUE,40.874559,-73.8880077
BX,3097 VILLA AVENUE,40.8745262,-73.8880873
BX,3095 VILLA AVENUE,40.8744906,-73.8881597
BX,3093 VILLA AVENUE,40.8744467,-73.8882357
MN,308 WEST 40 STREET,40.7560741,-73.9916188
QN,97-51 BRISTOL AVENUE,40.6710869,-73.8361
QN,HAWTREE STREET,40.670268,-73.8353883
BX,217 BEDFORD PARK BLVD,40.8718435,-73.8869529
BX,213 EAST 202 STREET,40.8733689,-73.8862343
BX,3059 VALENTINE AVENUE,40.8740978,-73.885029
QN,44-79 23 STREET,40.7469707,-73.9449737
QN,24-11 JACKSON AVENUE,40.7464327,-73.9450318
QN,,40.6720432,-73.8407913
QN,JACKSON AVENUE,40.7445431,-73.9482958
MN,608 WEST 48 STREET,40.7647203,-73.9963539
QN,138-39 CENTREVILLE STREET,40.6717669,-73.8375476
QN,ARTHUR STREET,40.6691536,-73.8354163
QN,TRAFFIC AVENUE,40.7100144,-73.8960428
BX,PLYMOUTH AVENUE,40.8443984,-73.8321636
BX,HAVILAND AVENUE,40.829678,-73.8584165
QN,69 AVENUE,40.7260491,-73.8426502
QN,ALBERT ROAD,40.6702445,-73.8421655
BX,HOLLERS AVENUE,40.8840304,-73.8292788
QN,150-24 CENTREVILLE STREET,40.6692523,-73.8391903
QN,97-49 BRISTOL AVENUE,40.6711063,-73.8361829
QN,82 AVENUE,40.714235,-73.8215109
QN,RALEIGH STREET,40.6684096,-73.8371808
QN,95-35 150 ROAD,40.6690987,-73.8392447
QN,126 AVENUE,40.6815656,-73.7671162
BK,1054 38 STREET,40.6440382,-73.9908797
QN,87-31 87 ROAD,40.709199,-73.8001532
QN,69 STREET,40.7256995,-73.8947123
BK,966 39TH STREET,40.6447356,-73.9936002
QN,267 STREET,40.737701,-73.7014003
MN,WEST 72 STREET,40.779717,-73.9881458
BK,BENSON AVENUE,40.609816,-74.010938
BK,1349 74 STREET,40.6202933,-74.005324
QN,97-27 124 STREET,40.6916926,-73.821766
BK,WARREN STREET,40.6866868,-73.9943029
QN,39 PLACE,40.7428094,-73.925118
QN,COMMONWEALTH BLVD,40.7338286,-73.721321
QN,BEACH 128 STREET,40.5747143,-73.8459405
BK,1914 WEST 7 STREET,40.6006169,-73.9795206
BK,BUTLER STREET,40.683541,-73.9901135
BX,GRISWOLD AVENUE,40.844431,-73.8227736
QN,BOOTH STREET,40.7267077,-73.8572643
BX,GRAND CONCOURSE,40.8465154,-73.9086534
QN,44 STREET,40.7386651,-73.9213554
BX,1858 MAYFLOWER AVENUE,40.8490613,-73.8337747
BK,7614 4 AVENUE,40.6298369,-74.0258743
BK,147 DWIGHT STREET,40.6744942,-74.0105412
BK,315 90 STREET,40.6209094,-74.0314938
BK,113 WOLCOTT STREET,40.6775104,-74.0136242
BK,VAN BRUNT STREET,40.676492,-74.0142909
QN,99 AVENUE,40.7114838,-73.7592023
QN,58-15 38 AVENUE,40.7483028,-73.9044463
BK,246 DEAN STREET,40.6847206,-73.9838973
BX,EDISON AVENUE,40.847841,-73.8326464
BK,RIDGE BOULEVARD,40.6302444,-74.0315739
BK,74 80 STREET,40.6293673,-74.0367829
BK,VAN DYKE STREET,40.6759977,-74.0156283
BK,76 STREET,40.6319653,-74.0320647
BK,74 COFFEY STREET,40.6754958,-74.0126864
QN,69 LANE,40.7256761,-73.8931537
BK,VAN BRUNT STREET,40.6759924,-74.0148244
BK,VAN BRUNT STREET,40.6759402,-74.0148857
BK,90 DIKEMAN STREET,40.6765086,-74.0127047
BK,46 DIKEMAN STREET,40.6755426,-74.0112877
BK,72 COFFEY STREET,40.6754574,-74.0126288
BK,23 WOLCOTT STREET,40.6755838,-74.0107902
BK,81 COFFEY STREET,40.6753777,-74.0133101
BK,399 VAN BRUNT STREET,40.6757564,-74.0143989
BK,KING STREET,40.6776397,-74.01021
BK,211 RICHARDS STREET,40.6748151,-74.0128125
BK,393 VAN BRUNT STREET,40.6758744,-74.014262
BK,44 VAN DYKE STREET,40.6741098,-74.0119976
BK,143 DWIGHT STREET,40.6745463,-74.01048
BK,VAN DYKE STREET,40.6745242,-74.0126069
BK,173 DWIGHT STREET,40.6737338,-74.0113739
BK,63 FERRIS STREET,40.6784598,-74.0152395
BK,242 COFFEY STREET,40.6793981,-74.0186324
BK,300 COFFEY STREET,40.6790933,-74.0190758
BK,160 WOLCOTT STREET,40.6788442,-74.0147313
BK,401 VAN BRUNT STREET,40.6757152,-74.0144494
BK,403 VAN BRUNT STREET,40.6756713,-74.0144999
BK,63 DIKEMAN STREET,40.6757099,-74.0123296
BK,178 RICHARDS STREET,40.6762809,-74.0117132
BK,105 KING STREET,40.6776012,-74.0109455
BK,73 DIKEMAN STREET,40.6758773,-74.012636
BK,DECATUR STREET,40.6803727,-73.9412285
BK,BAY RIDGE AVENUE,40.6318148,-74.0170339
BK,824 51ST STREET,40.639957,-74.003769
BK,94 KING STREET,40.6776836,-74.0102749
BK,KING STREET,40.6775931,-74.0101415
BK,DIKEMAN STREET,40.677727,-74.0153584
BK,CONOVER STREET,40.6776694,-74.0151204
BK,119 WOLCOTT STREET,40.6776339,-74.0138081
BK,130 DIKEMAN STREET,40.6773895,-74.0140027
BK,123 WOLCOTT STREET,40.6777409,-74.0139631
BK,COFFEY STREET,40.6756686,-74.0140023
BK,WOLCOTT STREET,40.6755454,-74.0107361
BK,COFFEY STREET,40.6756878,-74.0137644
BK,8 VAN BRUNT STREET,40.6760445,-74.0147667
BK,410 VAN BRUNT STREET,40.6762065,-74.0145649
BK,VAN BRUNT STREET,40.6757948,-74.0143557
BK,COFFEY STREET,40.6758113,-74.0139483
BK,REED STREET,40.6752236,-74.0164429
BK,REED STREET,40.6754431,-74.0167638
BK,SULLIVAN STREET,40.6781802,-74.0124815
BK,VAN BRUNT STREET,40.6785316,-74.0121318
BK,332 VAN BRUNT STREET,40.6786991,-74.0116343
BK,334 VAN BRUNT STREET,40.6786497,-74.011692
BK,336 VAN BRUNT STREET,40.6785975,-74.0117569
BK,142 KING STREET,40.678732,-74.0118218
BK,270 51 STREET,40.647323,-74.015964
BK,295 VAN BRUNT STREET,40.6786415,-74.0110538
BK,PIONEER STREET,40.6784274,-74.010751
BK,297 VAN BRUNT STREET,40.6786058,-74.0110971
BK,RICHARDS STREET,40.6752433,-74.0123187
BK,211 54 STREET,40.6468011,-74.0187134
BK,166 COFFEY STREET,40.677565,-74.0156648
BK,153 VAN DYKE STREET,40.6759621,-74.0155779
BK,348 COURT STREET,40.6823748,-73.996225
BK,157 VAN DYKE STREET,40.6760526,-74.0157113
BK,100 FERRIS STREET,40.6792612,-74.0164728
BK,SEDGWICK PLACE,40.6398328,-74.0285806
QN,87 ROAD,40.7290268,-73.7086372
QN,CHURCH ROAD,40.6027015,-73.8185644
BK,73 STREET,40.6346301,-74.0334783
BK,135 96 STREET,40.616497,-74.0368551
BK,NARROWS AVENUE,40.635011,-74.0355718
BK,358 43 STREET,40.6506394,-74.009377
BK,4 AVENUE,40.6424976,-74.0162078
QN,69 PLACE,40.7256717,-73.8942902
BK,BALTIC STREET,40.6841833,-73.9907733
BK,320 37 STREET,40.6545317,-74.0067539
BK,WARREN STREET,40.6833374,-73.9852857
QN,54 STREET,40.7430296,-73.9106213
BK,226 NEVINS STREET,40.6814683,-73.986357
BK,242 NEVINS STREET,40.6809002,-73.9867393
BK,61 STREET,40.6411629,-74.0208089
BK,351 40 STREET,40.6527366,-74.0073952
BK,40 STREET,40.6527722,-74.0074493
BK,3 AVENUE,40.6409021,-74.0209385
BK,367 36 STREET,40.6547157,-74.0047068
BK,1039 42 STREET,40.6425096,-73.9934779
BK,931 44 STREET,40.6427869,-73.9969588
BK,62 STREET,40.640408,-74.0211221
BK,60 STREET,40.6416461,-74.0204127
BK,712 39 STREET,40.6482161,-73.9993081
BK,758A 39 STREET,40.6475656,-73.9982414
BK,835 40 STREET,40.6461795,-73.9965406
BK,55 STREET,40.6445505,-74.0174083
QN,26 AVENUE,40.7765676,-73.7855988
BK,314 49 STREET,40.6478997,-74.0138992
BK,316 49 STREET,40.647875,-74.013856
BK,318 49 STREET,40.6478475,-74.0138127
BK,617 62 STREET,40.6367009,-74.0141815
BK,7 AVENUE,40.6351666,-74.0140371
BK,844 62 STREET,40.6334954,-74.009789
BK,801 65 STREET,40.6326663,-74.012037
BK,5003 5 AVENUE,40.6448122,-74.010223
BK,10 STREET,40.6700916,-73.9904652
BK,128 9 STREET,40.672381,-73.9933597
BK,21 STREET,40.6598426,-73.9904703
BK,SENATOR STREET,40.6356869,-74.0214629
BK,223 NEVINS STREET,40.6817865,-73.9850229
BK,265 WYCKOFF STREET,40.6835101,-73.9836596
BK,264 BERGEN STREET,40.6837406,-73.9834432
BK,280 BERGEN STREET,40.6835457,-73.9830466
BK,290 BERGEN STREET,40.6833782,-73.9826212
QN,103 STREET,40.7598835,-73.8663763
BK,552 OVINGTON AVENUE,40.6316825,-74.0201719
BK,5 AVENUE,40.6330164,-74.0209361
BK,7917 12TH AVENUE,40.618849,-74.0121246
BK,456 OVINGTON AVENUE,40.6327306,-74.0225032
BK,72 STREET,40.6278378,-74.0157251
BK,58 STREET,40.6360675,-74.0079014
BK,822 59 STREET,40.6355432,-74.0085426
BK,848 56 STREET,40.6368553,-74.0061792
BK,PROSPECT AVENUE,40.6605638,-73.9841482
QN,21 STREET,40.7780164,-73.9211681
BK,403 PROSPECT AVENUE,40.6608631,-73.9846059
QN,178-18 SELOVER ROAD,40.6819538,-73.7649948
BK,864 55 STREET,40.637171,-74.005192
BK,830 54 STREET,40.6382085,-74.0054047
BK,4904 8 AVENUE,40.6416396,-74.0035276
BK,32R JACKSON PLACE,40.6624142,-73.9869051
BK,1037 42 STREET,40.6425672,-73.9935752
BK,4217 NEW UTRECHT AVENUE,40.6418426,-73.9938636
BK,42ND STREET,40.6418069,-73.9932366
BK,ST MARKS AVENUE,40.6787696,-73.9689872
BK,84 STREET,40.6177012,-74.0163423
BK,94 STREET,40.618569,-74.0378396
BX,OHM AVENUE,40.8445353,-73.8210095
QN,175 STREET,40.6720032,-73.765978
QN,138 STREET,40.7153626,-73.8211508
BX,SPENCER DRIVE,40.8426275,-73.8173282
BX,RADIO DRIVE,40.8438288,-73.8184995
QN,FABER TERRACE,40.6113565,-73.7657872
BK,ST MARKS PLACE,40.681374,-73.9794201
BX,HUTCHINSON AVENUE,40.8863628,-73.8216021
BK,EAST MILL BASIN,40.613805,-73.9063209
BK,EAST MILL BASIN,40.613621,-73.9061843
QN,MARATHON PARKWAY,40.759929,-73.7318821
QN,61 AVENUE,40.7568923,-73.7233469
BK,EAST 18 STREET,40.6488606,-73.9626045
QN,CALLOWAY STREET,40.7377254,-73.8574753
QN,53 AVENUE,40.7313606,-73.8932637
QN,MAZEAU STREET,40.7265737,-73.8902191
QN,REGINA AVENUE,40.6042985,-73.7572697
BX,VIRGINIA AVENUE,40.8290975,-73.8595596
QN,70 6 ROAD,40.5952264,-73.7407173
BX,LOHENGRIN PLACE,40.8394631,-73.8210304
QN,COMMONWEALTH BLVD,40.7335127,-73.721196
QN,DEERFIELD ROAD,40.5982693,-73.7578173
QN,BEACH 27 STREET,40.5978247,-73.7604944
QN,76 STREET,40.6761401,-73.8611399
QN,80 STREET,40.6777112,-73.8575711
QN,76 STREET,40.6753354,-73.8607342
QN,215 STREET,40.7293569,-73.753621
QN,70 STREET,40.7293275,-73.8940355
QN,72 AVENUE,40.7220382,-73.838096
QN,BAYWATER COURT,40.6133016,-73.7666484
QN,BROWVALE LANE,40.7676953,-73.731331
BX,DECATUR AVENUE,40.875335,-73.8739222
QN,192 STREET,40.7425655,-73.7840879
QN,UNION TURNPIKE,40.7450871,-73.7165787
BX,1061 VIRGINIA AVENUE,40.8278982,-73.8596308
QN,BATES ROAD,40.7691492,-73.7286211
BX,JARVIS AVENUE,40.8450875,-73.8285294
QN,125 AVENUE,40.6820092,-73.7679619
QN,49 STREET,40.7457338,-73.9150314
QN,COMMONWEALTH BLVD,40.7339358,-73.7213603
QN,AMBER STREET,40.6719646,-73.8583548
QN,BROWVALE LANE,40.7692157,-73.735982
QN,80 STREET,40.6699924,-73.8549776
QN,EMPIRE AVENUE,40.6069848,-73.7429838
QN,210 STREET,40.7305447,-73.7597793
BK,EAST 18 STREET,40.648803,-73.9627271
QN,BEACH 27 STREET,40.5936234,-73.7596309
QN,267 STREET,40.7371832,-73.7017815
QN,HARRIS STREET,40.607688,-73.7432584
MN,251 MERCER STREET,40.7285665,-73.9954467
QN,129 STREET,40.7004477,-73.8230445
QN,122 STREET,40.6864925,-73.8207667
QN,LANGDALE STREET,40.7512663,-73.7016462
QN,LANGDALE STREET,40.7502971,-73.7015351
QN,72 PLACE,40.7272978,-73.8897633
BX,RAWLINS AVENUE,40.8386315,-73.8210687
BX,PARSIFAL PLACE,40.8391923,-73.8215913
BX,RAWLINS AVENUE,40.8382514,-73.8202133
BX,RAWLINS AVENUE,40.8388296,-73.8213501
BX,WATERBURY AVENUE,40.8375293,-73.82178
BX,RAWLINS AVENUE,40.838626,-73.8210507
BX,VALHALLA DRIVE,40.8398592,-73.8215823
BX,MIDDLETOWN ROAD,40.8471041,-73.8226255
QN,RUSHMORE AVENUE,40.7626828,-73.7418631
QN,26 AVENUE,40.7792151,-73.7748952
BX,2097 ANTHONY AVENUE,40.8539665,-73.9017552
QN,131 AVENUE,40.6778928,-73.731718
QN,BEACH 43 STREET,40.5970574,-73.7746559
QN,BEACH 24 STREET,40.5951315,-73.7576126
QN,BEACH 45 STREET,40.597762,-73.7770626
QN,BAY 32 STREET,40.6083633,-73.7691399
QN,BAY 31 STREET,40.6016669,-73.7668907
BK,NOSTRAND AVENUE,40.6748215,-73.9503363
BK,ROCKAWAY AVENUE,40.6758954,-73.9105202
BK,BEDFORD AVENUE,40.5957667,-73.9453431
BK,RALPH AVENUE,40.6277436,-73.9178331
BK,FAY COURT,40.5817684,-73.9591788
BK,BRIGHTON 11 STREET,40.579232,-73.9585864
BK,379 PARKSIDE AVENUE,40.6562284,-73.9571871
BK,LOUISIANA AVENUE,40.6491578,-73.8878671
BK,FRESH POND ROAD,40.6455394,-73.8869939
BX,LELAND AVENUE,40.8366179,-73.8640322
BK,AVENUE N,40.6226146,-73.9117948
BK,EAST 72 STREET,40.6238715,-73.9114437
BK,1477 ROYCE STREET,40.6236066,-73.9063287
BK,ROYCE STREET,40.6238754,-73.906087
BK,EAST 70 STREET,40.6240341,-73.9123765
BK,8396 ROYCE STREET,40.6240477,-73.9086805
BK,ROYCE STREET,40.6248809,-73.9071339
BK,BERGEN AVENUE,40.6249692,-73.9077138
BK,ROYCE STREET,40.6251367,-73.9078576
BK,ROYCE STREET,40.6257086,-73.9090781
QN,SEAGIRT AVENUE,40.5962399,-73.74345
QN,61 AVENUE,40.7544866,-73.7368525
QN,244 STREET,40.7494378,-73.7351293
BX,1349 CROSS BRONX EXPRESSWAY,40.8346329,-73.8634942
BX,2020 EAST TREMONT AVENUE,40.8415776,-73.8594321
QN,130 AVENUE,40.6803068,-73.7322816
QN,52 STREET,40.7445897,-73.9119834
BK,NICHOLS AVENUE,40.6886089,-73.8699266
QN,127 AVENUE,40.6814518,-73.7665181
QN,178 PLACE,40.6788466,-73.7636033
QN,128 AVENUE,40.6798186,-73.7705762
QN,177 STREET,40.6785011,-73.7651115
MN,75 NASSAU STREET,40.7098717,-74.0083935
MN,LIBERTY PLACE,40.7090152,-74.0093131
QN,BEACH 97 STREET,40.5855168,-73.8188667
QN,47 STREET,40.7725718,-73.8979778
BX,GRAND CONCOURSE,40.8595962,-73.8981914
BX,DOROTHEA PLACE,40.8625819,-73.891607
QN,80 STREET,40.677486,-73.8574922
QN,CHANNEL ROAD,40.6044205,-73.8189955
QN,207 STREET,40.7779905,-73.7862117
QN,18 ROAD,40.6005744,-73.8221461
QN,WEST 17 ROAD,40.6009147,-73.8220767
QN,17 ROAD,40.6009957,-73.8229984
QN,19 ROAD,40.5998272,-73.8217015
QN,19 ROAD,40.5998914,-73.822436
QN,100 PLACE,40.6049257,-73.8190878
QN,19 ROAD,40.6063181,-73.8178595
QN,100 PLACE,40.6001526,-73.8192087
QN,147 STREET,40.6762474,-73.7921042
BK,309 16 STREET,40.6633582,-73.9859642
BX,2865 BUHRE AVENUE,40.84751,-73.8334569
QN,45-32 LITTLE NECK PARKWAY,40.7701483,-73.734509
QN,247 STREET,40.7521637,-73.7270841
BK,82 STREET,40.6155279,-74.0109497
QN,132 STREET,40.7026591,-73.8206944
QN,COLFAX STREET,40.7025775,-73.7429146
QN,COLFAX STREET,40.7027056,-73.7425318
BK,INTERBOROUGH PARKWAY,40.6828487,-73.8951946
BX,GIVAN AVENUE,40.8764579,-73.8388988
QN,NORTH CONDUIT AVENUE,40.6652416,-73.8185421
QN,OLD SOUTH ROAD,40.6642798,-73.8126801
QN,OLD SOUTH ROAD,40.6640182,-73.8138667
QN,COOPER AVENUE,40.7058254,-73.8760967
BX,BRUNER AVENUE,40.8726358,-73.8378559
BX,ELY AVENUE,40.8704933,-73.8366643
BX,BRUNER AVENUE,40.8690323,-73.8361075
BX,ELY AVENUE,40.8753702,-73.838294
QN,MYRTLE AVENUE,40.702859,-73.8741691
QN,121 STREET,40.6951957,-73.8258316
QN,24 AVENUE,40.7756252,-73.7910827
BK,OCEAN COURT,40.5900191,-73.9669617
BK,SHORE PARKWAY,40.5849083,-73.9673459
BK,SHORE PARKWAY,40.5849385,-73.9672414
BK,373 AVENUE T,40.5997231,-73.9714942
BX,MERRITT AVENUE,40.8816378,-73.8261424
QN,121 STREET,40.6968548,-73.8266459
QN,87-20A 132 STREET,40.7015295,-73.8197633
QN,89-55 133 STREET,40.6992837,-73.817674
QN,ATLANTIC AVENUE,40.6958562,-73.8198291
QN,72 DRIVE,40.7265259,-73.8178629
QN,LAURELTON PARKWAY,40.6780326,-73.7316093
QN,BEACH CHANNEL DRIVE,40.5893691,-73.8128362
QN,BEACH 87 STREET,40.5892562,-73.8126133
QN,241 STREET,40.7632665,-73.7439041
QN,B 77 STREET,40.5899833,-73.8042545
QN,243 STREET,40.7633611,-73.7420338
QN,BEACH CHANNEL DRIVE,40.5899348,-73.8096734
QN,BEACH CHANNEL DRIVE,40.5898501,-73.8132382
QN,3-22 BEACH 87 STREET,40.5892855,-73.8121056
QN,AMSTEL BOULEVARD,40.5925859,-73.8029146
QN,BEACH 87 STREET,40.590917,-73.8127563
QN,BEACH CHANNEL DRIVE,40.5909684,-73.8122917
QN,FINNARD AVENUE,40.590593,-73.8077056
QN,BEACH 74 STREET,40.5903621,-73.8026187
QN,BEACH 92 STREET,40.5880626,-73.8162855
QN,BEACH 84 STREET,40.5905667,-73.8100173
QN,BEACH 80 STREET,40.5905727,-73.8070648
QN,BEACH CHANNEL DRIVE,40.5909568,-73.8119101
QN,BEACH 87 STREET,40.5884126,-73.812018
QN,137 BEACH 29 STREET,40.5929882,-73.7618681
QN,BEACH 86 STREET,40.5916206,-73.8116129
QN,146 BEACH 27 STREET,40.5934257,-73.759592
QN,SEAGIRT BOULEVARD,40.5926023,-73.7570277
QN,BEACH 26 STREET,40.594864,-73.7596445
QN,BEACH 27 STREET,40.5943684,-73.760208
QN,BEACH 20 STREET,40.5931375,-73.7622756
QN,SEAGIRT BOULEVARD,40.5956432,-73.7594796
QN,99 AVENUE,40.7099409,-73.7656608
QN,194 STREET,40.7083361,-73.7647791
QN,196 STREET,40.7091247,-73.7624823
QN,99 AVENUE,40.7104389,-73.763567
BK,PARKSIDE AVENUE,40.6543447,-73.9626087
BK,22 SUNNYSIDE COURT,40.6834476,-73.8899043
BK,FULTON STREET,40.6800671,-73.8854176
BK,JEROME STREET,40.680614,-73.8888995
BK,ARLINGTON AVENUE,40.6814961,-73.8816979
BK,AVENUE L,40.6454355,-73.8846663
BK,INSPIRATION LANE,40.6514193,-73.8876651
BK,FLATLANDS AVENUE,40.6496519,-73.8907457
BK,LOUISIANA AVENUE,40.6483244,-73.8860523
BK,LOUISIANA AVENUE,40.6439224,-73.8812492
QN,214 STREET,40.7300037,-73.7557041
QN,209 STREET,40.6994887,-73.7449641
QN,BEACH 26 STREET,40.5947954,-73.7596303
BX,POPHAM AVENUE,40.8501554,-73.920385
BX,UNDERCLIFF AVENUE,40.8512255,-73.9199029
QN,ALAMEDA AVENUE,40.7662394,-73.7391815
QN,ZION STREET,40.7668688,-73.7383524
QN,ZION STREET,40.766592,-73.7373029
QN,248 STREET,40.7662304,-73.738835
QN,RUSHMORE AVENUE,40.7633674,-73.7399436
QN,RUSHMORE AVENUE,40.7633457,-73.7400592
QN,248 STREET,40.765116,-73.7388213
QN,248 STREET,40.7657533,-73.7390246
QN,MOBILE ROAD,40.6041962,-73.7443054
QN,241 STREET,40.7584019,-73.7410531
QN,MARYLAND ROAD,40.7606274,-73.7433078
QN,CAMBRIA AVENUE,40.7640517,-73.7354827
QN,HANFORD STREET,40.7604619,-73.7441351
QN,REDFIELD STREET,40.7596876,-73.7403515
QN,244 STREET,40.7598197,-73.7392933
BX,PROVOST AVENUE,40.8820603,-73.8259822
BX,3329 PROVOST AVENUE,40.8818735,-73.8258742
BX,HOLLERS AVENUE,40.8845575,-73.8257008
BX,2370 HOLLERS AVENUE,40.8857754,-73.8216109
BX,PROVOST AVENUE,40.8824266,-73.8249904
BK,EAST MILL BASIN,40.6135303,-73.9061232
BK,EAST MILL BASIN,40.6132639,-73.9059363
BK,NOSTRAND AVENUE,40.6722005,-73.9507708
BK,LINCOLN PLACE,40.6712016,-73.9512834
QN,129 AVENUE,40.6800417,-73.7304331
QN,175 STREET,40.6725529,-73.7663726
QN,234 STREET,40.6797336,-73.7324641
QN,129 AVENUE,40.6803581,-73.7331106
QN,233 STREET,40.6799853,-73.7332924
QN,128 DRIVE,40.6803298,-73.7268662
QN,128 DRIVE,40.6803563,-73.7276484
QN,128-64 HOOK CREEK BOULEVARD,40.6797214,-73.7261404
QN,BROOKVILLE BOULEVARD,40.675984,-73.7312174
QN,HOOK CREEK BOULEVARD,40.6767668,-73.7267834
BK,PINE STREET,40.6839048,-73.8728167
BX,UNDERCLIFF AVENUE,40.8463977,-73.9241737
BX,HARLEM RIVER TERRACE,40.8504982,-73.9240281
QN,MOBILE ROAD,40.6041827,-73.7443919
QN,137 AVENUE,40.6733203,-73.7644592
QN,MOBILE ROAD,40.6038298,-73.7449046
BX,SEDGWICK AVENUE,40.8461346,-73.924868
BX,SEDGWICK AVENUE,40.8501235,-73.9219104
QN,BEACH 92 STREET,40.5887314,-73.8174214
QN,UNION TURNPIKE,40.7333296,-73.7592641
QN,121 STREET,40.6976899,-73.8271378
QN,HOLLIS COURT BLVD,40.7286605,-73.7591438
QN,HARTLAND AVENUE,40.732619,-73.747861
QN,BELL BOULEVARD,40.7315635,-73.7535226
QN,GRAND CENTRL PARKWAY,40.7282177,-73.7535386
QN,CORNAGA AVENUE,40.6054069,-73.745644
QN,MOBILE ROAD,40.6040894,-73.7443886
QN,VIRGINIA STREET,40.6064843,-73.7425787
QN,VIRGINIA STREET,40.6066794,-73.742686
BK,AVENUE L,40.6455972,-73.8844101
BK,AVENUE L,40.6457534,-73.8841684
BX,WEST 227 STREET,40.8802699,-73.916089
BX,RIVER AVENUE,40.8857646,-73.9197058
QN,138 AVENUE,40.6730241,-73.7645684
QN,137 AVENUE,40.6732464,-73.7645568
QN,137 AVENUE,40.6730549,-73.7662266
QN,FARMERS BOULEVARD,40.6722125,-73.7649786
BK,2334 DEAN STREET,40.6744817,-73.9103923
BK,EAST NEW YORK AVENUE,40.6733005,-73.9091141
QN,BEACH 9TH STREET,40.6060594,-73.7465311
QN,MC BRIDE STREET,40.6063605,-73.7576115
MN,ST NICHOLAS AVENUE,40.8151744,-73.9505422
QN,BEACH 11 STREET,40.6119361,-73.7478018
QN,MC BRIDE STREET,40.6099018,-73.756529
QN,MOBILE ROAD,40.6041746,-73.7444351
QN,CHANDLER STREET,40.607074,-73.7562548
QN,MC BRIDE STREET,40.6092674,-73.7563512
QN,CHANDLER STREET,40.6092174,-73.7560813
QN,BEACH 12 STREET,40.6045607,-73.7465296
QN,HORTON AVENUE,40.6086652,-73.7533065
QN,HENRY ROAD,40.6040039,-73.7417528
QN,MOBILE ROAD,40.6041908,-73.744345
QN,FOAM PLACE,40.6043097,-73.7510034
QN,BRUNSWICK AVENUE,40.6097705,-73.749103
QN,BRUNSWICK AVENUE,40.6109838,-73.7453959
QN,SAGE STREET,40.606468,-73.7451394
QN,HARRIS STREET,40.6083706,-73.7440913
QN,126-20 WILLETS POINT BLVD,40.7571522,-73.8423097
QN,126-10 38TH AVENUE,40.7567063,-73.8433755
QN,DINSMORE AVENUE,40.6054339,-73.7466775
BK,CARROLL STREET,40.6738394,-73.9785392
QN,BEACH 27 STREET,40.5979987,-73.7610123
QN,BEACH 28 STREET,40.5977413,-73.7613157
BX,4640 INDEPENDENCE AVENUE,40.8932158,-73.9113851
BX,INDEPENDENCE AVENUE,40.8962023,-73.9117392
BX,WEST 239 STREET,40.8899295,-73.9101742
BX,WEST 246 STREET,40.8925982,-73.9113063
QN,BRIAN CRESCENT,40.7879031,-73.7884116
QN,ROCKAWAY BEACH BLVD,40.5867936,-73.8140172
BX,SCENIC PLACE,40.8844447,-73.9201414
QN,208 PLACE,40.7866538,-73.7867039
QN,208 PLACE,40.787296,-73.7851743
QN,CROSS ISLAND PARKWAY,40.7871266,-73.788544
QN,OCEAN CREST BLVD,40.6013806,-73.7598047
BK,MANHATTAN COURT,40.588213,-73.9670022
QN,DEMEREST ROAD,40.5985061,-73.8194472
BX,2074 TILLOTSON AVENUE,40.879759,-73.8344682
QN,111 STREET,40.6949068,-73.8366077
QN,LITTLE NECK BLVD,40.7802744,-73.7720355
QN,CONCORD STREET,40.7678019,-73.7264605
QN,76 STREET,40.6771996,-73.861199
QN,82 AVENUE,40.7142432,-73.8214387
QN,WALDEN AVENUE,40.7705764,-73.7309367
QN,BELL BOULEVARD,40.7888516,-73.7819227
QN,CONCORD STREET,40.7675263,-73.7259923
QN,208 STREET,40.7319447,-73.7624948
QN,130 STREET,40.6985411,-73.8202005
QN,223 STREET,40.7344243,-73.7475042
QN,215 STREET,40.7319836,-73.7548561
QN,130 STREET,40.7015553,-73.8222481
BK,CLINTON STREET,40.6953409,-73.9920952
BK,EAST 29 STREET,40.5954244,-73.9414869
BX,AGAR PLACE,40.8394072,-73.8185947
BX,RESEARCH AVENUE,40.845169,-73.8190488
BX,COUNTRY CLUB ROAD,40.8403607,-73.8158345
BX,AGAR PLACE,40.8387109,-73.815709
BX,1642 STADIUM AVENUE,40.847539,-73.8198412
BX,BAY VIEW AVENUE,40.8473836,-73.8170368
BX,AMPERE AVENUE,40.8463131,-73.8169711
BX,CAMPBELL DRIVE,40.8377795,-73.8185738
BK,458 86 STREET,40.6216928,-74.0271175
BX,SPENCER DRIVE,40.8424164,-73.8174769
BX,RESEARCH AVENUE,40.8470435,-73.8189317
BX,BAY VIEW AVENUE,40.8476507,-73.8175927
BX,COUNTRY CLUB ROAD,40.8390474,-73.8149997
BX,LUCERNE STREET,40.8429358,-73.8162033
BX,LUCERNE STREET,40.8426152,-73.816515
BX,BAY SHORE AVENUE,40.8443422,-73.8168536
BX,LIBRARY AVENUE,40.8452096,-73.8186837
QN,TERRACE COURT,40.7102564,-73.8934851
QN,BEACH 4 STREET,40.5946472,-73.7394809
QN,METROPOLITAN AVENUE,40.7089196,-73.8904285
QN,METROPOLITAN AVENUE,40.7091806,-73.8906914
QN,METROPOLITAN AVENUE,40.7090706,-73.8904896
QN,49 STREET,40.7657612,-73.9032408
BK,SACKMAN STREET,40.6749536,-73.9066928
QN,149 AVENUE,40.6688336,-73.8567429
QN,252 STREET,40.740677,-73.7169042
QN,77 STREET,40.6626439,-73.8565616
QN,FAIRFIELD PLACE,40.6634837,-73.8565057
QN,148 STREET,40.6806416,-73.7935363
QN,41 STREET,40.7389556,-73.9247435
QN,31 AVENUE,40.7584887,-73.8892388
QN,81 STREET,40.7559528,-73.8866731
QN,BEACH 43 STREET,40.5968377,-73.7746279
BK,PROSPECT PLACE,40.6737808,-73.9493493
QN,THORNHILL AVENUE,40.7619977,-73.7339242
QN,BEACH CHANNEL DRIVE,40.5820594,-73.8479648
QN,79 AVENUE,40.7206404,-73.8123305
QN,146 STREET,40.7184041,-73.8161355
QN,UNION TURNPIKE,40.7181105,-73.8144913
BX,FAIRFIELD AVENUE,40.8814549,-73.915187
QN,WILLIAMS COURT,40.5995924,-73.7489431
BX,EDGEHILL AVENUE,40.8799221,-73.913446
BX,HARLEM RIVER TERRACE,40.8761512,-73.9176057
BK,SHORE PARKWAY,40.58351,-73.9731752
BK,BELT PARKWAY,40.5833674,-73.9736973
QN,BEACH CHANNEL DRIVE,40.5820069,-73.8498082
BX,WESTCHESTER AVENUE,40.8443491,-73.8360418
QN,71 STREET,40.7294005,-73.8928916
QN,CHANNEL ROAD,40.6043879,-73.8192117
BX,METROPOLITAN AVENUE,40.8408182,-73.8535499
BX,WHITE PLAINS ROAD,40.8373442,-73.8631308
BX,GRAND CONCOURSE,40.8598824,-73.8991236
QN,BEACH 27 STREET,40.5939456,-73.7601303
QN,99 AVENUE,40.7105587,-73.7630832
QN,115 STREET,40.6668007,-73.825639
QN,NASBY PLACE,40.6020837,-73.7587002
BX,EDGEWATER ROAD,40.8198635,-73.8834354
QN,BEACH 3 STREET,40.5946527,-73.7382674
QN,100 PLACE,40.6012254,-73.8189141
BX,EDGEHILL AVENUE,40.8802346,-73.9129248
BX,FAIRFIELD AVENUE,40.8815372,-73.9150929
BK,WEST STREET,40.5899953,-73.9704146
BK,DANK COURT,40.5862303,-73.973887
BX,CRESTON AVENUE,40.8574803,-73.9017011
QN,BEACH 129 STREET,40.575526,-73.8474181
QN,BEACH 130 STREET,40.578733,-73.8503087
QN,NEWPORT AVENUE,40.5791932,-73.845491
QN,160 STREET,40.7032262,-73.7984724
BK,GRANT AVENUE,40.6876191,-73.8684286
BK,LOGAN STREET,40.6825347,-73.8774163
BK,EAST 66 STREET,40.6202011,-73.9143591
BK,PRESTON COURT,40.6405963,-73.9201341
BX,REEDS MILL LANE,40.8822402,-73.8307119
QN,101 STREET,40.5840529,-73.8218012
QN,BEACH 54 STREET,40.5932214,-73.7838903
MN,5 AVENUE,40.7942403,-73.9503122
QN,BAY 32 STREET,40.606671,-73.769758
MN,ST NICHOLAS AVENUE,40.8170715,-73.9516933
BX,4428 3 AVENUE,40.852536,-73.8912944
BX,ROMBOUTS AVENUE,40.8833358,-73.8291432
BX,ENGLAND THRUWAY SR,40.8819711,-73.8306149
BX,REEDS MILL LANE,40.8811929,-73.8314848
BX,32 REEDS MILL LANE,40.8814294,-73.8317844
BX,HUTCHINSON AVENUE,40.8865245,-73.8214642
QN,LIBERTY AVENUE,40.6804525,-73.8402917
QN,103-31A WOODHAVEN BOULEVARD,40.6813208,-73.8450092
QN,VAN SICLEN STREET,40.6887532,-73.8132352
BK,464 86 STREET,40.6215858,-74.026941
BK,460 86 STREET,40.6216407,-74.027031
BK,468 86 STREET,40.6215529,-74.0268833
BK,VAN SICLEN AVENUE,40.6485143,-73.8785707
BK,VAN SICLEN AVENUE,40.6518926,-73.8806656
QN,129 AVENUE,40.6801433,-73.7655456
QN,108 STREET,40.6917583,-73.8383751
QN,110 STREET,40.6936247,-73.8363656
QN,110 STREET,40.6946226,-73.8374666
QN,108 STREET,40.6916512,-73.8383285
QN,92 AVENUE,40.6915612,-73.8406906
QN,87-07A 104 STREET,40.6947615,-73.8426556
QN,87-05A 104 STREET,40.6948137,-73.8426807
QN,127 AVENUE,40.6806393,-73.7691781
QN,73 PLACE,40.7279467,-73.888052
QN,71 STREET,40.7298315,-73.8928801
QN,HARTMAN LANE,40.6008727,-73.7650857
QN,57 DRIVE,40.7274925,-73.889514
QN,MAZEAU STREET,40.7276173,-73.8908235
QN,72 PLACE,40.7272264,-73.8896913
QN,72 PLACE,40.7276602,-73.8898565
QN,58 ROAD,40.7272925,-73.889904
QN,72 PLACE,40.7271633,-73.8896661
QN,HULL AVENUE,40.7273714,-73.8950957
QN,HULL AVENUE,40.7273742,-73.8950524
QN,69 STREET,40.7257243,-73.8947736
QN,AVERY AVENUE,40.7527686,-73.830514
QN,LEFFERTS BOULEVARD,40.668571,-73.8220296
QN,NORTH CONDUIT AVENUE,40.6655658,-73.8187394
QN,NORTH CONDUIT AVENUE,40.6655826,-73.818916
QN,MAZEAU STREET,40.7265298,-73.8902625
QN,150 AVENUE,40.6674274,-73.826261
QN,144 STREET,40.777694,-73.825262
QN,NORTON AVENUE,40.5978333,-73.7784415
QN,NORTON AVENUE,40.5980331,-73.7781528
QN,BEACH 43 STREET,40.5961114,-73.775138
QN,BEACH 47 STREET,40.597536,-73.7780032
QN,NORTON AVENUE,40.5975349,-73.7788746
QN,BEACH 45 STREET,40.5973108,-73.7764988
QN,BEACH 45 STREET,40.5972064,-73.7764847
QN,NORTON AVENUE,40.5987864,-73.7773833
QN,BEACH 43 STREET,40.5998824,-73.7749849
QN,BEACH 43 STREET,40.5995832,-73.7749499
QN,BEACH 43 STREET,40.601322,-73.7756283
QN,AUSTIN STREET,40.7171648,-73.8370329
QN,82 AVENUE,40.7142161,-73.8216661
QN,AUSTIN STREET,40.7175941,-73.8378218
QN,BURNS STREET,40.715167,-73.837366
QN,BURNS STREET,40.7175213,-73.8407476
QN,COOLIDGE AVENUE,40.7147296,-73.8165857
QN,82 AVENUE,40.7142079,-73.8217346
QN,35 AVENUE,40.7654809,-73.8295683
QN,82 AVENUE,40.714254,-73.8213558
QN,COOLIDGE AVENUE,40.715388,-73.8180881
QN,BEACH 43 STREET,40.6014234,-73.7755739
QN,BEACH 46 STREET,40.5961511,-73.777212
QN,NORTON AVENUE,40.5979017,-73.7783441
QN,BEACH 44 STREET,40.5986846,-73.7758172
QN,18 AVENUE,40.7777083,-73.7835226
QN,BEACH 44 STREET,40.5985675,-73.7763217
QN,POINT BREEZE PLACE,40.612014,-73.7692029
QN,NORTON DRIVE,40.6082399,-73.7692123
QN,MOTT AVENUE,40.6114969,-73.7700475
QN,MOTT AVENUE,40.6130229,-73.7713785
QN,EDGEWATER ROAD,40.6136358,-73.7690028
QN,EGMONT PLACE,40.6112307,-73.7659965
QN,MOTT AVENUE,40.6067678,-73.7620614
QN,MOTT AVENUE,40.6075849,-73.7616515
QN,THE STRAND,40.6092214,-73.7686579
QN,HEALY AVENUE,40.6043927,-73.7669892
QN,MOTT AVENUE,40.6095662,-73.7667803
QN,WESTBOURNE AVENUE,40.6083823,-73.7676668
QN,OCEAN CREST BLVD,40.600135,-73.7640692
QN,WESTBOURNE AVENUE,40.6086958,-73.7666177
QN,BAY 32 STREET,40.6083002,-73.7691761
QN,DICKENS STREET,40.604139,-73.7610552
QN,FABER TERRACE,40.6109344,-73.7633683
QN,BEACH 27 STREET,40.6061202,-73.7661261
QN,BAY 32 STREET,40.6067332,-73.7692932
QN,BAY 25 STREET,40.6010507,-73.7622114
QN,FALCON AVENUE,40.6001231,-73.7663055
QN,COLDSPRING ROAD,40.6051799,-73.7653767
QN,27-12 HEALY AVENUE,40.604697,-73.765454
QN,BAY 32 STREET,40.6069061,-73.769307
QN,DWIGHT AVENUE,40.6012893,-73.7688366
QN,BEACH 6 STREET,40.5950094,-73.7406677
QN,SEAGIRT AVENUE,40.5976031,-73.7417992
QN,SEAGIRT BOULEVARD,40.5974366,-73.7422283
QN,-00 MEEHAN AVENUE,40.5986543,-73.7442546
QN,GATEWAY BOULEVARD,40.602967,-73.7469678
QN,BEACH 9 STREET,40.596886,-73.7439229
QN,MEEHAN AVENUE,40.5982397,-73.7441769
QN,JARVIS AVENUE,40.5981333,-73.7432195
QN,MEEHAN AVENUE,40.5988188,-73.7429288
QN,BEACH 4 STREET,40.5946553,-73.7394377
QN,72 6 ROAD,40.5951715,-73.7407175
QN,2 MORSE COURT,40.6018859,-73.7509224
QN,NEW HAVEN AVENUE,40.5978793,-73.7475164
QN,SEAGIRT AVENUE,40.5962321,-73.7424166
QN,CAFFREY AVENUE,40.6033275,-73.7412332
QN,BEACH 3 STREET,40.5971706,-73.7386969
QN,BEACH 3 STREET,40.5968821,-73.7385647
QN,BEACH 12 STREET,40.6012856,-73.7462899
QN,SEAGIRT AVENUE,40.5975621,-73.7419002
QN,SEAGIRT BOULEVARD,40.5979379,-73.7430078
QN,LANETT AVENUE,40.5983055,-73.7429164
QN,NEW HAVEN AVENUE,40.6001799,-73.7502553
QN,GREENWOOD COURT,40.6018844,-73.7477101
QN,BEACH 12 STREET,40.6009423,-73.7461904
QN,BEACH 12 STREET,40.6008133,-73.7461945
QN,BEACH 12 STREET,40.6006951,-73.7461229
QN,BEACH 15 STREET,40.598103,-73.7493809
QN,CAFFREY AVENUE,40.5996332,-73.7487377
QN,GLENWOOD STREET,40.7721523,-73.7334865
QN,160 STREET,40.7293285,-73.8095423
QN,164 STREET,40.7380014,-73.8042779
QN,CLOVERDALE BOULEVARD,40.7539108,-73.7519709
QN,230 STREET,40.7543793,-73.7503161
QN,HORACE HARDING EXPWY,40.7436026,-73.7795122
QN,DEERFIELD ROAD,40.5976488,-73.7603546
QN,46 ROAD,40.7548071,-73.7768618
QN,HORACE HARDING EXPWY,40.7629386,-73.7289532
QN,132 STREET,40.6882224,-73.8126237
QN,CONCORD STREET,40.7683785,-73.7288661
QN,BRATTLE AVENUE,40.7663436,-73.7295856
QN,GLENWOOD STREET,40.7721055,-73.7334181
QN,253 STREET,40.7635073,-73.7280087
QN,DEEPDALE PLACE,40.7675107,-73.7333967
QN,GASKELL ROAD,40.7681632,-73.734257
QN,GASKELL ROAD,40.7679415,-73.7345033
QN,CONCORD STREET,40.770009,-73.7301014
QN,LITTLE NECK PARKWAY,40.7697991,-73.7318677
QN,GLENWOOD STREET,40.7698394,-73.7303259
QN,LITTLE NECK PARKWAY,40.770129,-73.7320974
QN,BRATTLE AVENUE,40.7671489,-73.7300661
QN,LEITH ROAD,40.7664725,-73.7307294
QN,BROWVALE LANE,40.7648015,-73.7309636
QN,VAN ZANDT AVENUE,40.7640732,-73.7329232
QN,MARATHON PARKWAY,40.764714,-73.7346786
QN,BROWVALE LANE,40.7682254,-73.732643
QN,VAN NOSTRAND COURT,40.7706264,-73.7335503
QN,HORACE HARDING EXPWY,40.76151,-73.7295655
QN,BEACH 86 STREET,40.5903466,-73.8113933
QN,UNION TURNPIKE,40.7448435,-73.7168468
QN,GRAND CENTRL PARKWAY,40.7555396,-73.7212591
QN,GRAND CENTRL PARKWAY,40.755249,-73.721401
QN,GRAND CENTRL PARKWAY,40.7549694,-73.721561
QN,GRAND CENTRL PARKWAY,40.7553943,-73.7213282
QN,72 ROAD,40.753833,-73.7181693
QN,73 AVENUE,40.7537938,-73.7189636
QN,BEACH 47 STREET,40.5949392,-73.7779002
BX,CASTLE HILL AVENUE,40.8389806,-73.8524589
BX,3728 PARK AVENUE,40.8366698,-73.9048001
BX,TELLER AVENUE,40.8353867,-73.9100889
QN,BEACH 30 STREET,40.5966356,-73.7628573
QN,BEACH 28 STREET,40.5980063,-73.762017
QN,SEAGIRT COURT,40.5959688,-73.7589923
QN,SEAGIRT COURT,40.5959083,-73.7589025
QN,MC BRIDE STREET,40.6045608,-73.7580466
QN,IVES COURT,40.6048648,-73.7603323
QN,260 STREET,40.7444014,-73.7112477
QN,LITTLE NECK PARKWAY,40.7429716,-73.716862
MN,79 NASSAU STREET,40.7099842,-74.0082925
QN,BEACH 96 STREET,40.585942,-73.8187323
QN,78 STREET,40.6623455,-73.8550051
QN,268 STREET,40.7437945,-73.7025097
QN,263 STREET,40.7348167,-73.7047617
QN,260 STREET,40.7329838,-73.7071549
QN,257 STREET,40.728297,-73.7076698
QN,268 STREET,40.7284996,-73.7074669
QN,HILLSIDE AVENUE,40.7361971,-73.71229
QN,260 STREET,40.7310014,-73.705825
QN,265 STREET,40.7351938,-73.7030389
QN,265 STREET,40.7357939,-73.7026645
QN,SOUTH CONDUIT AVENUE,40.6697502,-73.8522746
BX,RIVER AVENUE,40.8853508,-73.9206032
BX,2729 WEST 259 STREET,40.8837347,-73.9213935
QN,62 AVENUE,40.718451,-73.8864266
BX,PALISADE AVENUE,40.8839124,-73.9203771
BX,SCENIC PLACE,40.8843103,-73.9202283
BX,WEST 259 STREET,40.8837784,-73.921162
BX,WEST 259 STREET,40.8838882,-73.921104
QN,419 CROSS BAY BOULEVARD,40.6117394,-73.8197968
QN,CORNAGA AVENUE,40.6025825,-73.7570778
QN,BEACH 22 STREET,40.6024846,-73.7549139
QN,BEACH 20 STREET,40.6015937,-73.7541501
QN,11-02 BEACH CHANNEL DRIVE,40.604015,-73.7556501
QN,BEACH 22 STREET,40.6039127,-73.7552687
QN,REGINA AVENUE,40.6038384,-73.7564574
QN,BEACH CHANNEL DRIVE,40.6005771,-73.7615037
QN,BEACH 22 STREET,40.6043856,-73.7543847
QN,GRASSMERE TERRACE,40.6032615,-73.7575291
QN,GIPSON STREET,40.6028736,-73.7597309
QN,BEACH CHANNEL DRIVE,40.5999726,-73.7624997
QN,LORETTA ROAD,40.6028435,-73.7571741
QN,SHORE FRONT PARKWAY,40.5925457,-73.7736378
QN,BEACH 42 STREET,40.5935917,-73.7737711
QN,ROCKAWAY BEACH BLVD,40.5919675,-73.7885859
QN,173 BEACH 38TH STREET,40.593099,-73.7703197
QN,SHORE FRONT PARKWAY,40.5918206,-73.7863108
QN,ROCKAWAY BEACH BLVD,40.5921893,-73.7868101
QN,38-59 SHORE FRONT PARKWAY,40.5930276,-73.7716882
QN,BEACH 38TH STREET,40.5926502,-73.7710053
QN,ROCKAWAY BEACH BLVD,40.5919583,-73.7880747
QN,BEACH 50 STREET,40.5937792,-73.7813067
QN,BEACH 50 STREET,40.5936929,-73.7821352
QN,BEACH 50 STREET,40.5941515,-73.7822453
QN,ROCKAWAY BEACH BOULEVARD,40.5933251,-73.7821076
QN,69 STREET,40.7177622,-73.8894255
QN,252-31 LEITH ROAD,40.766957,-73.7313304
QN,DEMEREST ROAD,40.5985913,-73.819501
QN,69 LANE,40.7173809,-73.8867783
QN,21 AVENUE,40.7739232,-73.9022902
QN,159 STREET,40.6132015,-73.8227607
QN,61 ROAD,40.7185353,-73.8912785
QN,43 STREET,40.7739798,-73.901012
QN,41 STREET,40.7788865,-73.8969246
QN,42 STREET,40.7786422,-73.8969106
QN,423 CROSS BAY BOULEVARD,40.6115471,-73.8197109
QN,PITKIN AVENUE,40.6766427,-73.8591632
QN,80 STREET,40.6773158,-73.8574349
QN,77 STREET,40.6771053,-73.8603736
QN,80 STREET,40.6773735,-73.8574528
QN,BARDWELL AVENUE,40.7077582,-73.747212
QN,5 ROAD,40.6114631,-73.818627
QN,SHAD CREEK ROAD,40.6062785,-73.8224118
QN,197 AVENUE,40.6056241,-73.8181459
QN,CROSS BAY BOULEVARD,40.6099547,-73.8194595
QN,CROSS BAY BOULEVARD,40.6055949,-73.8187438
QN,204 AVENUE,40.6009538,-73.8225304
QN,CROSS BAY BOULEVARD,40.5983621,-73.8203695
QN,100 PLACE,40.5987422,-73.8194466
QN,ROCKAWAY BEACH BOULEVARD,40.5933894,-73.7812756
QN,BEACH 53 STREET,40.5945827,-73.7838246
QN,BEACH 47 STREET,40.595374,-73.7784569
QN,ROCKAWAY BEACH BLVD,40.5936605,-73.773886
BX,561 WEST 249 STREET,40.8972047,-73.9089527
BX,HENRY HUDSON PARKWAY,40.8984831,-73.9082492
BX,HENRY HUDSON PARKWAY,40.8988206,-73.9081112
BX,WEST 249 STREET,40.896912,-73.9101829
BX,WEST 249 STREET,40.8968948,-73.9092931
BX,EDGEWATER ROAD,40.8195093,-73.8832915
BX,WHITTIER STREET,40.8205435,-73.8854936
QN,101 STREET,40.6147407,-73.8206172
QN,6 ROAD,40.609425,-73.8177322
QN,CROSS BAY BOULEVARD,40.6111844,-73.817695
QN,9 ROAD,40.6063075,-73.81809
QN,CROSS BAY BOULEVARD,40.6106601,-73.8194144
QN,CHANNEL ROAD,40.6035947,-73.8192282
QN,17 ROAD,40.6013162,-73.8225546
QN,CHANNEL ROAD,40.6016591,-73.8189382
QN,CHANNEL ROAD,40.6012889,-73.8191264
QN,17 ROAD,40.6009482,-73.822444
QN,18 ROAD,40.6006638,-73.8231685
QN,17 ROAD,40.6012855,-73.8222198
QN,WEST 11 ROAD,40.605529,-73.8223021
QN,204 AVENUE,40.6009091,-73.8219939
QN,17 ROAD,40.6009007,-73.8219147
QN,19 ROAD,40.5995292,-73.8224945
QN,103 STREET,40.6065758,-73.8159392
QN,104 STREET,40.6069241,-73.8158014
QN,8 ROAD,40.6071875,-73.8157143
QN,100 PLACE,40.601918,-73.8194776
QN,CHANNEL ROAD,40.5986903,-73.8195944
QN,CROSS BAY BOULEVARD,40.6116181,-73.819491
QN,CHANNEL ROAD,40.6052001,-73.8190474
QN,99 STREET,40.6064317,-73.8202829
QN,100 PLACE,40.6028995,-73.8187727
QN,200 AVENUE,40.6041572,-73.8226875
BX,RAWLINS AVENUE,40.8394881,-73.8229927
QN,57 WEST 15 ROAD,40.6027577,-73.8228893
QN,CROSS BAY BOULEVARD,40.6114402,-73.81983
QN,EAST 6 ROAD,40.6092961,-73.8178118
QN,CROSS BAY BOULEVARD,40.6105157,-73.8184063
QN,6 ROAD,40.6092561,-73.8185142
QN,CROSS BAY BOULEVARD,40.6126774,-73.8193729
QN,EAST 4 ROAD,40.6126417,-73.8193478
QN,SHAD CREEK ROAD,40.6067438,-73.821503
QN,CROSS BAY BOULEVARD,40.6005618,-73.8210766
QN,CROSS BAY BOULEVARD,40.6141313,-73.8205648
QN,100 PLACE,40.5999441,-73.8192381
QN,CHANNEL ROAD,40.5998379,-73.8198181
BX,LYON AVENUE,40.836161,-73.8497187
BX,STEARNS STREET,40.8390105,-73.8521661
BK,448 86 STREET,40.6217888,-74.0272797
BK,454 86 STREET,40.6217559,-74.027222
BK,456 86 STREET,40.621723,-74.027168
QN,EAST 20 ROAD,40.5986224,-73.8200663
QN,17 ROAD,40.6010572,-73.8237185
QN,18 ROAD,40.60077,-73.8243998
QN,CHANNEL ROAD,40.6009511,-73.8190337
QN,100 ROAD,40.601305,-73.8188995
QN,WEST 18 ROAD,40.6005605,-73.8220021
QN,17 ROAD,40.60091,-73.82082
QN,17 ROAD,40.6009901,-73.8229552
QN,CHANNEL ROAD,40.6018494,-73.8194886
QN,100 PLACE,40.598726,-73.8196123
QN,101 STREET,40.5998838,-73.8193103
QN,19 ROAD,40.5997992,-73.8213631
QN,100 PLACE,40.5986854,-73.8199869
QN,SHAD CREEK ROAD,40.6069107,-73.8212108
QN,EAST 9 ROAD,40.6063207,-73.8177803
QN,18-18 CROSS BAY BOULEVARD,40.5994404,-73.8201181
QN,EAST 18 ROAD,40.6001087,-73.8192124
QN,EAST 9 ROAD,40.6063194,-73.8169808
QN,9 ROAD,40.6061349,-73.8166031
QN,17 ROAD,40.6019657,-73.8219371
QN,CHANNEL ROAD,40.6020524,-73.8194412
QN,9 ROAD,40.6061647,-73.8163689
QN,CHURCH ROAD,40.6027127,-73.8187048
QN,14-04 CHANNEL ROAD,40.6026526,-73.818867
QN,CROSS BAY BOULEVARD,40.6148208,-73.8191654
MN,3 AVENUE,40.7802352,-73.9535254
MN,EAST HOUSTON STREET,40.7212642,-73.9825103
MN,HENDERSON PLACE,40.7753239,-73.9449899
BX,SPENCER DRIVE,40.8424493,-73.8209681
QN,97 PLACE,40.7338216,-73.8612976
BX,DORIS STREET,40.8365928,-73.8504007
BX,DORIS STREET,40.8366396,-73.8504693
BX,KEARNEY AVENUE,40.8392905,-73.824775
MN,AMSTERDAM AVENUE,40.8041504,-73.9619394
MN,CATHEDRAL PARKWAY,40.8021219,-73.961377
BX,PARSIFAL PLACE,40.8395154,-73.8211097
BX,PARSIFAL PLACE,40.839691,-73.8228548
BX,OHM AVENUE,40.8481499,-73.8208588
BX,WATERBURY AVENUE,40.836849,-73.8202568
BX,STADIUM AVENUE,40.8393901,-73.8199464
BX,SIEGFRIED PLACE,40.8401752,-73.8235691
BX,FAIRMOUNT AVENUE,40.8361263,-73.8197601
QN,66 AVENUE,40.7260518,-73.8573631
QN,BELL BOULEVARD,40.7360543,-73.7562412
QN,247 STREET,40.7383159,-73.7211218
QN,BLAKE AVENUE,40.6728817,-73.8585872
QN,77 STREET,40.6630092,-73.856759
QN,BLAKE AVENUE,40.6727727,-73.8592904
QN,BLAKE AVENUE,40.6727537,-73.859431
QN,BLAKE AVENUE,40.6727618,-73.8593625
QN,BLAKE AVENUE,40.6728054,-73.8590704
QN,BLAKE AVENUE,40.6728163,-73.8590055
QN,EMERALD STREET,40.6724216,-73.8594281
QN,AMBER STREET,40.6726051,-73.8591033
QN,7830 NORTH CONDUIT AVENUE,40.6737314,-73.8576805
BK,DEAN STREET,40.6809444,-73.9727322
BK,DEAN STREET,40.6809169,-73.9726349
QN,53 AVENUE,40.7380754,-73.8727349
QN,53 ROAD,40.7307252,-73.888834
QN,AUSTIN STREET,40.706489,-73.8266786
QN,FOREST AVENUE,40.7045933,-73.9020528
QN,66-07 78 STREET,40.7153514,-73.8751086
QN,131-56 40 ROAD,40.7565185,-73.8347203
BK,DEAN STREET,40.6808977,-73.9725375
QN,79 STREET,40.6694807,-73.8562188
QN,78 STREET,40.6691489,-73.8565007
QN,EMERALD STREET,40.6722898,-73.8593923
QN,SHAD CREEK ROAD,40.6068885,-73.8210668
BK,DEAN STREET,40.6808757,-73.9724366
BK,542 DEAN STREET,40.6808482,-73.972314
BK,716 ATLANTIC AVENUE,40.682292,-73.9722737
QN,155 STREET,40.7673413,-73.8099426
QN,3 CONCORD STREET,40.7694524,-73.7291614
QN,32 AVENUE,40.7775434,-73.7533633
QN,36 AVENUE,40.7744778,-73.7509845
QN,30 AVENUE,40.778767,-73.7505749
QN,30 AVENUE,40.7785962,-73.749041
BX,4032A WILDER AVENUE,40.8915099,-73.8409493
BX,4024 SETON AVENUE,40.8920895,-73.8373455
BK,COLES STREET,40.6795834,-74.0050078
BK,HOOPER STREET,40.71057,-73.9516767
BK,EAST 14 STREET,40.6404348,-73.9649369
QN,DWIGHT AVENUE,40.6007142,-73.7667824
BX,BEACH AVENUE,40.8152569,-73.8626307
BK,AVENUE M,40.6193036,-73.9459722
BK,AVENUE J,40.6269622,-73.947425
BK,EAST 40 STREET,40.6396744,-73.9384935
BK,HOPKINSON AVENUE,40.6545434,-73.9101164
BK,108 BRISTOL STREET,40.6684395,-73.9126426
BK,EAST 89 STREET,40.6426779,-73.9103161
BK,EAST 93 STREET,40.6326094,-73.8935117
BX,733 EDISON AVENUE,40.8273218,-73.8218435
BK,30 HAZEL COURT,40.5914729,-73.9286723
BX,EAST 235 STREET,40.896744,-73.8743374
BK,FANE COURT,40.5912771,-73.9271855
BX,1043 OGDEN AVENUE,40.834206,-73.9289722
BX,FRANKLIN AVENUE,40.83006,-73.9041699
BK,73 STREET,40.6293716,-74.0191588
QN,32 AVENUE,40.770721,-73.7869462
BX,3431 EDSON AVENUE,40.8796148,-73.8392167
QN,139 BEACH 29 STREET,40.5932576,-73.7619187
BX,311 COSTER STREET,40.8071193,-73.8858021
QN,109 AVENUE,40.6779344,-73.835546
QN,263 STREET,40.7332291,-73.7043358
QN,32 STREET,40.7710491,-73.9156959
BX,1619 UNDERCLIFF AVENUE,40.8489519,-73.9225587
BK,HARRISON AVENUE,40.7017688,-73.9481919
QN,113 ROAD,40.7019303,-73.7493764
QN,41 STREET,40.7388403,-73.9247725
QN,58 ROAD,40.7206892,-73.9060155
BX,CROSBY AVENUE,40.8420316,-73.8296794
QN,143 STREET,40.6776248,-73.7980089
BK,360I OVINGTON AVENUE,40.6337045,-74.0250652
BX,FOWLER AVENUE,40.850149,-73.8614418
BX,CASLER PLACE,40.8106952,-73.8038619
QN,69 AVENUE,40.7348789,-73.7863572
BK,BRANTON STREET,40.6459979,-73.919825
QN,50 AVENUE,40.7411365,-73.8708814
QN,204 STREET,40.6982199,-73.7496501
QN,217 STREET,40.7078137,-73.7400846
QN,3-05 BEACH 101 STREET,40.5847379,-73.8227643
BX,CRANFORD AVENUE,40.9033958,-73.8480871
QN,47 AVENUE,40.7393072,-73.8968559
BX,CROMWELL AVENUE,40.8245914,-73.9291992
QN,97 STREET,40.7490086,-73.8685997
BX,ROSEDALE AVENUE,40.8367901,-73.8704934
QN,27 STREET,40.7802538,-73.9104738
BK,DREW STREET,40.6721983,-73.8609427
BX,828A EAST 223 STREET,40.884947,-73.8574598
BX,CLEMENTINE STREET,40.886748,-73.8276299
BX,OVERING STREET,40.841635,-73.8463054
QN,150 STREET,40.799156,-73.8186971
BK,RUBY STREET,40.6734228,-73.8612213
BX,MARTHA AVENUE,40.9016655,-73.8648143
QN,97-11 ROCKAWAY BOULEVARD,40.6804536,-73.8410777
QN,123-34 INWOOD STREET,40.6742703,-73.7931811
QN,121-16 ROCKAWAY BEACH BLVD,40.5784558,-73.8421196
QN,57-38 WALDRON STREET,40.7391501,-73.8532285
BX,1037 EAST 223 STREET,40.8835424,-73.8515319
BK,ST JOHNS PLACE,40.6720993,-73.9517442
BX,1437 OUTLOOK AVENUE,40.8441283,-73.8152747
QN,BEACH 43 STREET,40.5997754,-73.7749745
QN,45-14 NORTON AVENUE,40.5984297,-73.7774241
QN,QUEENS MIDTOWN EXPWY,40.7262589,-73.8911757
BX,3210 HULL AVENUE,40.874275,-73.8759925
MN,61 WEST 56 STREET,40.7636065,-73.9770014
MN,57 WEST 56 STREET,40.7635598,-73.9768895
MN,37 WEST 57 STREET,40.764103,-73.9759471
MN,56 WEST 57 STREET,40.7638782,-73.9768569
MN,50 WEST 58 STREET,40.7644297,-73.975947
MN,625 MADISON AVENUE,40.7631221,-73.9712221
MN,EAST 7 STREET,40.7245466,-73.9805252
QN,BEACH 43 STREET,40.600806,-73.7756804
BX,2711 CLAFLIN AVENUE,40.8694223,-73.9015172
MN,666 1 AVENUE,40.7466973,-73.97041
MN,AMSTERDAM AVENUE,40.8152199,-73.9543536
MN,8 AVENUE,40.8282883,-73.9383372
QN,22 ROAD,40.7788009,-73.8257538
BX,1009 PROSPECT AVENUE,40.8237769,-73.9003924
BX,1498 NELSON AVENUE,40.8444875,-73.9203556
QN,469 BEACH 43 STREET,40.5976186,-73.7753094
QN,BEACH 44 STREET,40.5973723,-73.7756667
QN,44-10 NORTON AVENUE,40.5991059,-73.7765396
BX,1630 EDISON AVENUE,40.8444922,-73.8325139
QN,526 BEACH 44 STREET,40.5992364,-73.7758801
QN,47-08 NORTON AVENUE,40.5976253,-73.7787411
QN,212TH STREET,40.7822489,-73.7796117
BX,BATHGATE AVENUE,40.8530563,-73.8929383
QN,UPLAND ROAD,40.7681684,-73.7270583
BX,129 EAST 233 STREET,40.8966913,-73.8713642
BX,234 EAST 236 STREET,40.8978501,-73.8693435
BX,4420 VAN CORTLANDT PARK E,40.9004256,-73.8702681
BX,1880 EAST TREMONT AVENUE,40.8409299,-73.8640197
BX,1603 UNIONPORT ROAD,40.8407235,-73.8635756
BX,1597 UNIONPORT ROAD,40.8404078,-73.8635076
BX,2168 REEDS MILL LANE,40.8819614,-73.8314937
QN,SEAGIRT BOULEVARD,40.5973878,-73.742513
QN,SEAGIRT AVENUE,40.5964072,-73.7421891
QN,SEAGIRT AVENUE,40.5962858,-73.743133
QN,SEAGIRT AVENUE,40.5961442,-73.7423845
QN,GREENWOOD COURT,40.6019919,-73.7479042
QN,43 STREET,40.7587251,-73.9155527
QN,5 OSTEND PLACE,40.5984415,-73.7498081
QN,12-08 HEYSON ROAD,40.5964333,-73.7465064
BX,4312A KEPLER AVENUE,40.8987847,-73.8706186
MN,WEST 116 STREET,40.8050485,-73.955744
QN,37 AVENUE,40.7741356,-73.7488267
QN,50-17 DEEPDALE PLACE,40.7670786,-73.7328931
QN,53-06 ROCKAWAY BEACH BLVD,40.5927768,-73.7838953
QN,ROCKAWAY BEACH BOULEVARD,40.5934471,-73.7827877
QN,GRAND CENTRL PARKWAY,40.7551092,-73.7214774
BX,1904 EDENWALD AVENUE,40.8921535,-73.8459933
MN,140 FULTON STREET,40.7103218,-74.0084657
BX,1363 SENECA AVENUE,40.8195382,-73.884733
QN,51-17 ROCKAWAY BEACH BLVD,40.5927159,-73.7822068
QN,BEACH 100 STREET,40.5841541,-73.8215634
BX,2301 GRAND CONCOURSE,40.8578359,-73.9002618
QN,3-37 BEACH 101 STREET,40.5855182,-73.8232914
QN,258 STREET,40.7290696,-73.7071
MN,475 WEST 152 STREET,40.8295919,-73.9435467
BX,1140 WHEELER AVENUE,40.8271659,-73.8795058
BK,BULWER PLACE,40.6829905,-73.8942028
BX,WEBSTER AVENUE,40.8746651,-73.8737861
BK,34 VERMONT STREET,40.6793472,-73.8960798
QN,79 STREET,40.7048272,-73.871922
QN,101 AVENUE,40.6796646,-73.8613705
BX,3114 EDSON AVENUE,40.87445,-73.8358772
MN,WEST LOOP ROAD,40.7549409,-73.9566291
QN,EAST 20TH ROAD,40.5990429,-73.8204001
QN,325 CROSS BAY BOULEVARD,40.6126629,-73.8206119
QN,17 EAST 10 ROAD,40.605968,-73.8186708
QN,BEACH 87 STREET,40.5888828,-73.812564
QN,HOLLAND AVENUE,40.5853775,-73.8141543
QN,155 BEACH 29TH STREET,40.5934882,-73.7619611
QN,136 BEACH 31ST STREET,40.5936062,-73.7632389
QN,132 BEACH 31ST STREET,40.5934826,-73.7632141
QN,188 BEACH 26 STREET,40.5947859,-73.7590506
BX,REEDS MILL LANE,40.8818738,-73.8316314
BK,641 MIDWOOD STREET,40.6610183,-73.9393209
BX,1535 SHAKESPEARE AVENUE,40.8455135,-73.9195122
BX,1063 CARROLL PLACE,40.8313424,-73.9193848
BX,ROBERTSON PLACE,40.8453926,-73.8234143
MN,MORNINGSIDE AVENUE,40.8117831,-73.9533119
QN,69 STREET,40.7332128,-73.8956169
BX,PROVOST AVENUE,40.8817264,-73.8248331
BX,MERRITT AVENUE,40.8812777,-73.8257347
MN,311 WEST 116 STREET,40.8049772,-73.95595
QN,129-20 HILLSIDE AVENUE,40.703469,-73.8225965
BX,3316 ROMBOUTS AVENUE,40.8809514,-73.8278041
BX,1801 POPHAM AVENUE,40.8515777,-73.9173686
QN,127-16 91 AVENUE,40.6977006,-73.821584
BX,127 EAST 235 STREET,40.8973474,-73.8714027
BK,NATIONAL DRIVE,40.6083804,-73.9020067
QN,128 ROAD,40.6811538,-73.725965
BX,124 EAST 236 STREET,40.897592,-73.8717133
BK,121 VERNON AVENUE,40.6950711,-73.9472884
QN,77 STREET,40.6633493,-73.8565745
QN,77-05 DUMONT AVENUE,40.6717918,-73.8584237
BX,HARLEM RIVER TERRACE,40.8488192,-73.9253168
BK,2156 BERGEN STREET,40.6736133,-73.9089803
QN,135-27 SAPPHIRE STREET,40.6693219,-73.8565436
QN,78 STREET,40.6682676,-73.8562719
QN,14-50 PINSON STREET,40.6095652,-73.7544449
QN,176-29 129 AVENUE,40.6801624,-73.765459
BX,LAYTON AVENUE,40.8353225,-73.8200007
MN,ATTORNEY STREET,40.7197904,-73.9839826
BX,LIEBIG AVENUE,40.9126891,-73.9010044
BX,1376 INWOOD AVENUE,40.8400978,-73.9189911
BX,WEST 246 STREET,40.8926227,-73.9147098
BX,WEST 246 STREET,40.8923425,-73.9143015
BX,4060 BOSTON ROAD,40.8851255,-73.8292796
QN,506 CROSS BAY BOULEVARD,40.6112762,-73.8185231
QN,133-42 76 STREET,40.6716343,-73.8597975
QN,77 STREET,40.6621498,-73.8565338
MN,42 SECOND AVENUE,40.725083,-73.9898548
QN,BROADWAY,40.6551588,-73.8322216
MN,16 WEST 57 STREET,40.7632328,-73.9753265
MN,45 WEST 57 STREET,40.7642623,-73.9763297
MN,43 WEST 57 STREET,40.7642074,-73.9761997
MN,41 WEST 57 STREET,40.7641635,-73.9760951
QN,163 ROAD,40.653026,-73.8283744
MN,21 WEST 56 STREET,40.7630106,-73.9755901
MN,10 WEST 57 STREET,40.7631532,-73.9751352
MN,20 WEST 57 STREET,40.7632987,-73.9754817
MN,54 WEST 57 STREET,40.763848,-73.9767811
MN,33 WEST 57 STREET,40.7640152,-73.9757341
MN,31 WEST 57 STREET,40.7639795,-73.9756475
MN,27 WEST 57 STREET,40.76393,-73.975532
MN,120 EAST 59 STREET,40.7623393,-73.9690385
BK,25 SUNNYSIDE AVENUE,40.680458,-73.8951695
QN,3-12 BEACH 84 STREET,40.5908081,-73.809941
QN,168-33 LIBERTY AVENUE,40.7033994,-73.78943
MN,145 EAST 60 STREET,40.7629069,-73.9672658
MN,155 EAST 60 STREET,40.7627476,-73.9668832
MN,153 EAST 60 STREET,40.7628136,-73.967042
MN,143 EAST 60 STREET,40.7629207,-73.9673777
MN,149 EAST 60 STREET,40.7628657,-73.967172
MN,151 EAST 60 STREET,40.762841,-73.967107
BX,DURYEA AVENUE,40.8936504,-73.8367485
BX,BELL AVENUE,40.8930518,-73.8346377
QN,CROSS BAY BOULEVARD,40.6073551,-73.821026
QN,910 LANARK ROAD,40.6061121,-73.8160522
MN,455 WEST 164 STREET,40.8370463,-73.937675
BX,1862 MAYFLOWER AVENUE,40.8491985,-73.8337599
BX,2162 BATHGATE AVENUE,40.8520416,-73.8938508
BX,3411 WRIGHT AVENUE,40.8809051,-73.8336626
QN,63 AVENUE,40.7400587,-73.8312247
QN,133-35 76 STREET,40.6719932,-73.8593209
QN,28 AVENUE,40.778184,-73.7725915
QN,10-06 CHANNEL ROAD,40.6055453,-73.8186359
QN,1 SEAGIRT AVENUE,40.5962951,-73.7411345
BK,6812 FT HAMILTON PARKWAY,40.6291145,-74.0120183
QN,66 DRIVE,40.713683,-73.878066
BK,EAST 66 STREET,40.6204949,-73.9144524
QN,78 STREET,40.6677106,-73.856493
BX,3303 RADIO DRIVE,40.8438218,-73.8175851
MN,119 EDGECOMBE AVENUE,40.8205821,-73.945704
MN,WEST 113 STREET,40.8026394,-73.9577394
MN,429 WEST 126 STREET,40.8129555,-73.9544491
MN,WEST 126 STREET,40.8131258,-73.954579
MN,487 WEST 129 STREET,40.8149618,-73.9540756
MN,498 WEST 130 STREET,40.8154229,-73.9542089
MN,478 WEST 130 STREET,40.8152115,-73.9538948
MN,460 WEST 128 STREET,40.8138174,-73.954481
BX,205 EAST 163 STREET,40.8281205,-73.9198657
BX,943 GRANT AVENUE,40.8278671,-73.9185869
MN,ST NICHOLAS AVENUE,40.8154684,-73.951344
MN,316 WEST 135 STREET,40.8166607,-73.947622
MN,321 WEST 136 STREET,40.817761,-73.9468588
QN,159-29 90 AVENUE,40.7054417,-73.800334
QN,162 STREET,40.7048534,-73.798251
QN,89-66 163 STREET,40.7052197,-73.7973627
QN,164-08 JAMAICA AVENUE,40.7049441,-73.7951922
BK,108 5 AVENUE,40.6797818,-73.9785121
BK,423 DEAN STREET,40.6825895,-73.9772276
BK,419 DEAN STREET,40.6826252,-73.9773213
MN,303 WEST 151 STREET,40.8270016,-73.9394586
MN,1040 ST NICHOLAS AVENUE,40.8365177,-73.9397354
BX,577 EAST 137 STREET,40.806106,-73.9172806
BX,303 BRUCKNER BOULEVARD,40.8057908,-73.9106129
BX,EAST 139 STREET,40.8067764,-73.9145417
BX,1035 VIRGINIA AVENUE,40.8271128,-73.8592747
BX,1935 WATSON AVENUE,40.8288553,-73.8589856
BX,4331 KEPLER AVENUE,40.8993316,-73.8712578
BK,112 KING STREET,40.6780459,-74.0108158
BK,61 STREET,40.6268589,-73.9963687
BX,127 EAST 233 STREET,40.896675,-73.8714546
BX,1050 GRAND CONCOURSE,40.8314689,-73.9196449
BX,1100 WESTCHESTER AVENUE,40.825217,-73.8904213
BX,929 ROGERS PLACE,40.8220155,-73.8981007
BK,2429 EAST 1 STREET,40.5898906,-73.9688664
BX,72 EAST 237 STREET,40.8980718,-73.8737597
BX,4358 VAN CORTLANDT PARK E,40.8995355,-73.8719953
BK,WALSH COURT,40.6283215,-73.9730095
BK,WALSH COURT,40.6280525,-73.9727574
BX,964 ROGERS PLACE,40.8229867,-73.8975825
BX,836 EAST 165 STREET,40.8239772,-73.9004029
BX,258 EAST 236 STREET,40.8979315,-73.8685838
BX,245A EAST 234 STREET,40.8965562,-73.8683839
BX,812 EAST 165 STREET,40.8241479,-73.9010133
BX,264 EAST 236 STREET,40.8979506,-73.8684029
BX,81 WEST 172 STREET,40.8435344,-73.9193701
BX,210 EAST 237 STREET,40.8984385,-73.870301
BX,4316 KEPLER AVENUE,40.8989522,-73.8706472
BK,34 PRESTON COURT,40.6379093,-73.9243458
BX,47 WEST 170 STREET,40.8408343,-73.9203202
BX,4424 VAN CORTLANDT PARK E,40.9004475,-73.870203
BX,4460 VAN CORTLANDT PARK E,40.9012696,-73.8690293
BX,1509 JESUP AVENUE,40.8437347,-73.9192252
BX,PLIMPTON AVENUE,40.8427213,-73.9224359
BX,1436 PLIMPTON AVENUE,40.8436817,-73.921936
BX,HEATHCOTE AVENUE,40.8857448,-73.8249057
BX,3442A DE LAVALL AVENUE,40.8835046,-73.8282242
BX,3448 DE LAVALL AVENUE,40.8836282,-73.8282962
BX,3528 DE LAVALL AVENUE,40.8848369,-73.8289694
BX,3532 DE LAVALL AVENUE,40.8849633,-73.8290414
BX,3499 ROMBOUTS AVENUE,40.8831992,-73.8295775
BX,3495 ROMBOUTS AVENUE,40.8830758,-73.8296646
BX,3355 BOLLER AVENUE,40.8796225,-73.8349495
BX,3312 BOLLER AVENUE,40.8796766,-73.8344033
BX,3423 HUNTER AVENUE,40.8809396,-73.8347112
BX,3415 WRIGHT AVENUE,40.8810205,-73.8337274
BX,3407 WRIGHT AVENUE,40.8807678,-73.833587
BX,HUNTER AVENUE,40.8805733,-73.8338695
BX,HUNTER AVENUE,40.8803984,-73.8344052
BX,HEATHCOTE AVENUE,40.8862273,-73.8245572
BX,REEDS MILL LANE,40.8817707,-73.8324417
BX,3413 WRIGHT AVENUE,40.8809683,-73.8336986
BX,3409 WRIGHT AVENUE,40.880831,-73.833623
BX,HUNTER AVENUE,40.8813592,-73.8345076
BX,HOLLERS AVENUE,40.8839156,-73.8296119
BX,3512 ROMBOUTS AVENUE,40.8841324,-73.8295824
BX,2230 HOLLERS AVENUE,40.8833314,-73.8298593
BX,2168 REEDS MILL LANE,40.881783,-73.8314689
BX,REEDS MILL LANE,40.8821883,-73.8308748
BX,235 MT EDEN PARKWAY,40.8432243,-73.9083326
BX,239 MT EDEN PARKWAY,40.8431884,-73.9080941
BX,1650 WEEKS AVENUE,40.8430836,-73.9074292
BX,1682 WEEKS AVENUE,40.8439124,-73.9073667
BX,1690 MONROE AVENUE,40.8441422,-73.9064411
BX,1661 WEEKS AVENUE,40.8433502,-73.9079674
BX,1677 EASTBURN AVENUE,40.8440481,-73.9088158
QN,104-20 125 STREET,40.6873794,-73.8192643
BX,29 MT HOPE PLACE,40.8494258,-73.9099253
BX,23 MT HOPE PLACE,40.8494782,-73.9101855
BX,1895 BILLINGSLEY TERRACE,40.8542395,-73.9165773
BX,1856 PHELAN PLACE,40.8537037,-73.9157068
BX,1845 EDISON AVENUE,40.8485737,-73.8325687
BX,1912 OSBORNE PLACE,40.8551007,-73.9157159
QN,103-36 120 STREET,40.6871037,-73.8237939
QN,25-89 36 STREET,40.7668112,-73.9156471
BX,1624 EDISON AVENUE,40.8442892,-73.8325433
BX,3013 MIDDLETOWN ROAD,40.8442689,-73.8299375
BX,1724 JARVIS AVENUE,40.8467689,-73.8296275
BX,1730 EDISON AVENUE,40.8462979,-73.8322853
QN,ATLANTIC AVENUE,40.6909509,-73.840025
QN,87-54 130 STREET,40.7001988,-73.8218767
QN,42-25 QUEENS BOULEVARD,40.7440505,-73.9216738
QN,JAMAICA AVENUE,40.7013211,-73.8252205
QN,124 STREET,40.7018308,-73.8265104
QN,124 STREET,40.7019022,-73.8265354
BX,774 EAST 178 STREET,40.8447624,-73.8877976
QN,132 STREET,40.6886457,-73.8129614
QN,105-04 133 STREET,40.6895709,-73.8130995
QN,103-22 VAN WYCK EXPRESSWAY,40.6909835,-73.8108129
BX,750 EAST 175 STREET,40.8417226,-73.8921253
QN,104-36 133 STREET,40.6898677,-73.8133619
QN,ROCKAWAY BOULEVARD,40.673978,-73.793921
BX,4409 3 AVENUE,40.8516406,-73.8936057
BX,EAST 181 STREET,40.8518658,-73.8937101
BX,2160 BATHGATE AVENUE,40.8519812,-73.8939051
QN,104-11 131 STREET,40.6898583,-73.8143391
QN,146 STREET,40.67488,-73.7918597
BX,EAST 197 STREET,40.8686718,-73.8910258
BX,2731 CRESTON AVENUE,40.8690341,-73.8939141
BX,262 EAST 197TH STREET,40.8680009,-73.8897687
BX,2703 DECATUR AVENUE,40.8651484,-73.8889852
BX,2700 BAINBRIDGE AVENUE,40.8655484,-73.8910309
BX,21 EAST 198 STREET,40.8710908,-73.892027
BX,2879 VALENTINE AVENUE,40.8701278,-73.8894506
BX,2873 VALENTINE AVENUE,40.8700511,-73.8896568
BX,2862 VALENTINE AVENUE,40.8696582,-73.88922
BX,2860 VALENTINE AVENUE,40.8696171,-73.8892887
BX,2866 VALENTINE AVENUE,40.8696993,-73.889144
QN,127 AVENUE,40.6804114,-73.7705201
QN,46 STREET,40.7385846,-73.9200708
QN,172-02 129 AVENUE,40.6791996,-73.7712237
QN,QUEENS MIDTOWN EXPWY,40.7262972,-73.8910494
QN,141-21 84 DRIVE,40.7105542,-73.8162112
QN,178 STREET,40.6786997,-73.7642491
QN,133 AVENUE,40.6776303,-73.7634345
QN,WALDRON STREET,40.7390986,-73.8515867
QN,99 AVENUE,40.7119302,-73.7573791
QN,53-05 102 STREET,40.7413119,-73.8589363
QN,111-10 209 PLACE,40.7060704,-73.7473303
QN,48 STREET,40.7455566,-73.9166304
QN,50-01 QUEENS BOULEVARD,40.7431891,-73.9146016
QN,51-02 ROOSEVELT AVENUE,40.743641,-73.9133199
QN,75 STREET,40.7140925,-73.8785234
QN,DRY HARBOR ROAD,40.7164547,-73.8725057
QN,JUNCTION BOULEVARD,40.7401137,-73.8669247
QN,74 STREET,40.7143676,-73.8791758
QN,98 PLACE,40.7386123,-73.8622655
QN,METROPOLITAN AVENUE,40.7124327,-73.8846297
QN,87-36 162 STREET,40.7087856,-73.800764
QN,88-49 163 STREET,40.7074472,-73.7982468
QN,88-29 163 STREET,40.7079171,-73.7985447
QN,PLEASANTVIEW STREET,40.7130284,-73.8820171
QN,73 PLACE,40.7135152,-73.8803281
QN,71 STREET,40.7325959,-73.8933628
QN,70 STREET,40.7339797,-73.893826
QN,44-12 NORTON AVENUE,40.5991006,-73.7766116
QN,71 STREET,40.7134284,-73.8840292
QN,71-10 52 AVENUE,40.7334544,-73.8927011
QN,71 STREET,40.7318241,-73.8928372
QN,60-66 69 STREET,40.7196804,-73.891825
QN,52-43 70 STREET,40.7323601,-73.8936987
QN,97-44 64TH AVNUE,40.7299868,-73.8587366
QN,63 AVENUE,40.7398414,-73.8254118
QN,HORACE HARDING EXPWY,40.7429232,-73.8343499
QN,13-16 NEW HAVEN AVENUE,40.5979315,-73.747563
QN,13-18 NEW HAVEN AVENUE,40.5979893,-73.747606
QN,9 OSTEND PLACE,40.5985624,-73.7498653
QN,OSTEND PLACE,40.5987743,-73.7501274
QN,311A OSTEND PLACE,40.5982413,-73.7499097
QN,160-15 72 AVENUE,40.7283522,-73.8083905
QN,159 STREET,40.7292777,-73.8103506
QN,WHITESTONE EXPWY,40.7788121,-73.8259307
QN,JEWEL AVENUE,40.7318729,-73.8046315
QN,77 AVENUE,40.7213687,-73.8197457
QN,419 BEACH 43 STREET,40.596331,-73.7751625
QN,469 BEACH 44 STREET,40.5976615,-73.7762167
QN,45-12 NORTON AVENUE,40.5984927,-73.777359
QN,448 BEACH 45 STREET,40.5970994,-73.7764743
QN,138-34 78 ROAD,40.7186223,-73.8222243
QN,483 BEACH 45 STREET,40.5979816,-73.7770871
QN,430 BEACH 43 STREET,40.5967828,-73.7746245
QN,504 BEACH 44 STREET,40.5986297,-73.7758102
QN,500 BEACH 44 STREET,40.5985198,-73.7757961
QN,NORTON AVENUE,40.5971271,-73.7794629
QN,439 BEACH 44 STREET,40.5968489,-73.7761222
QN,445 BEACH 45 STREET,40.5969411,-73.7769645
QN,48-06 NORTON AVENUE,40.5970176,-73.7796217
QN,47-14 NORTON AVENUE,40.5973844,-73.7790876
QN,BEACH 45 STREET,40.5982991,-73.7766143
QN,44-14 NORTON AVENUE,40.5990952,-73.7766836
QN,510 BEACH 44 STREET,40.5988136,-73.7758311
QN,434 BEACH 44 STREET,40.5967134,-73.7755897
QN,429 BEACH 44 STREET,40.5965414,-73.7760908
QN,452 BEACH 46 STREET,40.5971722,-73.7772122
QN,JEWEL AVENUE,40.7309475,-73.8194853
QN,45-12R NORTON AVENUE,40.5986328,-73.7774126
QN,502 BEACH 44 STREET,40.5985748,-73.7758031
QN,JEWEL AVENUE,40.7310132,-73.8193769
QN,14-12 POINT BREEZE PLACE,40.6113252,-73.770682
QN,FABER TERRACE,40.6113419,-73.7653478
QN,132-70 POPLE AVENUE,40.7537288,-73.8301867
QN,12-60 NORTON DRIVE,40.6064147,-73.7692871
QN,BAY 32 STREET,40.6040828,-73.7698713
QN,27-13 COLD SPRING ROAD,40.6051423,-73.7657874
QN,BEACH 5 STREET,40.5948137,-73.740294
QN,1-55 BEACH 5 STREET,40.5950582,-73.7404011
QN,1-51 BEACH 4 STREET,40.5950374,-73.739681
QN,149 BEACH 6 STREET,40.5952286,-73.740476
QN,MEEHAN AVENUE,40.5987864,-73.7431774
QN,SEAGIRT AVENUE,40.5961966,-73.7437455
QN,SEAGIRT AVENUE,40.5964191,-73.7425707
QN,SEAGIRT AVENUE,40.5962989,-73.7428449
QN,SEAGIRT AVENUE,40.5961308,-73.742561
QN,SEAGIRT AVENUE,40.5964531,-73.7418504
QN,2-10 SEAGIRT AVENUE,40.5961631,-73.7386288
QN,BEACH 3 STREET,40.5963251,-73.7386461
QN,239 BEACH 3 STREET,40.5967273,-73.7392639
QN,202 BEACH 3 STREET,40.5961662,-73.7387548
QN,8-22 LANETT AVENUE,40.5989207,-73.7443112
QN,57 AVENUE,40.7475251,-73.8316786
QN,10-16 BEACH 19 STREET,40.6027931,-73.7515816
QN,GATEWAY BOULEVARD,40.6020227,-73.749431
QN,18-59 GATEWAY BOULEVARD,40.5993683,-73.7518896
QN,18-69 GATEWAY BOULEVARD,40.5992697,-73.7520124
QN,3 MORSE COURT,40.6016828,-73.7509087
QN,542 BEACH 19 STREET,40.6003537,-73.7518896
QN,GREENWOOD COURT,40.6019063,-73.7476776
QN,BEACH 17 STREET,40.5969386,-73.7504007
QN,49-37 ANNADALE LANE,40.767523,-73.7315916
QN,203 STREET,40.7450517,-73.7737981
QN,13-12 NEW HAVEN AVENUE,40.5978298,-73.7474734
QN,291 BEACH 15 STREET,40.5978807,-73.7494141
QN,134 STREET,40.7456531,-73.83164
QN,233 BEACH 12 STREET,40.5964385,-73.7463624
QN,BEACH 12 STREET,40.5972978,-73.7464599
QN,311 OSTEND PLACE,40.5981837,-73.7499243
QN,FRANCIS LEWIS BLVD,40.7495592,-73.7783123
QN,45 ROAD,40.7569354,-73.7774647
QN,114-32 149TH AVENUE,40.6692492,-73.8257768
QN,77-12 BLAKE AVENUE,40.6729993,-73.8582769
QN,114-36 149TH AVENUE,40.6692271,-73.8256543
QN,202 STREET,40.7522156,-73.7780796
QN,45 DRIVE,40.756356,-73.7773078
QN,118-09 NORTH CONDUIT AVENUE,40.6665244,-73.8226875
QN,46 ROAD,40.7554305,-73.7770366
QN,CONCORD STREET,40.7695514,-73.7292657
QN,GLENWOOD STREET,40.7720119,-73.7332848
QN,254-04 PEMBROKE AVENUE,40.7717971,-73.7329788
QN,63 AVENUE,40.7395369,-73.8254992
QN,52-05 BROWVALE LANE,40.7661197,-73.7312796
QN,196 STREET,40.7557945,-73.7851531
QN,196 STREET,40.7557341,-73.7851461
QN,196-20 NORTHERN BOULEVARD,40.7574683,-73.7849095
BX,1117 WEST FARMS ROAD,40.8263015,-73.8906905
QN,253-26 NORTHERN BOULEVARD,40.7711228,-73.7345701
QN,196 PLACE,40.7552777,-73.7847289
QN,253-17 PEMBROKE AVENUE,40.7711219,-73.734191
QN,46-11 GLENWOOD STREET,40.7717062,-73.7328456
QN,195 STREET,40.755033,-73.7860074
QN,195-20 NORTHERN BOULEVARD,40.7576984,-73.7861108
QN,254-16 WALDEN AVENUE,40.7706124,-73.7310665
BX,WEBSTER AVENUE,40.8762855,-73.8721956
BX,3474 WEBSTER AVENUE,40.878066,-73.8714364
BX,2729 PALISADE AVENUE,40.8836518,-73.9206414
BK,16 STREET,40.6657769,-73.9912156
MN,83 NASSAU STREET,40.7100693,-74.0082167
MN,8 MAIDEN LANE,40.7093858,-74.0095729
MN,10 MAIDEN LANE,40.7093419,-74.0094791
QN,100-06 ROCKAWAY BEACH BLVD,40.5838712,-73.8214201
QN,100-08 ROCKAWAY BEACH BLVD,40.5838383,-73.8214814
QN,151 CROSS BAY PARKWAY,40.58427,-73.8167172
QN,ROCKAWAY BEACH BLVD,40.5848218,-73.8185266
QN,100-02 ROCKAWAY BEACH BLVD,40.5839286,-73.8213011
QN,3-39 BEACH 101 STREET,40.5856006,-73.8233164
QN,20 AVENUE,40.7819769,-73.9029681
QN,STEINWAY STREET,40.781553,-73.8984443
QN,100-04 ROCKAWAY BEACH BLVD,40.5838985,-73.8213588
QN,BEACH 98 STREET,40.5832443,-73.8190169
QN,GRAND CENTRL PARKWAY,40.7546899,-73.7217427
QN,19-00 48 STREET,40.773824,-73.8955352
QN,20-46 STEINWAY STREET,40.7756065,-73.9031254
BX,2544 MARION AVENUE,40.8623025,-73.8922727
BX,2546 MARION AVENUE,40.8623629,-73.8922328
QN,LIBERTY AVENUE,40.679445,-73.8613169
QN,79 STREET,40.6772554,-73.8574062
QN,14-16 CROSS BAY BOULEVARD,40.6024204,-73.8195879
QN,10-01 CROSS BAY BOULEVARD,40.6057725,-73.8200182
QN,101 EAST 7 ROAD,40.6087229,-73.8180834
QN,214 EAST 9 ROAD,40.6063787,-73.8162963
QN,20-24 DEMEREST ROAD,40.597941,-73.8196072
QN,CROSS BAY BOULEVARD,40.6129293,-73.8207265
QN,CROSS BAY BOULEVARD,40.6129623,-73.8207516
QN,198 AVENUE,40.6051024,-73.8215578
QN,206 EAST 6 ROAD,40.6085338,-73.8165749
QN,10 WEST 12 ROAD,40.6042911,-73.8204796
QN,701 CROSS BAY BOULEVARD,40.6081433,-73.8195616
QN,728 CROSS BAY BOULEVARD,40.6076593,-73.8189903
QN,6 ROAD,40.6089806,-73.8178847
QN,540 CROSS BAY BOULEVARD,40.609956,-73.8185591
QN,CROSS BAY BOULEVARD,40.609834,-73.8194958
QN,9 WEST 9 ROAD,40.6068347,-73.8200117
QN,20-15 CROSS BAY BOULEVARD,40.5983311,-73.8216119
QN,CROSS BAY BOULEVARD,40.6133907,-73.8209089
QN,115 6 ROAD,40.6090725,-73.8169876
QN,18 6 ROAD,40.6090964,-73.8182193
QN,WEST 5 ROAD,40.6109021,-73.8197379
QN,20-14 DEMEREST ROAD,40.598328,-73.8196098
QN,32 WEST 11 ROAD,40.6050857,-73.8213598
QN,CROSS BAY BOULEVARD,40.600896,-73.8206579
QN,203 AVENUE,40.6016647,-73.8225105
QN,198 AVENUE,40.6052136,-73.822447
QN,WEST 20 ROAD,40.5992211,-73.8220524
QN,56 WEST 18 ROAD,40.6003099,-73.8232271
QN,17 ROAD,40.6008811,-73.8216807
QN,33 19 ROAD,40.5998747,-73.8222452
QN,EAST 20TH ROAD,40.5990344,-73.8202776
QN,810 CROSS BAY BOULEVARD,40.6067922,-73.8191151
QN,9 ROAD,40.6066301,-73.8190651
QN,202 EAST 9 ROAD,40.6063603,-73.8168114
QN,112 NOEL ROAD,40.6076409,-73.8177767
QN,9 ROAD,40.606334,-73.8174921
QN,329 CROSS BAY BOULEVARD,40.6125502,-73.8205222
QN,9 NOEL ROAD,40.607991,-73.8187049
QN,21 WEST 18 ROAD,40.6005269,-73.8215988
QN,16 ROAD,40.6016088,-73.8218912
QN,19 WEST 11 ROAD,40.6053894,-73.8207719
QN,201 EAST 9 ROAD,40.6066541,-73.816843
QN,10-11 CROSS BAY BOULEVARD,40.6054295,-73.820066
QN,13 EAST 10 ROAD,40.6059628,-73.8188545
QN,12 WEST 12 ROAD,40.6043049,-73.8205732
QN,37 WEST 13 ROAD,40.6040735,-73.8217838
QN,198 AVENUE,40.6050996,-73.8215182
QN,12-10 CROSS BAY BOULEVARD,40.604037,-73.8195223
QN,CROSSBAY BOULEVARD,40.599232,-73.8202627
QN,EAST 20TH ROAD,40.5990233,-73.8201732
QN,14 ROAD,40.6034547,-73.8227902
QN,308 EAST 8 ROAD,40.6070616,-73.8159559
MN,1637 FIRST AVENUE,40.776726,-73.9500617
QN,102 STREET,40.6083394,-73.816824
QN,610 WALTON ROAD,40.6084189,-73.8168093
QN,CHURCH ROAD,40.6054076,-73.8183446
QN,20-06 DEMEREST ROAD,40.598567,-73.8197604
QN,18-34 CHURCH ROAD,40.5989697,-73.8192731
QN,31 VAN BRUNT ROAD,40.5978118,-73.8195067
QN,20-22 DEMEREST ROAD,40.5980178,-73.8195998
QN,16-22 CHURCH ROAD,40.600449,-73.8191611
QN,20-11 DEMEREST ROAD,40.5983809,-73.8200741
QN,10 WEST 16 ROAD,40.6015167,-73.8209012
QN,11 EAST 9 ROAD,40.6066328,-73.8189823
QN,26 EAST 9 ROAD,40.6062912,-73.8182377
BK,42 STREET,40.6409312,-73.9917774
MN,EAST 2 STREET,40.7213602,-73.9823985
BX,FAIRMOUNT AVENUE,40.8364293,-73.8204314
BX,MARAN PLACE,40.8539061,-73.8680852
MN,461 WEST 125 STREET,40.8131015,-73.9556086
MN,4 HANCOCK PLACE,40.8100541,-73.9537683
MN,2173 FREDRICK DOUGLASS BL,40.8053913,-73.9550719
MN,310 WEST 118 STREET,40.8058498,-73.95531
MN,314 WEST 118 STREET,40.8059047,-73.9554436
MN,WEST 117 STREET,40.8062676,-73.9570653
BX,MIDDLETOWN ROAD,40.8481332,-73.8207107
BX,OHM AVENUE,40.8479988,-73.8207978
BX,FAIRMOUNT AVENUE,40.836083,-73.8219032
BX,COUNTRY CLUB ROAD,40.8424336,-73.8250703
QN,261 STREET,40.7328738,-73.7059899
QN,82-66 247 STREET,40.736713,-73.7211646
BX,1531 ROBERTSON PLACE,40.8449124,-73.8234445
BX,GRISWOLD AVENUE,40.8444396,-73.8229868
BX,3185 GRISWOLD AVENUE,40.8444077,-73.8219098
QN,87 ROAD,40.7295656,-73.7067694
BX,3135 WATERBURY AVENUE,40.8389957,-73.8240855
BX,WATERBURY AVENUE,40.8385795,-73.8246901
BX,DWIGHT PLACE,40.8456356,-73.8243354
QN,257 STREET,40.7281955,-73.7076919
BX,1106 CLARENCE AVENUE,40.8359493,-73.8188643
QN,98-60 QUEENS BOULEVARD,40.7275054,-73.8564436
QN,127 264 STREET,40.7348101,-73.7032823
BX,520 EAST 236 STREET,40.8985316,-73.8629614
QN,87 AVENUE,40.7313796,-73.7055816
BX,4281 VIREO AVENUE,40.8983051,-73.8640868
QN,259 STREET,40.7300698,-73.7064461
BK,123 VERNON AVENUE,40.6950793,-73.9472163
BK,890 MYRTLE AVENUE,40.6954277,-73.9466714
MN,89 ST NICHOLAS PLACE,40.8306942,-73.9412692
BK,119 VERNON AVENUE,40.6950629,-73.9473569
BK,884 MYRTLE AVENUE,40.6954031,-73.9469023
QN,75-20 BLAKE AVENUE,40.672609,-73.8600586
QN,RUBY STREET,40.6721288,-73.8601533
QN,133-29 76 STREET,40.6720729,-73.8593387
QN,149-10 79 STREET,40.6683031,-73.8561853
QN,57 STREET,40.69322,-73.8968948
QN,78-05 149 AVENUE,40.6688526,-73.8566023
QN,78 STREET,40.6690364,-73.8564973
QN,133-25 76 STREET,40.6721799,-73.8593673
QN,77-09 DUMONT AVENUE,40.6718299,-73.8581568
QN,133-40 76 STREET,40.6718018,-73.8598584
QN,149-39 SAPPHIRE STREET,40.6675951,-73.8562914
QN,88 ROAD,40.7285358,-73.7164254
QN,DORMANS ROAD,40.5899158,-73.813166
BX,3341 PROVOST AVENUE,40.8821867,-73.8260542
QN,78 STREET,40.7271517,-73.8834677
QN,9 AVENUE,40.7891207,-73.842624
BK,EAST 21 STREET,40.6467239,-73.9588977
BK,39 GRACE COURT,40.6943613,-73.9973062
BK,37 GRACE COURT,40.6944272,-73.9973675
BK,761 FLATBUSH AVENUE,40.6543298,-73.9592137
BK,763 FLATBUSH AVENUE,40.6542749,-73.9592065
BK,757 FLATBUSH AVENUE,40.6544176,-73.9592281
BK,3532 NOSTRAND AVENUE,40.5977274,-73.9417118
BK,5379 PRESTON COURT,40.6391521,-73.9235445
BK,36 PRESTON COURT,40.6379531,-73.9242557
BK,24 PRESTON COURT,40.637753,-73.9246486
BK,96 STREET,40.6152961,-74.0321611
BX,LELAND AVENUE,40.8352268,-73.8643855
BK,SUNNYSIDE AVENUE,40.6812247,-73.8932538
BK,128 CLEVELAND STREET,40.6820252,-73.8864526
BK,5 AVENUE,40.6818565,-73.9764671
BK,452 BERGEN STREET,40.6809864,-73.9763809
BK,454 BERGEN STREET,40.6809644,-73.9763232
QN,7 AVENUE,40.795253,-73.8152623
BK,66 ADELPHI STREET,40.6958018,-73.9727261
BK,114 ADELPHI STREET,40.6942866,-73.9723914
BK,341 MYRTLE AVENUE,40.693466,-73.9726153
BK,27 MARCUS GARVEY BLVD,40.6988558,-73.9409021
BK,189A ROCKAWAY AVENUE,40.6759943,-73.9106895
BK,BEDFORD AVENUE,40.5892612,-73.94483
BK,BEDFORD AVENUE,40.5894669,-73.9443581
BK,BEDFORD AVENUE,40.5895025,-73.9443545
BK,2349 DEAN STREET,40.6749287,-73.9098041
BK,2026A BERGEN STREET,40.6738692,-73.9133709
BK,219 ROCKAWAY AVENUE,40.6751435,-73.9107375
BK,EASTERN PARKWAY,40.6750186,-73.9089748
BK,2272 ATLANTIC AVENUE,40.6759994,-73.9101451
BK,BERGEN STREET,40.6737689,-73.911482
BK,ROCKAWAY AVENUE,40.6759065,-73.910704
BK,2297 PACIFIC STREET,40.675686,-73.909511
BK,BERGEN STREET,40.6737417,-73.9117524
BK,150 CHESTNUT STREET,40.6840539,-73.8761227
BK,102 HEMLOCK STREET,40.6875164,-73.8722833
BK,EAST 2 STREET,40.5897725,-73.9684704
BK,EAST 1 STREET,40.5879856,-73.9685073
BK,AVENUE Y,40.5889624,-73.9672935
BK,MANHATTAN COURT,40.5881884,-73.9672326
BK,WEST STREET,40.5880435,-73.969465
BK,ETNA STREET,40.6873869,-73.8718833
BK,AVENUE Z,40.5861326,-73.9675541
BK,EAST 2 STREET,40.5869863,-73.9679461
BK,AVENUE Z,40.5863411,-73.9671435
BK,SHORE PARKWAY,40.5849687,-73.9671226
MN,EAST 40 STREET,40.7475069,-73.9697456
BK,SHORE PARKWAY,40.5850043,-73.9670146
BX,1373 LELAND AVENUE,40.8350209,-73.8643534
BK,1980 EAST 2 STREET,40.60112,-73.9706257
BK,1933 EAST 1 STREET,40.6011229,-73.9709967
BK,1830 OCEAN PARKWAY,40.6039682,-73.9672969
BK,OCEAN PARKWAY,40.6002131,-73.9665461
BK,1824 OCEAN PARKWAY,40.6041027,-73.9673221
BK,1960 EAST 5 STREET,40.6027305,-73.9681006
BK,586 EAST 22 STREET,40.6379673,-73.9569033
BK,WALSH COURT,40.6281595,-73.972761
BK,12 BRIGHTON 10 LANE,40.5804179,-73.9589241
BX,SECOR AVENUE,40.8904265,-73.831805
BK,CASS PLACE,40.5826836,-73.9548473
BK,56 DRIVE,40.6091144,-73.9136746
BX,1374 LELAND AVENUE,40.8351464,-73.8637533
QN,50 MARVIN STREET,40.5932459,-73.7602552
BK,HAZEL COURT,40.5923466,-73.9300468
BX,1584 WHITE PLAINS ROAD,40.8406114,-73.8639264
BX,1894 EAST TREMONT AVENUE,40.8409844,-73.8636944
BK,EAST 72 STREET,40.6238821,-73.9110258
QN,60-20 246 PLACE,40.7571688,-73.7311569
QN,24-24 82 STREET,40.7642041,-73.887233
QN,54 AVENUE,40.738429,-73.8698546
QN,199 STREET,40.6905438,-73.7514133
BK,1346 EAST 66 STREET,40.6213191,-73.9154311
BK,1340 EAST 66 STREET,40.6214317,-73.9155535
BX,505 MINNIEFORD AVENUE,40.8523605,-73.7885788
QN,90-30 64 ROAD,40.7232015,-73.8607965
QN,64-53 ELLWELL CRESCENT,40.7210276,-73.8630919
MN,57 ANN STREET,40.7104098,-74.0064241
MN,304 PEARL STREET,40.7082086,-74.0026799
BX,1773 TOPPING AVENUE,40.8460658,-73.9059215
BX,1745 TOPPING AVENUE,40.8452809,-73.9059913
BX,419 EAST 237 STREET,40.899502,-73.8642653
BX,441 EAST 239 STREET,40.9009207,-73.8639838
BX,1780 TOPPING AVENUE,40.8462987,-73.9053501
BX,200 MT HOPE PLACE,40.8481985,-73.9059727
BX,1852 ANTHONY AVENUE,40.8480398,-73.9032223
BX,3326 EDSON AVENUE,40.8780729,-73.8377342
BX,3337 BAYCHESTER AVENUE,40.8783718,-73.8375092
BX,3435 EDSON AVENUE,40.8798043,-73.8393247
BX,3437 EDSON AVENUE,40.8798675,-73.8393607
BX,3427 BAYCHESTER AVENUE,40.8796657,-73.8383342
BX,3335 BAYCHESTER AVENUE,40.8783086,-73.8374768
BX,3421 GRACE AVENUE,40.8793332,-73.8400418
BX,3411A GRACE AVENUE,40.8789651,-73.8398366
QN,76 STREET,40.7067645,-73.8739345
BK,104 JACKIE ROBINSON PKWY,40.6830135,-73.8952953
BX,WEBSTER AVENUE,40.8336624,-73.9092384
BX,2251 WEBSTER AVENUE,40.8555955,-73.8964009
BX,WEBSTER AVENUE,40.8561551,-73.8960385
BX,373 EAST 167 STREET,40.8311666,-73.9116773
BX,2274 TILLOTSON AVENUE,40.8822595,-73.8270196
BX,1676 NELSON AVENUE,40.8475541,-73.9174821
BX,8 CLIFFORD PLACE,40.8467306,-73.9136084
BX,3401 ELY AVENUE,40.8780489,-73.8402185
QN,87-41 130 STREET,40.7006402,-73.8214968
QN,87-32 133 STREET,40.7012765,-73.819425
QN,333 BEACH 92 STREET,40.5879235,-73.8168259
QN,3-42A BEACH 88 STREET,40.5895835,-73.8130409
QN,87-03 BEACH CHANNEL DRIVE,40.5902423,-73.8130858
BX,2469 WEBSTER AVENUE,40.8604315,-73.8931469
QN,3-06 BEACH 84 STREET,40.5907039,-73.8099917
QN,3-42 BEACH 84 STREET,40.5916531,-73.8096937
QN,3-07 BEACH 74 STREET,40.5911222,-73.8025373
QN,307 BEACH 85 STREET,40.58966,-73.8111324
QN,BEACH 84 STREET,40.5913897,-73.8097665
QN,341 BEACH 84 STREET,40.591728,-73.8101508
QN,3-48 BEACH 84 STREET,40.591793,-73.8096537
BX,3375 GRACE AVENUE,40.8776274,-73.8390443
BX,ADEE AVENUE,40.8709962,-73.8371404
BX,3307 BAYCHESTER AVENUE,40.8776164,-73.8370844
BX,3380 GRACE AVENUE,40.8781017,-73.8387141
QN,318 BEACH 89 STREET,40.5887173,-73.8137202
QN,2-28 BEACH 87 STREET,40.5882753,-73.812004
QN,52 MARVIN STREET,40.5931635,-73.7602411
QN,42 MARVIN STREET,40.5934875,-73.7603011
QN,3-47 BEACH 90 STREET,40.5888298,-73.8154373
QN,BEACH 27 STREET,40.5928719,-73.7599469
BX,3373 GRACE AVENUE,40.8774679,-73.8388675
BX,2800 ELY AVENUE,40.8686656,-73.8349369
QN,BEACH 91 STREET,40.5852892,-73.8138558
QN,BEACH 84 STREET,40.5873308,-73.8101849
QN,141 BEACH 92 STREET,40.584843,-73.8145734
QN,90-13 ROCKAWAY BEACH BLVD,40.5867088,-73.8142046
QN,BEACH 27 STREET,40.5931465,-73.7599891
QN,BEACH 27 STREET,40.592699,-73.7599151
QN,BEACH 28 STREET,40.59265,-73.7601493
QN,48 MARVIN STREET,40.5933173,-73.7602693
QN,46 MARVIN STREET,40.5933859,-73.7602799
QN,154 BEACH 30TH STREET,40.5933764,-73.7623179
QN,159 BEACH 29TH STREET,40.5935981,-73.7619823
QN,149 BEACH 29TH STREET,40.5933262,-73.7619328
QN,BEACH 30TH STREET,40.5929437,-73.7627552
QN,BEACH 24 STREET,40.5928373,-73.7578118
QN,114 BEACH 24 STREET,40.5930613,-73.7573033
QN,161 BEACH 29TH STREET,40.593653,-73.7619929
QN,163 BEACH 24 STREET,40.5938036,-73.7578983
QN,78 AVENUE,40.7112662,-73.838941
QN,121-22 HOOK CREEK BOULEVARD,40.6825511,-73.7260711
QN,BEACH 25 STREET,40.5951275,-73.7582896
QN,163 BEACH 29TH STREET,40.5937052,-73.7619999
QN,151 BEACH 29TH STREET,40.5933811,-73.7619434
QN,BEACH 28 STREET,40.5954458,-73.7608919
QN,SEAGIRT BOULEVARD,40.5958642,-73.7614413
QN,161 BEACH 30TH STREET,40.5935725,-73.7628682
QN,159 BEACH 30TH STREET,40.5935148,-73.7628576
QN,134 BEACH 31ST STREET,40.5935485,-73.7632283
QN,171 BEACH 30TH STREET,40.5938553,-73.7629212
QN,142 BEACH 31ST STREET,40.5937874,-73.7632707
QN,BEACH 30TH STREET,40.5933418,-73.7628258
QN,138 BEACH 31ST STREET,40.5936638,-73.7632495
QN,140 BEACH 31ST STREET,40.5937215,-73.7632601
QN,165 BEACH 30TH STREET,40.593685,-73.7628894
QN,163 BEACH 30TH STREET,40.5936301,-73.7628787
QN,30-01 SEAGIRT AVENUE,40.5945068,-73.7634013
QN,175 BEACH 30TH STREET,40.5939816,-73.7629423
QN,169 BEACH 30TH STREET,40.5938004,-73.7629106
QN,167 BEACH 30TH STREET,40.5937427,-73.7629
QN,157 BEACH 29TH STREET,40.5935431,-73.7619717
QN,29-14 LEWMAY ROAD,40.5944746,-73.7624293
BX,1905 PATTERSON AVENUE,40.8136911,-73.8570777
QN,128 DRIVE,40.6802545,-73.7275371
QN,128 DRIVE,40.6802759,-73.7273207
QN,128 DRIVE,40.680259,-73.7271044
QN,128 DRIVE,40.6802364,-73.7268701
QN,128 DRIVE,40.6804313,-73.7268657
QN,128 DRIVE,40.6804264,-73.7270893
QN,128 DRIVE,40.6804434,-73.727338
QN,156 BEACH 30TH STREET,40.5934423,-73.7623321
QN,153 BEACH 29TH STREET,40.5934333,-73.7619505
QN,246-16 52 AVENUE,40.7608511,-73.7366144
QN,BROOKVILLE BOULEVARD,40.6762635,-73.7310108
QN,129 ROAD,40.6786728,-73.7284016
QN,18 MARVIN STREET,40.5943058,-73.7604494
QN,173 BEACH 30TH STREET,40.5939129,-73.7629318
QN,191-20 102 AVENUE,40.7082671,-73.7659047
BK,717 MYRTLE AVENUE,40.6950411,-73.9541582
QN,193-10 99 AVENUE,40.7099572,-73.7655922
QN,HOLLIS AVENUE,40.7092995,-73.7674377
BX,1590 JESUP AVENUE,40.8456167,-73.9179796
QN,OVERBROOK STREET,40.7646971,-73.739267
BX,1786 SEDGWICK AVENUE,40.8519971,-73.9203791
BK,88 CRESCENT STREET,40.6871966,-73.8735748
BK,WHARTON PLACE,40.6880674,-73.8741573
BX,1793 MONTGOMERY AVENUE,40.8515721,-73.917177
MN,225 EAST BROADWAY,40.7141146,-73.9867327
BK,CRESCENT STREET,40.6872955,-73.8736467
BX,3343 PROVOST AVENUE,40.882313,-73.8261262
BX,1634 POPHAM AVENUE,40.8488574,-73.9207624
BX,2370 HOLLERS AVENUE,40.8853606,-73.8231744
BX,NOELL AVENUE,40.8821881,-73.8251754
BX,SEDGWICK AVENUE,40.850269,-73.9219644
BK,741 ROCKAWAY PARKWAY,40.6514958,-73.9089853
QN,57 ROAD,40.7267541,-73.8924088
MN,611 EAST 6 STREET,40.7243572,-73.9807634
BK,FLATBUSH AVENUE,40.602667,-73.913845
QN,173-05 137 AVENUE,40.6732722,-73.767776
QN,44-16 NORTON AVENUE,40.5990899,-73.7767593
BK,148 SACKMAN STREET,40.6747257,-73.9065093
BK,2350 ATLANTIC AVENUE,40.6758406,-73.9072396
BK,2411 DEAN STREET,40.6747923,-73.9074033
BK,BERGEN STREET,40.6736187,-73.9089226
BK,EAST NEW YORK AVENUE,40.6733361,-73.9089987
BK,1733 ST MARKS AVENUE,40.6732596,-73.9094386
BK,EASTERN PARKWAY,40.6742915,-73.9093579
QN,13-66 MCBRIDE STREET,40.6075141,-73.7566853
BK,BERGEN STREET,40.6736024,-73.9091678
BK,2220 NATIONAL DRIVE,40.6065443,-73.9161449
QN,REDFERN AVENUE,40.6063276,-73.7537293
QN,72-36 43 AVENUE,40.7420276,-73.8912257
QN,21-07 BIRDSALL AVENUE,40.6067686,-73.7533171
QN,31-25 LINDEN PLACE,40.7687232,-73.8319788
QN,13-84 PINSON STREET,40.6078811,-73.7549949
QN,13-80 PINSON STREET,40.6077823,-73.7550241
QN,678 CEDAR LAWN AVENUE,40.6056669,-73.7415987
QN,MOBILE ROAD,40.60415,-73.7444964
QN,BEACH 12 STREET,40.6090844,-73.747863
QN,12-46 CENTRAL AVENUE,40.6086841,-73.7480734
BX,615 THWAITES PLACE,40.8592798,-73.870099
BX,2282 BRONX PARK EAST,40.8596122,-73.8703767
BK,586 MILFORD STREET,40.6648316,-73.87299
QN,12-60 BRUNSWICK AVENUE,40.6093326,-73.7496664
BK,255 MAYFAIR DRIVE NORTH,40.6115283,-73.9047682
QN,6-15 READS LANE,40.6016346,-73.7415243
QN,94-07 101 AVENUE,40.6843641,-73.8465814
BK,EAST 38 STREET,40.6381548,-73.9403361
QN,WILLIAMS COURT,40.5992527,-73.7492289
QN,31-36 MOTT AVENUE,40.6109884,-73.7683456
BK,2560 NATIONAL DRIVE,40.6052562,-73.9045322
QN,11-52 NEILSON STREET,40.6063598,-73.7483163
QN,11-06 NEILSON STREET,40.6050717,-73.747997
BX,1940 GRAND CONCOURSE,40.8501984,-73.9047951
BX,2095 ANTHONY AVENUE,40.8538821,-73.9018041
BK,EBONY COURT,40.5926832,-73.9284946
QN,79 STREET,40.7064851,-73.8719693
QN,VIRGINIA STREET,40.6073627,-73.7438467
BK,EAST 67 STREET,40.6192301,-73.9115795
QN,ASTORIA BOULEVARD,40.7655479,-73.8889274
BK,FRANK COURT,40.5887633,-73.9237498
QN,151-01 79 STREET,40.6669736,-73.8553158
MN,50-58 CLIFF STREET,40.7085187,-74.0040325
BX,1671 BAY SHORE AVENUE,40.8484231,-73.8165893
BX,3371 AGAR PLACE,40.8394391,-73.8162166
BX,3368 AGAR PLACE,40.8388513,-73.8159652
BX,RESEARCH AVENUE,40.847489,-73.8194835
BX,1640 STADIUM AVENUE,40.8474457,-73.819845
BX,1508 RESEARCH AVENUE,40.8448919,-73.8190677
QN,310 BEACH 28 STREET,40.5964618,-73.7610863
QN,128-58 238 STREET,40.6804734,-73.7295768
QN,128-03 ROCKAWAY BEACH BLVD,40.575932,-73.8472696
BX,1365 SENECA AVENUE,40.8195654,-73.8845523
BX,2336 VALENTINE AVENUE,40.8577291,-73.897417
QN,78 AVENUE,40.7211611,-73.8152223
QN,PARSONS BOULEVARD,40.7176868,-73.8088468
MN,EAST 52 STREET,40.7540072,-73.9631483
BX,JOHNSON AVENUE,40.8795786,-73.9129076
QN,92-30 UNION HALL STREET,40.7033266,-73.7978337
QN,92-09 UNION HALL STREET,40.7039271,-73.797482
QN,164-02 JAMAICA AVENUE,40.7047658,-73.7952794
QN,164-06 JAMAICA AVENUE,40.7050239,-73.7953255
QN,163-25 ARCHER AVENUE,40.7040167,-73.7954151
QN,90-36 161 STREET,40.7043332,-73.7989956
BK,EAST 4 STREET,40.6247943,-73.9724886
BK,1047 DAHILL ROAD,40.6222919,-73.9762828
BK,4652 BAY PARKWAY,40.6244977,-73.9716277
QN,ROCKAWAY BEACH BLVD,40.5789432,-73.8412653
BX,1020 CARROLL PLACE,40.8301539,-73.9192851
QN,BEACH 119 STREET,40.5780322,-73.8395143
QN,116-11 BEACH CHANNEL DRIVE,40.5815089,-73.8388111
QN,101-26 91 STREET,40.6824244,-73.8493008
BK,AVENUE Y,40.5881124,-73.9704226
BK,WEST 2 STREET,40.5887578,-73.9720642
BK,EAST 9 STREET,40.602191,-73.9629764
BX,215 EAST 163RD STREET,40.8280461,-73.9195225
BK,436 ETNA STREET,40.6881097,-73.8678038
BK,48 GRANT AVENUE,40.6898156,-73.8690877
QN,126-50 NORTHERN BL SR SOUTH,40.7611731,-73.84417
BX,2260 MORRIS AVENUE,40.8573735,-73.902005
MN,53 AVENUE D,40.7217903,-73.9777373
QN,32-21 LINDEN STREET,40.7671276,-73.8313258
QN,32-35 LINDEN STREET,40.7668529,-73.8312146
QN,32-25 LINDEN STREET,40.7670287,-73.8312863
QN,32-19 LINDEN STREET,40.7672099,-73.8313581
BK,PENNSYLVANIA AVENUE,40.6532108,-73.8839645
BK,VAN SICLEN AVENUE,40.6462482,-73.8769533
QN,32 AVENUE,40.7560441,-73.8992773
BX,0 XXX,40.8575586,-73.882697
BX,MEAD STREET,40.8421745,-73.8675012
BK,925 OCEAN AVENUE,40.6400869,-73.958754
BX,WEST FORDHAM ROAD,40.8617913,-73.9143047
BK,LAKE STREET,40.5978326,-73.9742389
QN,87 AVENUE,40.7055858,-73.8194385
QN,148-21 HOOK CREEK BOULEVARD,40.654427,-73.7256567
BX,250 WEST FORDHAM ROAD,40.8614591,-73.9106465
QN,CHANNEL ROAD,40.5980722,-73.8192756
BX,EAST 138TH STREET,40.8139054,-73.932415
QN,BELL BOULEVARD,40.7843496,-73.7786731
BK,MILLER AVENUE,40.6743314,-73.8919418
BK,GLENMORE AVENUE,40.674013,-73.8919063
BK,EAST 38 STREET,40.6150979,-73.9342011
BK,LINDEN BOULEVARD,40.6577482,-73.8988202
BX,EAST 197 STREET,40.8666741,-73.8886139
BK,1970 FULTON STREET,40.6785096,-73.9195948
BK,1531 BROADWAY,40.686926,-73.9169885
BX,SEDGWICK AVENUE,40.8606365,-73.9116165
BX,BRUCKNER BOULEVARD,40.8309852,-73.8323203
BK,2029 WEST 8 STREET,40.5978446,-73.9793342
BK,LEXINGTON AVENUE,40.6872858,-73.957827
BK,21 AVENUE,40.6000368,-73.9990205
QN,167 STREET,40.7199945,-73.8003661
QN,168 STREET,40.7201879,-73.7994961
MN,522 WEST 37 STREET,40.7568128,-73.9991229
BK,342 VAN SICLEN AVENUE,40.6715164,-73.8902953
BK,329 VAN SICLEN AVENUE,40.67187,-73.8898189
BK,LAKE STREET,40.5913687,-73.9745979
BX,KINNEAR PLACE,40.8358463,-73.8441866
BX,FERRIS PLACE,40.8394853,-73.8418037
BX,FERRIS PLACE,40.8397251,-73.8406033
BX,ZEREGA AVENUE,40.8360849,-73.8461195
BX,WATERBURY AVENUE,40.8345347,-73.8465423
BX,3147 FAIRFAX AVENUE,40.8347696,-73.8227921
QN,114-65 FARMERS BOULEVARD,40.6962905,-73.7613741
QN,92 STREET,40.758984,-73.8769471
QN,78 STREET,40.7181963,-73.8763262
BK,1689 BROADWAY,40.6843258,-73.9121494
BK,1964 FULTON STREET,40.6785207,-73.9198075
QN,3-11 BEACH 104 STREET,40.5842545,-73.826193
QN,111-02 BEACH CHANNEL DRIVE,40.5832945,-73.8340654
QN,170 BEACH 114 STREET,40.5794965,-73.834658
BK,431 HOYT STREET,40.6763335,-73.9942101
QN,SOUTH CONDUIT AVENUE,40.6662341,-73.7357733
QN,NORTH CONDUIT AVENUE,40.666375,-73.7314327
QN,HARROW STREET,40.7141893,-73.8448642
BX,BLONDELL AVENUE,40.8420201,-73.8429108
BX,MARVIN PLACE,40.8415353,-73.8477405
QN,137-31 45 AVENUE,40.7516071,-73.8228942
QN,108-10 NORTH CONDUIT AVENUE,40.6685263,-73.8324331
QN,24 AVENUE,40.7774171,-73.8132176
QN,28 ROAD,40.7774166,-73.7703916
BK,LOUIS PLACE,40.6771051,-73.916907
QN,142 AVENUE,40.6700829,-73.7733458
BX,PAINE STREET,40.8365128,-73.8302789
QN,164-26 LIBERTY AVENUE,40.7013329,-73.7926319
QN,158-18 BEAVER ROAD,40.7014158,-73.8007499
QN,158-05 LIBERTY AVENUE,40.7002804,-73.7980954
BK,1903 ATLANTIC AVENUE,40.6772125,-73.9213197
BK,1901 ATLANTIC AVENUE,40.6772153,-73.9213737
BK,2128 FULTON STREET,40.6781006,-73.9120206
BK,2012A FULTON STREET,40.6784011,-73.9175327
BK,1903A ATLANTIC AVENUE,40.6771823,-73.9212656
BK,FULTON STREET,40.6784623,-73.9187008
BK,1994 FULTON STREET,40.6784567,-73.9185602
BK,FULTON STREET,40.6784512,-73.9184881
BK,1966 FULTON STREET,40.678518,-73.9197354
BK,1992 FULTON STREET,40.6784595,-73.9186323
BK,154 MAC DOUGAL STREET,40.6796259,-73.9146361
QN,240 STREET,40.77004,-73.74738
BX,BOSTON ROAD,40.840357,-73.8795795
BX,BRONX PARK SOUTH,40.8440994,-73.878192
BX,ARTHUR AVENUE,40.844167,-73.8938634
BK,BOGART STREET,40.7114844,-73.9357328
BK,1589 ATLANTIC AVENUE,40.6779317,-73.9344348
BK,480 PACIFIC STREET,40.6846956,-73.9821774
BK,MONROE STREET,40.6848766,-73.9526292
BK,210 MONROE STREET,40.6852273,-73.9509884
BK,406 NOSTRAND AVENUE,40.6853288,-73.950826
BK,492 GREENE AVENUE,40.6881916,-73.9509681
QN,220 STREET,40.7666647,-73.7632591
BK,494 GREENE AVENUE,40.6881998,-73.9508924
BK,784 MYRTLE AVENUE,40.6949246,-73.9510245
BK,786 MYRTLE AVENUE,40.6949355,-73.9509343
BK,798 MYRTLE AVENUE,40.6949984,-73.9504006
BK,MYRTLE AVENUE,40.6949464,-73.9508442
BK,MYRTLE AVENUE,40.6949574,-73.950754
BK,792 MYRTLE AVENUE,40.6949656,-73.9506675
BK,796 MYRTLE AVENUE,40.6949875,-73.9504907
BK,800 MYRTLE AVENUE,40.6950066,-73.950314
BK,512 STERLING PLACE,40.6739503,-73.9615234
QN,9 AVENUE,40.7890868,-73.8419307
BX,949 BOYNTON AVENUE,40.8232991,-73.8774352
QN,CLINTONVILLE STREET,40.7806281,-73.8063697
QN,GRENFELL STREET,40.7095175,-73.8311001
BK,EASTERN PARKWAY,40.6723616,-73.9125221
MN,542 WEST 36 STREET,40.7564779,-74.0002094
MN,11 AVENUE,40.7568841,-73.9996679
MN,WEST 36TH STREET,40.7566618,-73.999307
BX,PROSPECT AVENUE,40.8551149,-73.8818337
BX,DEWITT PLACE,40.8667217,-73.8484746
QN,58 STREET,40.7437942,-73.9056329
MN,2803 FREDRICK DOUGLASS BL,40.8255967,-73.9402692
QN,CROSS ISLAND PARKWAY,40.7854442,-73.7977902
MN,WEST 33 STREET,40.7549792,-74.0043999
BX,3 AVENUE,40.8499841,-73.8950252
MN,109 WEST 126 STREET,40.8089142,-73.9455149
MN,WEST 129 STREET,40.8109256,-73.9445017
QN,90-43 DESARC ROAD,40.673533,-73.8443604
QN,130 STREET,40.7799268,-73.8373884
MN,WEST 129 STREET,40.8108409,-73.9454627
BX,DE REIMER AVENUE,40.8828475,-73.83884
BX,BAYCHESTER AVENUE,40.882675,-73.8391333
BX,GARRETT PLACE,40.8888899,-73.8340079
BK,4 AVENUE,40.6636966,-73.9950546
BK,41 STREET,40.6448235,-73.9960866
QN,43 STREET,40.731298,-73.9251923
BK,KANE STREET,40.687181,-73.998619
QN,GREENE AVENUE,40.7049035,-73.9123243
MN,2 AVENUE,40.8033992,-73.9335165
QN,26-01 ULMER STREET,40.7733386,-73.8368485
QN,LINDEN PLACE,40.775596,-73.8357814
QN,25 AVENUE,40.7755313,-73.8384931
QN,LINDEN PLACE,40.7809548,-73.8365084
QN,23-23 LINDEN PLACE,40.7782637,-73.8356052
BK,TURNBULL AVENUE,40.6521487,-73.8986377
BK,2200 TILDEN AVENUE,40.6462921,-73.9566133
BK,TURNBULL AVENUE,40.6515479,-73.8990062
BK,FOSTER AVENUE,40.650799,-73.899465
BK,FARRAGUT ROAD,40.6506254,-73.8987913
BK,FOSTER AVENUE,40.6493971,-73.9003284
BK,TURNBULL AVENUE,40.6503705,-73.8991593
BK,EAST 105 STREET,40.652036,-73.8985117
QN,44 ROAD,40.7504332,-73.9543763
QN,212 STREET,40.7032628,-73.7437234
BX,745 EAST 141 STREET,40.8069125,-73.9093543
BX,320 CONCORD AVENUE,40.8071657,-73.9102354
BK,DREW STREET,40.6606589,-73.8584076
BK,569 CHRISTOPHER AVENUE,40.6578914,-73.9025467
BK,MENAHAN STREET,40.6986242,-73.9169523
QN,RUSSELL STREET,40.6559108,-73.8302411
QN,BURNS STREET,40.7126519,-73.8347967
QN,11 STREET,40.740315,-73.9518933
QN,21 STREET,40.7396941,-73.9503781
MN,550 WEST 170 STREET,40.8415177,-73.9381045
QN,113 STREET,40.6921399,-73.8326442
QN,6 AVENUE,40.7918556,-73.8414546
MN,68 WEST 116 STREET,40.8016122,-73.9494254
BX,TAN PLACE,40.8412637,-73.8397033
BX,PELHAM PARKWAY,40.8563618,-73.8393018
BX,907 EAST 175 STREET,40.8396344,-73.8869606
QN,BEACH 92 STREET,40.5887617,-73.8174429
BX,840 TINTON AVENUE,40.8203297,-73.9038154
QN,114 STREET,40.7550049,-73.854114
QN,49 LANE,40.7235584,-73.918
BX,ROCHAMBEAU AVENUE,40.8771453,-73.880547
BX,2391 3 AVENUE,40.8095825,-73.932488
BX,EAST 141 STREET,40.8144308,-73.9253626
BK,55 MARION STREET,40.6798277,-73.9287472
QN,96 STREET,40.765189,-73.8736037
BX,1048 FAILE STREET,40.8246341,-73.8893166
BX,SIMPSON STREET,40.8233776,-73.8928054
BK,ASHFORD STREET,40.6555902,-73.8732635
BX,1363 WESTCHESTER AVENUE,40.8287653,-73.884175
MN,2453 2 AVENUE,40.8032757,-73.9336069
MN,238 EAST 126 STREET,40.803457,-73.9337476
QN,57 STREET,40.7172812,-73.910764
MN,10 AVENUE,40.7638885,-73.9928199
MN,249 EAST 125 STREET,40.8032238,-73.9339682
MN,2459 2 AVENUE,40.8034623,-73.9334731
MN,236 EAST 126 STREET,40.80349,-73.9338235
MN,2321 3 AVENUE,40.8043936,-73.9348954
BK,EAST 27 STREET,40.5897929,-73.9432129
BK,AVENUE Z,40.5886502,-73.9471564
QN,30 PLACE,40.7405964,-73.9377003
QN,BORDEN AVENUE,40.738823,-73.942393
BK,43 STREET,40.6336123,-73.9809012
QN,108 STREET,40.740009,-73.8530751
BX,RITTER PLACE,40.8306693,-73.8977586
BX,EAST 140 STREET,40.8053208,-73.9096816
BK,DREW STREET,40.6608122,-73.8580829
QN,39 PLACE,40.7363899,-73.9258686
BK,EMERALD STREET,40.6644123,-73.8572354
BK,WORTMAN AVENUE,40.6650731,-73.8566464
BK,WORTMAN AVENUE,40.6652371,-73.8560982
BK,DREW STREET,40.660799,-73.8584434
BK,FLATLANDS AVENUE,40.6604398,-73.8610248
BK,FLATLANDS AVENUE,40.6601416,-73.8618761
BK,FLATLANDS AVENUE,40.6601994,-73.8597026
BK,FLATLANDS AVENUE,40.6599909,-73.8597715
BK,FLATLANDS AVENUE,40.6598729,-73.8598438
BK,VANDALIA AVENUE,40.6606051,-73.8592584
BK,VANDALIA AVENUE,40.6603771,-73.8590894
BK,HEMLOCK STREET,40.6634379,-73.8663424
BK,STANLEY AVENUE,40.6667048,-73.8576811
BK,STANLEY AVENUE,40.6668058,-73.8572447
BK,FLATLANDS AVENUE,40.6605842,-73.8601379
BK,DREW STREET,40.6603073,-73.8581453
BK,DREW STREET,40.6604965,-73.8580223
BK,DREW STREET,40.6604448,-73.858354
BK,DREW STREET,40.6601919,-73.858077
BK,FLATLANDS AVENUE,40.6600704,-73.8597533
BK,FLATLANDS AVENUE,40.6597396,-73.8607956
BK,VANDALIA AVENUE,40.6600033,-73.8587334
MN,429 WEST 41 STREET,40.7587367,-73.9950873
BK,DREW STREET,40.6611254,-73.8583273
BK,RUBY STREET,40.6627151,-73.8586592
BK,CONDUIT BOULEVARD,40.6744707,-73.8629387
BK,CONDUIT BOULEVARD,40.6748205,-73.8639691
BK,BLAKE AVENUE,40.6725606,-73.8609311
BX,PRENTISS AVENUE,40.8162289,-73.8072849
BX,TIERNEY PLACE,40.8127154,-73.8055357
BX,SHORE DRIVE,40.8243068,-73.8140904
QN,101 STREET,40.740163,-73.8599023
QN,MERRICK BOULEVARD,40.683124,-73.7695264
BX,REYNOLDS AVENUE,40.8213683,-73.8064282
BX,MILES AVENUE,40.8213497,-73.8084009
BK,1 WALLABOUT STREET,40.7024456,-73.9797923
MN,WEST 216 STREET,40.8695208,-73.9112648
MN,WEST 207 STREET,40.8627092,-73.9159051
QN,138 STREET,40.7885253,-73.8311452
QN,15-01 141 STREET,40.7835522,-73.8276696
BK,FERRY PLACE,40.6860993,-74.0071826
BX,2946 BAISLEY AVENUE,40.8358092,-73.8277944
BK,496 GREENE AVENUE,40.688208,-73.9508167
BK,EAST 48 STREET,40.6488056,-73.9323084
BK,AVENUE B,40.6474088,-73.9199566
QN,UTOPIA PARKWAY,40.7372294,-73.7928666
QN,147 STREET,40.7883548,-73.8183185
QN,ROOSEVELT AVENUE,40.7454287,-73.9073628
BX,EAST 219 STREET,40.884119,-73.8650489
QN,133 AVENUE,40.6691437,-73.7860306
BK,STERLING PLACE,40.6714013,-73.9246863
BX,EAST 215 STREET,40.8790399,-73.8593131
QN,222 STREET,40.6770263,-73.7478441
BX,DAVIDSON AVENUE,40.8606057,-73.9039849
QN,43 STREET,40.7364102,-73.9232164
QN,217 STREET,40.7116217,-73.7405279
QN,95 STREET,40.6611435,-73.838698
BK,4324 1 AVENUE,40.6541438,-74.0155944
QN,80 STREET,40.7421967,-73.8844771
BK,COMMERCIAL STREET,40.7365661,-73.9600691
QN,161 STREET,40.6750231,-73.778816
QN,230 BEACH 109 STREET,40.5821231,-73.8307598
BK,81 STREET,40.6172378,-74.0122647
QN,147 AVENUE,40.658211,-73.7530332
QN,BROADWAY,40.7412063,-73.8795963
BK,FRESH POND ROAD,40.6459606,-73.8882761
QN,102 STREET,40.6561089,-73.8306082
QN,PEDESTRIAN WAY,40.6536056,-73.8305533
BK,CROWN STREET,40.6664715,-73.9492431
QN,31 AVENUE,40.7576145,-73.9028772
BX,EAST 136 STREET,40.8035231,-73.9134514
BK,COMMERCIAL STREET,40.7369036,-73.9597297
QN,79 STREET,40.7556637,-73.8885216
BK,BAY RIDGE AVENUE,40.6373702,-74.0305504
BK,51 HAMILTON AVENUE,40.6840902,-74.0061115
BK,54 SACKETT STREET,40.6856109,-74.0054626
BK,UNION STREET,40.6854983,-74.0060864
BK,32 SACKETT STREET,40.6858085,-74.0061585
BK,42 SACKETT STREET,40.6857206,-74.0058556
BK,UNION STREET,40.6851579,-74.0064505
BK,UNION STREET,40.6857096,-74.0067859
BK,CARROLL STREET,40.6815377,-73.9995349
BK,172 34 STREET,40.6555117,-74.0038527
BK,289 WYCKOFF STREET,40.6831284,-73.9826862
QN,OTTO ROAD,40.7064445,-73.8828294
QN,130 AVENUE,40.6783435,-73.7272853
QN,53 DRIVE,40.7299617,-73.8942654
QN,SUTTER AVENUE,40.6747324,-73.8592105
QN,REMINGTON STREET,40.6901536,-73.8069389
BK,MEADOW STREET,40.6590575,-73.8665638
QN,170 STREET,40.7489588,-73.7981175
QN,HOYT AVENUE,40.772507,-73.9201709
BX,EAST 218 STREET,40.8800676,-73.8536154
QN,107 AVENUE,40.7001467,-73.7848961
QN,51 AVENUE,40.7428083,-73.8571432
QN,108 STREET,40.7403335,-73.8535651
QN,69 PLACE,40.7057172,-73.8828271
QN,134 AVENUE,40.6770377,-73.7622289
BK,ST MARKS AVENUE,40.6741747,-73.9406319
BK,WEST 22 STREET,40.5788957,-73.9873607
QN,41 DRIVE,40.743517,-73.9056441
BK,494A PUTNAM AVENUE,40.6847563,-73.9417006
QN,NORTHERN BOULEVARD,40.7584193,-73.8584236
BK,DREW STREET,40.6602609,-73.8583616
QN,70 AVENUE,40.706711,-73.8777722
QN,175 STREET,40.6652187,-73.7731388
QN,DE COSTA AVENUE,40.5982341,-73.8025631
BX,TINTON AVENUE,40.820379,-73.9037937
QN,204 STREET,40.7625538,-73.7816984
QN,38 AVENUE,40.7627835,-73.7841307
QN,60 AVENUE,40.7242929,-73.8875278
QN,LINDEN BOULEVARD,40.688634,-73.7873023
BK,CHERRY STREET,40.7244991,-73.9340029
QN,175 STREET,40.7059026,-73.7849569
BX,EAST 233 STREET,40.8878545,-73.8242853
BX,EASTCHESTER PLACE,40.8864783,-73.8200141
BK,SHELL ROAD,40.5814576,-73.9765565
QN,CRAFT AVENUE,40.6495432,-73.7358286
QN,170 STREET,40.7018671,-73.787545
QN,170 STREET,40.7017077,-73.7874553
QN,100 STREET,40.7673927,-73.8708197
QN,LAUREL HILL BLVD,40.7340585,-73.9240778
QN,148 AVENUE,40.6572899,-73.7561326
QN,EGMONT PLACE,40.6121805,-73.76604
MN,ST NICHOLAS AVENUE,40.815197,-73.9521318
MN,ST NICHOLAS AVENUE,40.8158227,-73.9518929
MN,ST NICHOLAS AVENUE,40.815062,-73.9509469
QN,126 AVENUE,40.6817922,-73.7678725
QN,ROCKAWAY BEACH BLVD,40.5942726,-73.7710934
QN,ROCKAWAY BEACH BLVD,40.5941855,-73.771461
QN,ROCKAWAY BEACH BLVD,40.5943133,-73.7708844
BX,EAST 144 STREET,40.8168882,-73.9268591
BX,EAST 144 STREET,40.8166551,-73.9270978
BK,DREW STREET,40.6610839,-73.8580103
QN,LANDING ROAD,40.6455737,-73.7441072
BK,43 STREET,40.6346721,-73.9826375
BK,QUINCY STREET,40.688294,-73.9410485
QN,161 STREET,40.6749791,-73.7787584
QN,222 STREET,40.7185769,-73.7309554
QN,126 STREET,40.6736114,-73.8122898
QN,ROCKAWAY BOULEVARD,40.6748803,-73.8094562
QN,LINCOLN STREET,40.6792168,-73.8076556
BK,HAMILTON AVENUE,40.6839502,-74.0060574
BK,PRESIDENT STREET,40.6843318,-74.0061115
BK,SACKETT STREET,40.686017,-74.0068184
MN,CONVENT AVENUE,40.81745,-73.9510355
QN,240-24 REAR POPLAR STREET,40.768184,-73.7459141
BK,UNION STREET,40.6850344,-74.0059745
BK,UNION STREET,40.6850509,-74.0060395
BK,WEST 13 STREET,40.5887461,-73.9824982
BK,BAY 43 STREET,40.587331,-73.9940594
BK,ROGERS AVENUE,40.6757913,-73.9522607
QN,84 STREET,40.7308891,-73.8799072
BK,DE GRAW STREET,40.6852953,-74.0020552
BK,CROWN STREET,40.6670936,-73.9610227
QN,39 AVENUE,40.7475343,-73.9044763
QN,LAKEVIEW BLVD EAST,40.680581,-73.784404
BK,GUNTHER PLACE,40.676813,-73.9115753
QN,UNDERHILL AVENUE,40.7470951,-73.7981123
BX,WHITE PLAINS ROAD,40.8060115,-73.8549667
BK,VANDALIA AVENUE,40.660163,-73.8591079
QN,102 STREET,40.6572384,-73.8296862
MN,EAST 34 STREET,40.7457437,-73.9770653
MN,PARK AVENUE,40.8013394,-73.941277
MN,RIVERSIDE DRIVE,40.8483379,-73.9428042
BX,HUNTS POINT AVENUE,40.8094363,-73.878111
QN,SMITH STREET,40.6838078,-73.779526
BX,CHISHOLM STREET,40.8311179,-73.8960487
BX,CHISHOLM STREET,40.8310657,-73.8960344
BX,1390 STEBBINS AVENUE,40.8327764,-73.8937912
BX,1392 STEBBINS AVENUE,40.8329823,-73.8938198
BX,BRUCKNER BOULEVARD,40.8339789,-73.8280341
BK,MORGAN AVENUE,40.7087073,-73.9319085
BX,WEST 231 STREET,40.8842364,-73.9166771
BX,EAST 180 STREET,40.8469727,-73.8858277
BX,EAST 180 STREET,40.8488663,-73.8913402
BX,BELMONT AVENUE,40.850146,-73.8890898
BX,EAST 219 STREET,40.8818059,-73.8565335
QN,BEACH 43 STREET,40.5958658,-73.7744979
QN,63 ROAD,40.7397814,-73.8312218
QN,159 STREET,40.6131847,-73.8225447
QN,ROCKAWAY BOULEVARD,40.6859187,-73.8649055
QN,105 STREET,40.6827753,-73.8368609
QN,143 STREET,40.677743,-73.7981059
QN,111 STREET,40.6785485,-73.8275552
QN,120 STREET,40.7021276,-73.8303866
QN,85 AVENUE,40.7043266,-73.827016
QN,121 STREET,40.6945114,-73.8252745
QN,57 STREET,40.7429972,-73.9077054
QN,123-02 ATLANTIC AVENUE,40.6948062,-73.8242279
QN,132-06 ATLANTIC AVENUE,40.6964192,-73.8165784
QN,ATLANTIC AVENUE,40.6959142,-73.8183504
QN,94-04 130 STREET,40.6956465,-73.8191265
QN,44 STREET,40.7600655,-73.9131216
QN,44 STREET,40.7608035,-73.9127489
QN,94 AVENUE,40.696976,-73.8145934
QN,115 AVENUE,40.6782918,-73.8160297
QN,LINDEN BOULEVARD,40.6796544,-73.8167615
QN,45 STREET,40.7354699,-73.9209081
QN,40 STREET,40.7362743,-73.9253635
QN,SOUTH ROAD,40.6955558,-73.8007711
QN,164 PLACE,40.6980593,-73.7901356
QN,BRINKERHOFF AVENUE,40.6943206,-73.7869488
QN,167 STREET,40.6972722,-73.7874731
QN,UNION HALL STREET,40.6951406,-73.7910608
QN,MERRICK BOULEVARD,40.6786997,-73.7602545
QN,223 STREET,40.6755325,-73.7475902
QN,WEST 18 ROAD,40.6006191,-73.8226573
QN,CROSS BAY BOULEVARD,40.6045906,-73.8189842
QN,101 STREET,40.6021367,-73.818908
QN,180 STREET,40.684017,-73.7619119
QN,ASTORIA BOULEVARD,40.7614272,-73.8649726
QN,100 STREET,40.7637771,-73.8701553
QN,NASHVILLE BOULEVARD,40.6826943,-73.756822
QN,120 AVENUE,40.6899199,-73.7522847
QN,120 AVENUE,40.6903074,-73.7499538
QN,FRANCIS LEWIS BLVD,40.6941283,-73.7450207
QN,FRANCIS LEWIS BLVD,40.6947081,-73.7453142
QN,NASHVILLE BOULEVARD,40.6929227,-73.7459989
QN,120 AVENUE,40.6914123,-73.7481395
QN,120 AVENUE,40.6880643,-73.7573866
QN,120 AVENUE,40.6874388,-73.758824
QN,HANNIBAL STREET,40.6991451,-73.7640109
QN,MURDOCK AVENUE,40.6978011,-73.7644917
QN,LIBERTY AVENUE,40.7057891,-73.7744579
QN,50 AVENUE,40.7432547,-73.863104
QN,CORONA AVENUE,40.7438694,-73.8653582
QN,51 AVENUE,40.740565,-73.8679307
QN,210 STREET,40.7153105,-73.7504155
QN,BELLAIRE PLACE,40.7138876,-73.7498617
QN,BELLAIRE PLACE,40.7124288,-73.7505345
QN,104 AVENUE,40.7123717,-73.7507981
QN,210 STREET,40.7088751,-73.7483729
QN,113 ROAD,40.7022862,-73.7502299
QN,112 AVENUE,40.7059761,-73.7431864
QN,216 STREET,40.7114291,-73.7427903
QN,213 STREET,40.7214138,-73.7473731
QN,91 AVENUE,40.7217379,-73.7474729
QN,WYCKOFF AVENUE,40.6936321,-73.9004426
QN,CYPRESS AVENUE,40.6926132,-73.8936467
QN,133 AVENUE,40.6757701,-73.7360311
QN,69 PLACE,40.7053411,-73.8828242
QN,133 ROAD,40.680066,-73.7496966
QN,219 STREET,40.6812152,-73.7492812
QN,NORTH CONDUIT AVENUE,40.666455,-73.7327625
QN,NORTH CONDUIT AVENUE,40.6661788,-73.7320535
QN,FRANCIS LEWIS BLVD,40.6581728,-73.7287662
QN,147 ROAD,40.6565045,-73.7278107
MN,RIVERSIDE DRIVE,40.8206997,-73.9579809
MN,WEST 133 STREET,40.8205492,-73.9591841
BX,WEBSTER AVENUE,40.8742976,-73.8740471
BX,WEBSTER AVENUE,40.8745307,-73.8738803
BX,PALISADE AVENUE,40.8848944,-73.9195441
QN,97 STREET,40.5981937,-73.8232723
QN,514 CROSS BAY BOULEVARD,40.6108039,-73.8183731
QN,542 CROSS BAY BOULEVARD,40.6098847,-73.8185809
QN,19 ROAD,40.5994258,-73.8230962
QN,12 ROAD,40.6050518,-73.8225159
QN,106 EAST 9 ROAD,40.6059909,-73.8175111
MN,276 EAST 3 STREET,40.7213544,-73.9803854
BX,1900 MARMION AVENUE,40.842086,-73.8875455
BX,ELSMERE PLACE,40.8438302,-73.8888907
BX,BRUCKNER BOULEVARD,40.8404216,-73.8249671
BK,WILLOUGHBY AVENUE,40.6947264,-73.9437726
BX,GIVAN AVENUE,40.8801195,-73.8275965
QN,72 STREET,40.7202367,-73.8853233
QN,61 DRIVE,40.724755,-73.8751415
QN,253 STREET,40.6570165,-73.736718
QN,CRAFT AVENUE,40.6500618,-73.7333796
QN,62 DRIVE,40.7356872,-73.8518397
QN,INWOOD STREET,40.6717731,-73.7934664
QN,ROCKAWAY BOULEVARD,40.6727721,-73.7933948
BX,4824 MURDOCK AVENUE,40.9054034,-73.8449388
QN,60 AVENUE,40.7415642,-73.8212284
QN,162 STREET,40.7637083,-73.8039966
QN,AUBURNDALE LANE,40.7599711,-73.7951927
QN,ROSE AVENUE,40.7464988,-73.8140225
QN,UNDERHILL AVENUE,40.7480937,-73.7962506
QN,248 STREET,40.7732205,-73.7433603
QN,BROOKSIDE STREET,40.7741245,-73.7438046
BX,BRONX STREET,40.8416174,-73.8774774
QN,220 STREET,40.7641602,-73.7626218
QN,OTTO ROAD,40.7017116,-73.8931525
QN,OTTO ROAD,40.7018076,-73.8930369
QN,OTTO ROAD,40.701654,-73.8932175
QN,116 AVENUE,40.6891357,-73.773995
BK,CHESTER COURT,40.6585629,-73.9610132
BK,ATLANTIC AVENUE,40.6759716,-73.9096621
BK,OCEAN PARKWAY,40.6053955,-73.9673394
BK,KINGS HIGHWAY,40.6354104,-73.9268851
BK,AVENUE L,40.6448231,-73.8843286
BK,AVENUE L,40.6408632,-73.8798386
BK,BERGEN AVENUE,40.6242652,-73.9061333
BK,BERGEN COURT,40.6262009,-73.9102842
BK,BERGEN COURT,40.6263986,-73.910356
BK,ROYCE STREET,40.6258544,-73.9095174
QN,100 STREET,40.6773042,-73.8383128
QN,BROOKVILLE BOULEVARD,40.6431257,-73.7430319
QN,BROOKVILLE BOULEVARD,40.6449282,-73.7439259
QN,ISLAND LANE,40.646071,-73.7443467
QN,153 DRIVE,40.6452388,-73.7428544
QN,ISLAND LANE,40.6459845,-73.7436912
QN,SOUTH ROAD,40.6452981,-73.7436254
QN,CANAL AVENUE,40.644131,-73.7421524
QN,CANAL AVENUE,40.6440736,-73.7434823
QN,153 DRIVE,40.6444644,-73.7427025
QN,CANAL AVENUE,40.6451131,-73.7418784
QN,CANAL AVENUE,40.6445314,-73.7419707
QN,BROOKVILLE BOULEVARD,40.6418782,-73.7424314
QN,CANAL AVENUE,40.6437991,-73.742251
QN,SOUTH ROAD,40.6456477,-73.7428204
QN,CANAL AVENUE,40.6440816,-73.7433814
QN,BROOKVILLE BOULEVARD,40.6422293,-73.7423219
QN,BROOKVILLE BOULEVARD,40.6527246,-73.7395352
QN,CANAL AVENUE,40.6437153,-73.744035
QN,BROOKVILLE BOULEVARD,40.6444676,-73.744133
QN,ISLAND LANE,40.6461277,-73.743896
QN,LANDING ROAD,40.6458714,-73.7434466
QN,LANDING ROAD,40.6456884,-73.7438545
QN,ISLAND LANE,40.6458644,-73.7439907
QN,CANAL AVENUE,40.643716,-73.7431089
QN,153 DRIVE,40.6448244,-73.7429137
QN,CANAL AVENUE,40.6441852,-73.7418351
QN,CANAL AVENUE,40.6442406,-73.7432835
QN,SOUTH ROAD,40.6455745,-73.7432567
QN,BROOKVILLE BOULEVARD,40.6424279,-73.7427752
QN,CANAL AVENUE,40.6453769,-73.7420431
QN,BROOKVILLE BOULEVARD,40.6421589,-73.7427834
QN,153 AVENUE,40.6430827,-73.7422177
QN,BROOKVILLE BOULEVARD,40.6418816,-73.7427485
MN,121 WEST 138 STREET,40.8167836,-73.9406673
BK,BERGEN AVENUE,40.6246749,-73.9069613
QN,32 STREET,40.7765362,-73.9089227
QN,242 STREET,40.6476011,-73.7449066
QN,242 STREET,40.6480767,-73.7452543
QN,241 STREET,40.6488764,-73.7456837
QN,SOUTH ROAD,40.6454536,-73.7432068
QN,SOUTH ROAD,40.6454973,-73.7430913
QN,FRANCIS LEWIS BLVD,40.7823493,-73.8048336
QN,113 STREET,40.7009539,-73.8368741
QN,70 STREET,40.7150239,-73.8848308
QN,79 PLACE,40.7077195,-73.8712527
MN,RIVERSIDE BOULEVARD,40.7783776,-73.9883013
MN,RIVERSIDE BOULEVARD,40.7777326,-73.988695
QN,GUY R BREWER BLVD,40.6764442,-73.7784075
QN,202 STREET,40.7006337,-73.7526957
QN,COLLEGE POINT BOULEVARD,40.7671799,-73.839156
QN,WHITESTONE BR BLVD,40.7708808,-73.8359266
QN,WHITESTONE BR BLVD,40.7706856,-73.8356961
QN,LINDEN PLACE,40.7739058,-73.8323015
QN,LINDEN PLACE,40.7739134,-73.833789
QN,135 STREET,40.7742935,-73.832806
QN,9 AVENUE,40.7729885,-73.8357806
QN,135 STREET,40.7737782,-73.8332947
QN,20 AVENUE,40.7808905,-73.8356962
QN,133 STREET,40.7809002,-73.8347682
QN,133 STREET,40.7793933,-73.8347466
QN,134 STREET,40.7793974,-73.8338259
QN,135 STREET,40.7793879,-73.8328907
QN,20 AVENUE,40.7802145,-73.8331811
QN,132 STREET,40.77953,-73.8362989
QN,23 AVENUE,40.7765603,-73.840267
QN,129 STREET,40.7766712,-73.8391114
QN,HIGGINS STREET,40.7744382,-73.8380553
QN,WHITESTONE BR BLVD,40.7729706,-73.8347264
QN,LINDEN PLACE,40.7729908,-73.8335494
QN,20 AVENUE,40.7809016,-73.8338402
BK,36 VERMONT STREET,40.6792868,-73.8960655
QN,77-01 75 STREET,40.7065928,-73.8750204
QN,COOPER AVENUE,40.7061679,-73.8755947
QN,COOPER AVENUE,40.7063159,-73.8753275
QN,COOPER AVENUE,40.7063625,-73.8752481
BK,323A JAMAICA AVENUE,40.6820125,-73.8903501
QN,231 STREET,40.7654654,-73.7528954
QN,135 STREET,40.7736348,-73.8328654
QN,22 AVENUE,40.7798641,-73.8396525
QN,133 STREET,40.7776476,-73.8347293
QN,134 STREET,40.7758633,-73.8345496
QN,134 STREET,40.7764253,-73.8341041
QN,134 STREET,40.7765517,-73.8341868
QN,134 STREET,40.7755547,-73.8337741
QN,135 STREET,40.7757509,-73.8327626
QN,LINDEN PLACE,40.775251,-73.8344536
QN,132 STREET,40.7793864,-73.8356854
QN,134 STREET,40.7776518,-73.8338122
QN,94 PLACE,40.674282,-73.8421126
QN,20 AVENUE,40.7809884,-73.8331106
QN,20 AVENUE,40.7808961,-73.8319625
QN,136 STREET,40.7793947,-73.8319519
QN,136 STREET,40.7791031,-73.8315085
QN,20 AVENUE,40.7802788,-73.8302851
QN,138 STREET,40.7778481,-73.8310495
QN,ULMER STREET,40.7744408,-73.8379325
QN,22 AVENUE,40.7793427,-73.8397332
QN,119 STREET,40.77372,-73.8487981
QN,58 ROAD,40.7301836,-73.9134276
QN,48 AVENUE,40.7452194,-73.9575052
QN,43 STREET,40.7545199,-73.9189761
QN,2 STREET,40.7396677,-73.9603631
QN,HORACE HARDING EXPWY,40.7563236,-73.7395885
QN,82 STREET,40.765876,-73.8876598
QN,78 STREET,40.761849,-73.8900129
QN,BEACH CHANNEL DRIVE,40.5820305,-73.8489441
QN,271 STREET,40.7618088,-73.8394144
QN,ROOSEVELT AVENUE,40.7564732,-73.8414883
QN,126-16 38TH AVENUE,40.7565522,-73.8430799
QN,RUST STREET,40.7181288,-73.9100991
QN,56 STREET,40.7167301,-73.9115259
QN,83-02 BEACH CHANNEL DRIVE,40.5902089,-73.8094242
QN,BEACH CHANNEL DRIVE,40.5903067,-73.808855
QN,310 BEACH CHANNEL DRIVE,40.5901444,-73.8069616
BX,2242 GIVAN AVENUE,40.8801001,-73.8275061
BX,BAYCHESTER AVENUE,40.8810518,-73.8288345
BK,56 DRIVE,40.6073597,-73.9126145
QN,BEACH 25 STREET,40.5994396,-73.7609316
BK,1473 39 STREET,40.6384049,-73.9821177
BK,AVENUE Y,40.5867864,-73.9828516
QN,219 STREET,40.6814022,-73.7494284
BK,BERGEN STREET,40.6746882,-73.9311573
BK,CLARKSON AVENUE,40.6609163,-73.9206469
BK,FROST STREET,40.7177703,-73.9471983
QN,271 STREET,40.7623328,-73.8372617
QN,DELONG STREET,40.7542476,-73.83979
QN,WEST 18 ROAD,40.6009315,-73.8240825
QN,34 WEST 12 ROAD,40.6043108,-73.8225719
QN,53 WEST 11 ROAD,40.6056886,-73.8225034
QN,78 STREET,40.6761892,-73.858645
BK,RUTLAND ROAD,40.65992,-73.9387019
BK,1735 ST MARKS AVENUE,40.6732568,-73.9093773
BK,ST MARKS AVENUE,40.6732623,-73.9094999
BK,ST MARK'S AVENUE,40.6731524,-73.9092693
QN,PEARL STREET,40.6102086,-73.7588689
QN,14-50 GIPSON STREET,40.6099771,-73.7570797
QN,11-06 FOAM PLACE,40.6046537,-73.750145
BK,AVENUE T,40.6241469,-73.9057048
BK,AVENUE T,40.6239492,-73.9056438
BK,ROYCE STREET,40.6244877,-73.9063095
QN,BEACH 92 STREET,40.5886737,-73.8173784
QN,RUSHMORE AVENUE,40.7630159,-73.7410785
QN,40 STREET,40.7390983,-73.9247
QN,BEACH 43 STREET,40.597277,-73.7746804
QN,BEACH 44 STREET,40.5996592,-73.7759291
QN,BEACH 44 STREET,40.5994763,-73.7764303
QN,NORTON AVENUE,40.5990846,-73.7768385
QN,NORTH CONDUIT AVENUE,40.6664457,-73.735877
QN,69 AVENUE,40.7101445,-73.8725394
BX,EAST BURNSIDE AVENUE,40.8530687,-73.9039777
QN,159 STREET,40.6129788,-73.822556
QN,THEBES AVENUE,40.7665338,-73.7358483
QN,LAURELTON PARKWAY,40.677907,-73.7295476
QN,243 STREET,40.6782499,-73.7283132
QN,RUSHMORE AVENUE,40.7625806,-73.7415892
QN,POINT BREEZE PLACE,40.6109425,-73.771436
QN,CORNAGA AVENUE,40.6030365,-73.7473745
QN,217 STREET,40.7872742,-73.8188414
BK,HAMILTON AVENUE,40.6849081,-74.0065983
BK,PRESIDENT STREET,40.6845843,-74.0056788
BK,55 HAMILTON AVENUE,40.6840024,-74.006079
BK,PRESIDENT STREET,40.684609,-74.0059385
BK,PRESIDENT STREET,40.6843043,-74.006061
BK,PRESIDENT STREET,40.6847874,-74.006299
BK,HAMILTON AVENUE,40.6858715,-74.0071465
BK,HAMILTON AVENUE,40.6851359,-74.0067714
BK,PRESIDENT STREET,40.6845651,-74.0056103
BK,10 PRESIDENT STREET,40.6843647,-74.006299
BK,PRESIDENT STREET,40.6847188,-74.0058736
BK,HAMILTON AVENUE,40.6838981,-74.0060141
BK,UNION STREET,40.6850893,-74.0061657
BK,HAMILTON AVENUE,40.684211,-74.0062161
BK,UNION STREET,40.6850701,-74.0061008
BK,PRESIDENT STREET,40.684727,-74.0060863
BK,FERRY PLACE,40.6861378,-74.007096
BK,HAMILTON AVENUE,40.6850262,-74.0066632
QN,199 STREET,40.7127685,-73.7605576
BK,HAMILTON AVENUE,40.6850811,-74.0067173
BK,UNION STREET,40.685641,-74.0065984
BK,UNION STREET,40.6857974,-74.006959
BK,HAMILTON AVENUE,40.6859429,-74.0072691
BK,HAMILTON AVENUE,40.6852814,-74.0068435
BK,HAMILTON AVENUE,40.6853555,-74.0069445
BK,HAMILTON AVENUE,40.6859154,-74.0071825
BK,HAMILTON AVENUE,40.6859895,-74.0073087
BK,HAMILTON AVENUE,40.6851908,-74.0068291
BK,PRESIDENT STREET,40.6846227,-74.0058123
BK,HAMILTON AVENUE,40.684856,-74.0065839
BK,UNION STREET,40.6849576,-74.0059565
BK,95 STREET,40.6163006,-74.0326083
BK,39 STREET,40.6509362,-74.0026452
BK,8 AVENUE,40.6286336,-74.0168782
BX,JOHNSON AVENUE,40.8784911,-73.9196495
QN,WILLETS POINT BLVD,40.7576681,-73.8421857
QN,WILLETS POINT BLVD,40.7575219,-73.8416699
QN,126-30 NORTHERN BL SR SOUTH,40.7605452,-73.8446588
QN,126-40 NORTHERN BL SR SOUTH,40.760943,-73.844546
QN,126-36 34 AVENUE,40.759751,-73.8439387
QN,126 STREET,40.7574323,-73.8423487
QN,WILLETS POINT BLVD,40.7570336,-73.8418876
BX,GRAND CONCOURSE,40.8561915,-73.899939
QN,WILLETS POINT BLVD,40.7573454,-73.8410675
BK,LINCOLN AVENUE,40.6868684,-73.8697029
BK,670 BALTIC STREET,40.6795734,-73.9793378
BK,EAST 22 STREET,40.6406684,-73.9574709
BK,82 STREET,40.6217051,-74.0206191
BK,45 STREET,40.6342523,-73.9840428
BK,JEFFERSON AVENUE,40.6858455,-73.9309331
BK,ATLANTIC AVENUE,40.6771641,-73.9314504
BK,MONTGOMERY STREET,40.6660789,-73.9556704
BK,WEST 20 STREET,40.5781573,-73.9866949
BK,WEST 20 STREET,40.5773092,-73.9873934
BK,PARK PLACE,40.6733616,-73.9394899
BK,PROSPECT PLACE,40.6736531,-73.946112
BK,ST MARKS AVENUE,40.6742426,-73.9393377
BK,PARK PLACE,40.6734227,-73.9407876
BK,KINGSTON AVENUE,40.6724486,-73.9414302
BK,PARK PLACE,40.6718683,-73.9295993
BK,NEPTUNE AVENUE,40.5804317,-73.979534
BK,STILLWELL AVENUE,40.5770503,-73.9809534
BK,WEST 22ND STREET,40.5739222,-73.9885243
BK,OCEAN WAY,40.573371,-73.9878169
BK,OCEAN WAY,40.5732876,-73.98763
BK,2002 SURF AVENUE,40.5736476,-73.9868326
BK,4 AVENUE,40.6145439,-74.0326831
BK,EAST 67 STREET,40.6186037,-73.9107915
QN,BAY 32 STREET,40.6056252,-73.7697724
MN,ST NICHOLAS AVENUE,40.8210415,-73.9480666
MN,ST NICHOLAS AVENUE,40.8154084,-73.9521605
MN,ST NICHOLAS AVENUE,40.8156609,-73.9522615
MN,WEST 155 STREET,40.8226921,-73.9572353
BK,SURF AVENUE,40.5730052,-73.9863575
BK,WEST 21 STREET,40.5731701,-73.9882365
BK,1528 SURF AVENUE,40.5743882,-73.9829592
BK,PROSPECT PLACE,40.6732995,-73.9227555
BK,EASTERN PARKWAY,40.6681188,-73.9249784
BK,PILLING STREET,40.6858577,-73.9056211
BK,BAINBRIDGE STREET,40.6811875,-73.9262977
BK,CHAUNCEY STREET,40.6810426,-73.9271487
BK,BAINBRIDGE STREET,40.6811821,-73.9263482
BK,CHAUNCEY STREET,40.6810318,-73.9274588
BK,BAINBRIDGE STREET,40.6812039,-73.9261174
BK,WEST STREET,40.5943213,-73.9712517
BK,MELROSE STREET,40.698158,-73.9346709
BK,312A MOFFAT STREET,40.6907735,-73.9021561
BK,932 EVERGREEN AVENUE,40.7024256,-73.9336821
BK,GREENE AVENUE,40.6993383,-73.9176871
BK,ALBEMARLE ROAD,40.6456232,-73.9793086
BK,EAST 32 STREET,40.648289,-73.9468965
BK,EAST 28 STREET,40.6460097,-73.9505091
QN,58 PLACE,40.7377768,-73.9079689
BK,8519 AVENUE J,40.6368733,-73.9076144
QN,58 AVENUE,40.7307448,-73.8758411
BK,EAST 89 STREET,40.6423969,-73.9090841
BK,EAST 94 STREET,40.642829,-73.9070188
BK,EAST 101 STREET,40.6415932,-73.8936667
BK,AVENUE J,40.6398576,-73.9019028
BK,FRESH POND ROAD,40.6457873,-73.887916
BK,EAST 108 STREET,40.6469711,-73.8887465
BK,EAST 108 STREET,40.6461885,-73.888409
BK,EAST 108 STREET,40.6466828,-73.8886749
QN,131 STREET,40.6873318,-73.8135204
QN,103-27A WOODHAVEN BOULEVARD,40.6814581,-73.8450377
QN,62 ROAD,40.74012,-73.8263132
QN,BEACH 43 STREET,40.5971327,-73.7752534
BX,OAK POINT AVENUE,40.8058269,-73.8947625
QN,BEACH 43 STREET,40.5985164,-73.7754504
QN,BEACH 43 STREET,40.5985435,-73.7752451
QN,BEACH 43 STREET,40.5983022,-73.7753863
QN,BEACH 44 STREET,40.5971207,-73.7761537
QN,BEACH 43 STREET,40.5967005,-73.7746139
QN,BEACH 47 STREET,40.5971063,-73.7786564
QN,BEACH 46 STREET,40.596217,-73.777219
QN,BEACH 45 STREET,40.5962428,-73.7763763
QN,BEACH 45 STREET,40.5964404,-73.7763972
QN,BEACH 45 STREET,40.5963114,-73.7763833
QN,BEACH 45 STREET,40.5974847,-73.7770311
QN,BEACH 44 STREET,40.5971893,-73.7761679
QN,BEACH 44 STREET,40.596956,-73.7761363
QN,NORTON AVENUE,40.5977402,-73.7785751
BK,EAST 108 STREET,40.6471634,-73.8889696
BK,EAST 108 STREET,40.6464192,-73.8885672
BK,EAST 108 STREET,40.6431633,-73.885117
BK,EAST 108 STREET,40.6426687,-73.8846494
BK,FRESH POND ROAD,40.6444992,-73.8871254
BK,FLATLANDS AVENUE,40.6481367,-73.8906509
QN,150 ROAD,40.6564529,-73.7641115
QN,184 STREET,40.6586521,-73.7644281
QN,PEDESTRIAN WAY,40.6536377,-73.830009
BK,FOUNTAIN AVENUE,40.6764727,-73.8759565
QN,182 STREET,40.6627774,-73.7643631
QN,SPRINGFIELD BLVD,40.6564872,-73.7634374
QN,SPRINGFIELD BLVD,40.6564732,-73.7633221
QN,150 AVENUE,40.6563958,-73.7630557
QN,SPRINGFIELD BLVD,40.6561486,-73.7629449
QN,150 ROAD,40.6564284,-73.7642341
QN,183 STREET,40.6551076,-73.7639577
QN,183 STREET,40.6552285,-73.7639825
QN,SPRINGFIELD BLVD,40.6563981,-73.7628034
QN,SPRINGFIELD BLVD,40.6553843,-73.7636792
QN,DELMORE COURT,40.5991262,-73.7756644
QN,BEACH 43 STREET,40.6000691,-73.7750059
QN,BEACH 44 STREET,40.5995861,-73.7764443
QN,BEACH 45 STREET,40.599787,-73.7767101
QN,DELMORE COURT,40.5988815,-73.7754528
QN,BEACH 43 STREET,40.5992356,-73.7754948
QN,NORTON AVENUE,40.6102513,-73.7582565
QN,BEACH 45 STREET,40.5990879,-73.7771482
QN,DELMORE COURT,40.5993565,-73.775534
QN,DELMORE COURT,40.5990789,-73.7753657
QN,BEACH 44 STREET,40.600255,-73.7760136
QN,BEACH 43 STREET,40.6008802,-73.775691
QN,BEACH 44 STREET,40.6003849,-73.7764741
BX,HUTCHINSON AVENUE,40.8864911,-73.8211859
QN,BEACH 44 STREET,40.5994214,-73.7764233
QN,BEACH 44 STREET,40.5993665,-73.7764199
QN,DELMORE COURT,40.5993486,-73.7756925
QN,BEACH 43 STREET,40.5998424,-73.7755684
QN,146 AVENUE,40.6633319,-73.7657344
QN,182 STREET,40.6615159,-73.7648974
QN,SPRINGFIELD BLVD,40.6560033,-73.7630247
QN,150 ROAD,40.656196,-73.7633267
QN,150 ROAD,40.6564506,-73.7643206
QN,150 ROAD,40.6560077,-73.7638716
QN,SPRINGFIELD BLVD,40.6556277,-73.7632386
QN,SPRINGFIELD BLVD,40.6551424,-73.7635071
QN,183 STREET,40.6549814,-73.7639509
QN,150 ROAD,40.6558756,-73.7636558
QN,SOUTH CONDUIT AVENUE,40.6650891,-73.7490751
QN,67 STREET,40.7411194,-73.897528
BX,EAST 159 STREET,40.8227497,-73.913159
BX,WASHINGTON AVENUE,40.8232038,-73.9111568
QN,65 PLACE,40.7401748,-73.900189
BX,PARK AVENUE,40.8230751,-73.919048
BX,PARK AVENUE,40.8225788,-73.9198182
BX,CHISHOLM STREET,40.8312826,-73.8960593
MN,WEST END AVENUE,40.7760996,-73.9896774
MN,53 WEST END AVENUE,40.7749797,-73.9889013
MN,RIVERSIDE BOULEVARD,40.7738436,-73.9901844
QN,BEACH 43 STREET,40.5993498,-73.7749255
QN,DELMORE COURT,40.5991369,-73.775506
QN,BEACH 43 STREET,40.5986564,-73.7754248
QN,BEACH 43 STREET,40.5985987,-73.7754177
QN,574 BEACH 44 STREET,40.6005268,-73.7760451
QN,BEACH 44 STREET,40.6008891,-73.7760582
QN,THEBES AVENUE,40.7665743,-73.7355557
QN,BEACH 44 STREET,40.5995659,-73.7759186
QN,BEACH 44 STREET,40.5996383,-73.7764514
QN,BEACH 44 STREET,40.5995312,-73.7764373
QN,NORTON AVENUE,40.5987299,-73.7765192
QN,DELMORE COURT,40.5991315,-73.7755852
QN,BEACH 44 STREET,40.6006641,-73.7760626
QN,BEACH 43 STREET,40.5967757,-73.7752114
QN,BEACH 45 STREET,40.5963773,-73.7763903
QN,BEACH 44 STREET,40.597235,-73.7756492
QN,BEACH 44 STREET,40.5972717,-73.7761676
QN,BEACH 44 STREET,40.597537,-73.7756842
QN,BEACH 45 STREET,40.5987778,-73.7771816
QN,BEACH 43 STREET,40.5984148,-73.7754004
MN,RIVERSIDE BOULEVARD,40.7744148,-73.9914842
MN,RIVERSIDE BOULEVARD,40.7730593,-73.9900154
MN,JOE DIMAGGIO HIGHWAY,40.7764042,-73.9894101
QN,VAN DER LINN STREET,40.6569629,-73.832736
QN,VAN DER LINN STREET,40.6568586,-73.8326967
QN,VAN DER LINN STREET,40.6573967,-73.8328323
QN,102 STREET,40.657892,-73.829908
QN,102 STREET,40.6571529,-73.8294053
BX,TAYLOR AVENUE,40.8144835,-73.8608441
QN,102 STREET,40.6568956,-73.8298601
QN,102 STREET,40.6574882,-73.8297253
QN,102 STREET,40.6571927,-73.8303567
QN,DAVENPORT COURT,40.6533401,-73.8310945
QN,109 AVENUE,40.6571857,-73.829326
QN,RUSSELL STREET,40.6553048,-73.8306859
QN,BROADWAY,40.6553913,-73.8316371
QN,163 DRIVE,40.6521704,-73.8307443
QN,160 AVENUE,40.6586306,-73.8300503
QN,DAVENPORT COURT,40.653531,-73.8283586
QN,104 STREET,40.656364,-73.8286505
QN,102 STREET,40.6569143,-73.8295501
QN,102 STREET,40.6570522,-73.8299534
QN,165 AVENUE,40.6503473,-73.8285614
QN,159 AVENUE,40.6601243,-73.8304538
QN,102 STREET,40.653742,-73.8299799
QN,159 AVENUE,40.6591134,-73.8298653
QN,102 STREET,40.65817,-73.8304299
QN,160 AVENUE,40.6586,-73.8298305
QN,104 STREET,40.6506036,-73.8273751
QN,DAVENPORT COURT,40.653319,-73.8297719
QN,DAVENPORT COURT,40.6535195,-73.8298687
QN,HAWTREE BASIN,40.6551473,-73.8318072
QN,DAVENPORT COURT,40.6534978,-73.830031
QN,DAVENPORT COURT,40.6533272,-73.8297287
QN,RUSSELL STREET,40.6565237,-73.8289961
QN,102 STREET,40.657664,-73.8297753
QN,102 STREET,40.6575322,-73.8297756
QN,159 AVENUE,40.658715,-73.829614
QN,160 AVENUE,40.6586195,-73.8299675
QN,102 STREET,40.6573311,-73.8292571
QN,109 AVENUE,40.6576304,-73.8293212
QN,102 STREET,40.6563844,-73.8313067
QN,BEACH 44 STREET,40.5984028,-73.7763042
QN,PLUNKETT AVENUE,40.613544,-73.7683944
BK,ADAMS STREET,40.704563,-73.9885091
QN,18 AVENUE,40.7802462,-73.784464
QN,POINT BREEZE PLACE,40.6131607,-73.7688964
QN,BEACON PLACE,40.6115753,-73.772183
QN,BEACON PLACE,40.6114834,-73.7729145
QN,EDGEWATER ROAD,40.6133533,-73.7732539
QN,POINT BREEZE PLACE,40.6134018,-73.7686758
QN,EDGEWATER ROAD,40.6135046,-73.7693202
QN,POINT BREEZE PLACE,40.6131626,-73.768475
QN,POINT BREEZE PLACE,40.6115663,-73.770447
QN,POINT BREEZE PLACE,40.6138151,-73.7667366
QN,GRANADA PLACE,40.6102871,-73.7649337
QN,BAYSWATER AVENUE,40.607544,-73.7671295
QN,BAY 32 STREET,40.6089034,-73.7688247
QN,THE STRAND,40.6095372,-73.7687468
QN,BAY 32 STREET,40.6086703,-73.7689551
QN,BAY 32 STREET,40.6084456,-73.7691432
QN,BAY 32 STREET,40.6084949,-73.7690962
QN,PLUNKETT AVENUE,40.6136473,-73.7679294
QN,DUNBAR STREET,40.6125182,-73.7660856
QN,BAYWATER COURT,40.6133667,-73.7662736
QN,BAY 32 STREET,40.6068741,-73.7697897
QN,EGMONT PLACE,40.6115323,-73.7658154
QN,BAYVIEW AVENUE,40.6563177,-73.8325935
QN,163 DRIVE,40.6521867,-73.8306398
QN,VAN DER LINN STREET,40.6559657,-73.8321511
QN,BAYVIEW AVENUE,40.655757,-73.8320471
QN,55 ROAD,40.7321158,-73.8797426
QN,85 STREET,40.7319479,-73.8792919
QN,55 AVENUE,40.7322508,-73.8801573
BX,FURMAN AVENUE,40.9008746,-73.8511459
QN,25 AVENUE,40.7634266,-73.8864835
QN,ASTORIA BOULEVARD,40.7660293,-73.8872444
BK,BRIGHTON 3 TERRACE,40.5813261,-73.9662064
BK,61 STREET,40.6367805,-74.0139618
MN,FRANKFORT STREET,40.7114913,-74.0036431
BK,PLUMB 2 STREET,40.5865736,-73.9290376
QN,SPRINGFIELD BLVD,40.6548464,-73.7637063
QN,BAYWATER COURT,40.6135876,-73.7669283
QN,BAY 32 STREET,40.606498,-73.7697406
QN,BAY 32 STREET,40.6017931,-73.7682083
QN,HEALY AVENUE,40.6032043,-73.7684087
QN,BESSEMUND AVENUE,40.6022063,-73.7675983
QN,HARTMAN LANE,40.6009055,-73.7650064
QN,BAY 32 STREET,40.6057407,-73.769862
QN,BAY 32 STREET,40.6055208,-73.7697115
QN,BAY 32 STREET,40.6061,-73.7697203
QN,77 AVENUE,40.7381466,-73.7452203
QN,SEAGIRT BOULEVARD,40.5970361,-73.7410884
QN,SEAGIRT BOULEVARD,40.5970581,-73.7411387
QN,SEAGIRT BOULEVARD,40.5972351,-73.7405115
QN,BEACH 3 STREET,40.5975039,-73.7391961
QN,BEACH 3 STREET,40.5975575,-73.7386413
QN,GATEWAY BOULEVARD,40.6024137,-73.7475281
QN,BEACH 13 STREET,40.5990773,-73.7480988
QN,NEW HAVEN AVENUE,40.5986733,-73.7478591
QN,BEACH 11 STREET,40.5966375,-73.7457351
BK,COURT STREET,40.6688487,-74.0006344
QN,TROTTING COURSE LANE,40.7121727,-73.8582838
QN,SELFRIDGE STREET,40.7191714,-73.8579478
QN,97 FLEET STREET,40.7186855,-73.8578875
BX,1250 EAST 229TH STREET,40.8820668,-73.8419519
QN,88 AVENUE,40.7305713,-73.7332198
QN,4 STREET,40.7752766,-73.9334146
BX,YZNAGA PLACE,40.8176979,-73.8399551
BX,YZNAGA PLACE,40.817053,-73.8400181
QN,HOYT AVENUE,40.7715454,-73.9188037
QN,SPRINGFIELD BLVD,40.6613503,-73.7604754
QN,BAYFIELD AVENUE,40.5985353,-73.8021228
QN,47 AVENUE,40.7540582,-73.7799504
QN,BEECHKNOLL AVENUE,40.7672399,-73.7337877
QN,LITTLE NECK PARKWAY,40.769411,-73.7314252
QN,THORNHILL AVENUE,40.7638009,-73.7303359
QN,NORTHERN BOULEVARD,40.7713527,-73.7342767
QN,1818 GROVE STREET,40.7044235,-73.9092484
QN,NAMEOKE AVENUE,40.6077762,-73.7521393
QN,102 STREET,40.6971386,-73.8467936
QN,149 AVENUE,40.657071,-73.7564541
QN,226 STREET,40.6572737,-73.7562515
QN,148 AVENUE,40.6571878,-73.7558662
QN,235 STREET,40.6537749,-73.7477121
BX,,40.8554684,-73.9193773
BX,HARLEM RIVER TERRACE,40.8570461,-73.9186488
QN,NORTH CONDUIT AVENUE,40.6668437,-73.7935898
QN,NASSAU EXPRESSWAY,40.6642544,-73.8072986
QN,NASSAU EXPRESSWAY,40.6639165,-73.8087522
BX,EAST 166 STREET,40.8277058,-73.9050875
BX,FULTON AVENUE,40.8287468,-73.9060725
BX,3 AVENUE,40.8288266,-73.9062386
BX,3 AVENUE,40.829027,-73.9063503
BX,FULTON AVENUE,40.828489,-73.9062535
BX,EAST 166 STREET,40.8276755,-73.9050406
QN,68 AVENUE,40.7103092,-73.8776033
QN,74 STREET,40.7068136,-73.8761453
QN,46 STREET,40.7735308,-73.8991714
QN,131 AVENUE,40.6766124,-73.7276601
QN,203 AVENUE,40.6019853,-73.8221531
QN,202 EAST 9 ROAD,40.6060004,-73.8165819
QN,CROSS BAY BOULEVARD,40.6110677,-73.8220965
QN,42 AVENUE,40.7510349,-73.8531987
MN,RIVERSIDE DRIVE,40.8656519,-73.9333205
BX,MAJ WM DEEGAN BLVD,40.8258553,-73.9315176
BX,MAJ WM DEEGAN BLVD,40.8269395,-73.9315635
BX,MAJ WM DEEGAN BLVD,40.8272195,-73.9315451
QN,9 AVENUE,40.7896359,-73.8481553
QN,117 STREET,40.7897016,-73.8501522
QN,121 STREET,40.786472,-73.8467144
QN,115 STREET,40.7901997,-73.851155
QN,114 STREET,40.7851526,-73.8536868
QN,119 STREET,40.7911118,-73.8496543
QN,BAYFIELD AVENUE,40.5985511,-73.8017699
QN,BAYFIELD AVENUE,40.5986381,-73.8028931
QN,BAYFIELD AVENUE,40.5984012,-73.8023789
QN,DE COSTA AVENUE,40.5977046,-73.8043507
QN,BEACH 72 STREET,40.5983421,-73.8015293
QN,159 STREET,40.6123202,-73.822637
QN,3 AVENUE,40.6128316,-73.8214543
QN,CROSS BAY BOULEVARD,40.6145051,-73.8208843
QN,98 STREET,40.5982144,-73.8224368
QN,205 AVENUE,40.6004631,-73.8211669
QN,206 AVENUE,40.5998132,-73.8215323
QN,204 AVENUE,40.6013022,-73.8223854
QN,206 AVENUE,40.5998998,-73.8225224
QN,CHANNEL ROAD,40.60475,-73.8191134
QN,CHANNEL ROAD,40.6047683,-73.8185156
QN,100 PLACE,40.603902,-73.8191806
QN,DE COSTA AVENUE,40.5982607,-73.8020588
QN,BEACH 72 STREET,40.5983947,-73.8017884
QN,DE COSTA AVENUE,40.5982213,-73.8030888
QN,BAYFIELD AVENUE,40.5985458,-73.8018743
QN,HILLMEYER AVENUE,40.5975796,-73.8018448
QN,HILLMEYER AVENUE,40.5975876,-73.8017007
QN,BARBADOES DRIVE,40.5975747,-73.8037965
QN,DE COSTA AVENUE,40.5977622,-73.8026725
QN,BEACH 72 STREET,40.5985068,-73.8015468
QN,HILLMEYER AVENUE,40.597398,-73.8048197
QN,HILLMEYER AVENUE,40.5974087,-73.8046432
QN,HILLMEYER AVENUE,40.5975663,-73.8020969
QN,DE COSTA AVENUE,40.5977017,-73.8042427
QN,HILLMEYER AVENUE,40.5975396,-73.8025255
QN,BAYFIELD AVENUE,40.5985299,-73.8021949
QN,BAYFIELD AVENUE,40.5985406,-73.8020184
QN,ROCKAWAY BEACH BLVD,40.5922297,-73.7893448
QN,ROCKAWAY BEACH BLVD,40.591896,-73.7899904
QN,ROCKAWAY BEACH BLVD,40.59201,-73.7892771
QN,ROCKAWAY BEACH BLVD,40.5917896,-73.7918343
QN,97 PLACE,40.7335333,-73.8612513
QN,JUNCTION BOULEVARD,40.734092,-73.8625419
QN,BEACH 63 STREET,40.5971298,-73.7912055
QN,69 STREET,40.7343277,-73.8962899
QN,57 ROAD,40.7228311,-73.9073474
BX,MATTHEWS AVENUE,40.846928,-73.8624569
BX,2355 MORRIS AVENUE,40.8597278,-73.9012459
QN,78 STREET,40.6676256,-73.8565544
BX,2700 BOSTON ROAD,40.8657201,-73.8617889
BX,WEST FORDHAM ROAD,40.862552,-73.9043906
BX,WEST FORDHAM ROAD,40.8625572,-73.9040725
BX,KINGSBRIDGE AVENUE,40.8820617,-73.9048797
BX,WEST 232 STREET,40.88476,-73.9157759
BX,INDEPENDENCE AVENUE,40.8920174,-73.9127394
BX,INDEPENDENCE AVENUE,40.8907112,-73.9131028
BX,LESTER STREET,40.8706708,-73.868117
BX,OLINVILLE AVENUE,40.8704594,-73.8680704
QN,336 BEACH 47 STREET,40.5944999,-73.7778476
BX,MAPES AVENUE,40.8468024,-73.8857087
BX,EAST 180 STREET,40.8471459,-73.886178
BX,PROSPECT AVENUE,40.8473568,-73.8856824
BX,2107 MAPES AVENUE,40.8469916,-73.8855457
BX,MAPES AVENUE,40.8468874,-73.8856362
BK,403 GATES AVENUE,40.6863911,-73.951074
BX,2343 BEAUMONT AVENUE,40.8534632,-73.8850899
BX,1019I EAST 214 STREET,40.8776602,-73.8555951
BX,1234 EAST 223 STREET,40.8808948,-73.845976
BX,EASTCHESTER ROAD,40.8780548,-73.8465394
BX,CRESCENT AVENUE,40.8539129,-73.8874605
BX,BRONXWOOD AVENUE,40.8825487,-73.8557074
BX,924A EAST 226 STREET,40.8860972,-73.8532802
BX,4114 CARPENTER AVENUE,40.8917805,-73.8613441
BX,868 EAST 231 STREET,40.8901397,-73.8529132
BX,766 EAST 231 STREET,40.8909609,-73.8554938
BX,HARPER AVENUE,40.8925445,-73.8330403
QN,39-27 NORTHERN BOULEVARD,40.752034,-73.933113
QN,33-19A CRESCENT STREET,40.7621708,-73.9292692
QN,27 STREET,40.7798663,-73.9099219
QN,131-02 ATLANTIC AVENUE,40.6961845,-73.8174229
QN,129-12 ATLANTIC AVENUE,40.6956905,-73.8191768
QN,QUEENS BOULEVARD,40.7457379,-73.93387
BK,AVENUE X,40.5950435,-73.9325717
QN,150-11 TUSKEGEE AIRMEN WAY,40.69588,-73.8009973
QN,139 STREET,40.706609,-73.8156198
QN,139-26I 85 DRIVE,40.7084814,-73.8158851
QN,SUTPHIN BOULEVARD,40.7054508,-73.8089216
QN,SUTPHIN BOULEVARD,40.7054975,-73.8089431
QN,150-20 108 AVENUE,40.6933443,-73.7980695
QN,104-22 164 STREET,40.699645,-73.7927345
QN,104-46 164 STREET,40.6990679,-73.7923144
QN,106-39 GUY R BREWER BLVD,40.6988377,-73.7925639
QN,104-51 164 STREET,40.6991245,-73.7917371
QN,104-10 164 STREET,40.6999116,-73.7929248
QN,UNION HALL STREET,40.6935822,-73.7899189
QN,UNION HALL STREET,40.695223,-73.7911219
QN,108-44 GUY R BREWER BLVD,40.6953184,-73.7907213
QN,108-49 UNION HALL STREET,40.6950664,-73.7910069
QN,109-47 UNION HALL STREET,40.6934805,-73.7898471
QN,110-01 UNION HALL STREET,40.6930024,-73.7895421
QN,113 AVENUE,40.6880365,-73.7922405
QN,30 AVENUE,40.7608092,-73.8743484
QN,VAN DOREN STREET,40.7399458,-73.8530139
QN,MARTENSE AVENUE,40.7417536,-73.8543848
BX,VINCENT AVENUE,40.8254785,-73.8139246
BX,SHORE DRIVE,40.828675,-73.8132363
BX,SHORE DRIVE,40.8285514,-73.8131897
BX,1029I THROGS NECK EXPWY,40.8333712,-73.8236595
BX,LA SALLE AVENUE,40.8383294,-73.8318934
BX,SEDDON STREET,40.8412283,-73.8501156
QN,ROCKAWAY BEACH BLVD,40.5944636,-73.7718993
QN,BEACH 35 STREET,40.597605,-73.7684749
QN,FAR ROCKAWAY BLVD,40.597975,-73.7641237
QN,BEACH 38TH STREET,40.5933659,-73.7692493
QN,BEACH 41 STREET,40.5936002,-73.7725
QN,BEACH 37 STREET,40.5974083,-73.7702904
QN,BEACH 35 STREET,40.5975087,-73.7683564
QN,BEACH 35TH STREET,40.5928889,-73.7681996
QN,BEACH 39 STREET,40.5940261,-73.7713787
QN,BEACH 34 STREET,40.5937784,-73.7655896
QN,SHORE FRONT PARKWAY,40.5946803,-73.7677325
QN,BEACH 39 STREET,40.5939602,-73.7713609
QN,BEACH 39 STREET,40.5938614,-73.7713649
QN,BEACH 41 STREET,40.5935315,-73.7724894
QN,BEACH 40 STREET,40.5937642,-73.7721645
QN,BEACH 39 STREET,40.5942448,-73.7709423
QN,ROCKAWAY BEACH BLVD,40.5943269,-73.7708123
QN,ROCKAWAY BEACH BLVD,40.595412,-73.7685221
QN,BEACH 37 STREET,40.5975154,-73.7703117
QN,BEACH 37 STREET,40.5977845,-73.7703648
QN,BEACH 36 STREET,40.597666,-73.7687736
QN,BEACH 36 STREET,40.5975725,-73.7686911
QN,BEACH 36 STREET,40.5975025,-73.7693431
QN,BEACH 39 STREET,40.5947236,-73.7715275
QN,ROCKAWAY BEACH BLVD,40.595371,-73.7686015
QN,199 STREET,40.7128014,-73.7605358
QN,BEACH 36 STREET,40.5955546,-73.7684568
QN,BEACH 39 STREET,40.5950531,-73.7715876
QN,BEACH 41 STREET,40.5936551,-73.772507
QN,ROCKAWAY BEACH BLVD,40.5939264,-73.7723224
QN,BEACH 40 STREET,40.5936846,-73.7721504
QN,58 AVENUE,40.7324011,-73.8744019
QN,ROCKAWAY BEACH BLVD,40.5939455,-73.7722395
QN,BEACH 40 STREET,40.5936049,-73.7721435
QN,ROCKAWAY BEACH BLVD,40.5942998,-73.7709529
QN,BEACH 39 STREET,40.5941597,-73.7709281
QN,ROCKAWAY BEACH BLVD,40.5941339,-73.7717276
QN,BEACH 39 STREET,40.5940335,-73.7709358
QN,ROCKAWAY BEACH BLVD,40.5942908,-73.7706108
QN,SHORE FRONT PARKWAY,40.5937973,-73.7694819
QN,SEAGIRT BOULEVARD,40.5962085,-73.7660744
QN,FAR ROCKAWAY BLVD,40.5961206,-73.7673926
QN,BEACH 40 STREET,40.594911,-73.771887
QN,243 STREET,40.7704025,-73.7437467
BX,CASTLE HILL AVENUE,40.8115808,-73.8467072
BX,213 HARDING PARK,40.8054829,-73.8558817
QN,105 AVENUE,40.7010528,-73.7880669
BK,25 STREET,40.6637159,-74.0035684
BX,SCREVIN AVENUE,40.8136741,-73.852273
BK,5 AVENUE,40.628476,-74.0235177
QN,246 STREET,40.769865,-73.7427415
QN,246 STREET,40.7695545,-73.742573
QN,243 STREET,40.770081,-73.7435674
QN,246 STREET,40.7705497,-73.743284
QN,246 STREET,40.7701838,-73.7429063
QN,LITTLE NECK PARKWAY,40.7719131,-73.7393182
QN,LITTLE NECK PARKWAY,40.7725337,-73.7394313
QN,246 STREET,40.7687163,-73.742125
QN,246 STREET,40.769255,-73.7424153
QN,43 AVENUE,40.7685531,-73.742779
BK,BEDFORD AVENUE,40.6730966,-73.9539173
BX,UNDERHILL AVENUE,40.8066915,-73.8565835
BX,TAYLOR AVENUE,40.8102368,-73.8603905
BX,EAST 152 STREET,40.8190079,-73.9197827
BK,8 STREET,40.6669065,-73.9806646
MN,F D R DRIVE,40.7298945,-73.9727988
BX,BULLARD AVENUE,40.9019247,-73.858997
QN,ALDERTON STREET,40.7271356,-73.8685814
BX,PARKER STREET,40.8390501,-73.8509626
BX,MICKLE AVENUE,40.866632,-73.8409799
QN,CROSS BAY BOULEVARD,40.6660521,-73.8393746
BK,20 AVENUE,40.6224736,-73.9789808
BK,DE KALB AVENUE,40.6992307,-73.9247775
BK,WEST 1 STREET,40.6067314,-73.975125
QN,CROSS ISLAND PARKWAY,40.7876165,-73.7747657
QN,119 DRIVE,40.686705,-73.7623242
BK,941R PRESIDENT STREET,40.6725643,-73.9716217
QN,200 STREET,40.6904929,-73.7507176
QN,159 STREET,40.7163735,-73.8064373
BK,NORTH 5 STREET,40.7202995,-73.9649815
BK,KENT AVENUE,40.7202666,-73.9650825
BK,NORTH 6 STREET,40.7211033,-73.963686
BK,NORTH 4 PLACE,40.7195255,-73.9651587
BK,FLATLANDS AVENUE,40.6487878,-73.8913093
QN,65 STREET,40.7153136,-73.8979753
QN,62 AVENUE,40.7143407,-73.8996721
QN,62 STREET,40.7143954,-73.8995025
QN,BROOKHAVEN AVENUE,40.5986178,-73.7630591
BK,EAST 10 STREET,40.6479627,-73.9710195
MN,RIVERSIDE BOULEVARD,40.775003,-73.9907297
QN,FARRINGTON STREET,40.7738219,-73.8350709
QN,20 AVENUE,40.7808395,-73.8326487
BK,EAST 3 STREET,40.6077324,-73.9711666
BX,500 ST ANNS AVENUE,40.8025655,-73.9215652
QN,BEACH CHANNEL DRIVE,40.5832279,-73.8279741
QN,WAINWRIGHT COURT,40.5827939,-73.8295917
BK,5 STREET,40.6765477,-73.995818
QN,BEACH CHANNEL DRIVE,40.5825812,-73.834312
QN,REMINGTON STREET,40.6962319,-73.8110505
QN,157 STREET,40.7005248,-73.8013693
QN,UNION HALL STREET,40.7030201,-73.7967743
BK,HERKIMER STREET,40.6778597,-73.9128105
BK,ARLINGTON PLACE,40.6810143,-73.9515034
BK,CHERRY STREET,40.7246858,-73.934111
QN,97-07 76 STREET,40.6813148,-73.861825
MN,FORSYTH STREET,40.7151665,-73.994921
BK,EAST 106 STREET,40.651814,-73.8988436
BK,EAST 106 STREET,40.652637,-73.8983522
QN,SMITH STREET,40.6836535,-73.7792164
QN,11 STREET,40.740049,-73.9524528
QN,11 STREET,40.7400407,-73.9522904
QN,MAZEAU STREET,40.7276858,-73.8907873
BX,ST PAULS PLACE,40.83557,-73.9025828
BX,1316 FINDLAY AVENUE,40.8354172,-73.9104827
QN,363 BEACH 43 STREET,40.5955073,-73.7750573
QN,BEACH 47 STREET,40.5946921,-73.7778722
QN,BEACH 47 STREET,40.5948843,-73.7778932
QN,ROCKAWAY BEACH BLVD,40.5937042,-73.7737815
QN,216 BEACH 43 STREET,40.5933401,-73.7742508
QN,357 BEACH 43 STREET,40.5953783,-73.7750433
QN,BEACH 46 STREET,40.5942156,-73.7769844
QN,BEACH 47 STREET,40.5948019,-73.7778863
QN,BEACH 47 STREET,40.5942556,-73.7778197
QN,BEACH 47 STREET,40.5943654,-73.7778337
QN,ROCKAWAY BEACH BLVD,40.5935517,-73.7743689
BX,GARRISON AVENUE,40.8220355,-73.8843819
BX,WARD AVENUE,40.824344,-73.8766312
BX,HOLLERS AVENUE,40.883682,-73.8275366
QN,BAXTER AVENUE,40.7460496,-73.8837811
BK,LINCOLN PLACE,40.669688,-73.9238303
QN,86-31 88 STREET,40.7411994,-73.8782322
BX,EAST TREMONT AVENUE,40.8408391,-73.8662317
BK,SHORE PARKWAY,40.5832715,-73.9563014
MN,MILLER HIGHWAY,40.7778534,-73.9889586
BK,38 UNION STREET,40.6849494,-74.0058447
BK,22 UNION STREET,40.6850921,-74.0063423
QN,102-08 164 ROAD,40.6514647,-73.8287099
QN,BEACH CHANNEL DRIVE,40.5902855,-73.8060035
QN,28 WEST 16 ROAD,40.6022917,-73.8232795
BX,EXTERIOR STREET,40.8203801,-73.932347
BX,706 FAIRMOUNT PLACE,40.8441103,-73.891872
BX,551 EAST 181 STREET,40.8512109,-73.8919581
BK,KINGS HIGHWAY,40.6346671,-73.9276461
QN,142 PLACE,40.675264,-73.7978647
BK,50 STREET,40.6364409,-73.9952296
BX,ST GEORGES CRESCENT,40.8768947,-73.8851182
QN,71 STREET,40.7439353,-73.8943082
QN,SOUTH ROAD,40.6991194,-73.7950515
QN,31 STREET,40.7632027,-73.9247991
QN,79 STREET,40.7427914,-73.8862913
QN,133 STREET,40.679749,-73.8074846
QN,HAWTREE AVENUE,40.6680898,-73.8343159
QN,RUST STREET,40.7206228,-73.9123649
BK,VAN SICLEN AVENUE,40.6627763,-73.8867377
BK,41 STREET,40.6344052,-73.9791824
MN,WEST 214 STREET,40.8716045,-73.9194119
BK,MARTENSE STREET,40.6519088,-73.9519823
QN,UTOPIA PARKWAY,40.7461662,-73.7928207
BK,156 SEELEY STREET,40.6541947,-73.9767075
QN,54 ROAD,40.7318936,-73.9252241
QN,54 ROAD,40.7319978,-73.9249931
QN,54 DRIVE,40.7312763,-73.9256109
QN,LAUREL HILL BLVD,40.7314603,-73.925856
QN,OAK DRIVE,40.602855,-73.7398306
QN,64 STREET,40.7404858,-73.9012422
BK,49 HAMILTON AVENUE,40.6841643,-74.0061728
BK,ESSEX STREET,40.6676445,-73.880259
BK,NEW LOTS AVENUE,40.6665071,-73.8818398
BK,99 STREET,40.6146337,-74.0354709
QN,BEACH 44 STREET,40.5974821,-73.7756808
BK,DEAN STREET,40.6749509,-73.9101898
BK,AVENUE L,40.6476178,-73.8876175
BK,FRESH POND ROAD,40.6451077,-73.8862307
BK,AVENUE L,40.6444395,-73.8850427
BK,FRESH POND ROAD,40.6458128,-73.8859088
BX,1298 EAST 224 STREET,40.8808974,-73.843846
BK,5 AVENUE,40.6617752,-73.9933823
BX,HOLLYWOOD AVENUE,40.8427109,-73.8269453
BX,ZULETTE AVENUE,40.8422387,-73.8286705
QN,ROCKAWAY BOULEVARD,40.6548781,-73.7644378
QN,221 STREET,40.7171358,-73.7320976
QN,SPRINGFIELD BLVD,40.6806562,-73.7522722
MN,204 EAST 124 STREET,40.8026183,-73.9359337
BX,HUNT AVENUE,40.8492758,-73.8657557
QN,147 AVENUE,40.6591858,-73.7610058
QN,158 AVENUE,40.661009,-73.8386623
QN,152 STREET,40.7199318,-73.8120295
QN,HORACE HARDING EXPWY,40.7528298,-73.7433992
QN,244 STREET,40.748664,-73.7304874
BK,STILLWELL AVENUE,40.5880656,-73.9834381
BX,MAPES AVENUE,40.8469395,-73.8855928
BX,BRUSH AVENUE,40.8163871,-73.8388167
BX,LAFAYETTE AVENUE,40.8231647,-73.8394614
QN,107 AVENUE,40.6987399,-73.7915833
QN,OLD SOUTH ROAD,40.6647414,-73.8163843
QN,ATLANTIC AVENUE,40.6958543,-73.8204169
QN,BEACH 77 STREET,40.5905194,-73.8047246
QN,142 STREET,40.6899564,-73.8071919
QN,57 AVENUE,40.7281437,-73.9286487
QN,142 STREET,40.6902719,-73.8071008
QN,138 STREET,40.7903792,-73.8319422
BX,LAFAYETTE AVENUE,40.8161339,-73.8954218
BX,EAST 163 STREET,40.8207325,-73.8907466
BX,SIMPSON STREET,40.8224635,-73.8927671
BX,SIMPSON STREET,40.8233641,-73.8930439
BK,FLATLANDS AVENUE,40.6560365,-73.8773677
BK,VANDALIA AVENUE,40.6586911,-73.8702373
BK,FLATLANDS AVENUE,40.6563158,-73.8767365
BK,1070 ELTON STREET,40.6563412,-73.8747794
BK,STANLEY AVENUE,40.6660138,-73.8604833
BK,VANDALIA AVE,40.6543354,-73.8753922
BK,LOCKE STREET,40.65604,-73.8754755
MN,1 AVENUE,40.8008582,-73.9298494
MN,1 AVENUE,40.7992852,-73.9294718
QN,GREENPOINT AVENUE,40.7365088,-73.9416265
QN,56 ROAD,40.7287197,-73.9280058
QN,14 AVENUE,40.7894934,-73.8094966
BK,STANLEY AVENUE,40.6662985,-73.8598411
BK,STANLEY AVENUE,40.6658752,-73.8594059
BK,WORTMAN AVENUE,40.6652413,-73.8594973
QN,POWELLS COVE BLVD,40.79266,-73.8376498
BK,COZINE AVENUE,40.663032,-73.8597326
BK,COZINE AVENUE,40.6633024,-73.8586363
BK,VANDALIA AVENUE,40.6600861,-73.8590901
BK,COZINE AVENUE,40.6638826,-73.8572077
BK,STANLEY AVENUE,40.6666457,-73.8586977
BK,EMERALD STREET,40.6659346,-73.8586019
BK,191 SACKMAN STREET,40.6734568,-73.9055774
BK,189 SACKMAN STREET,40.6735227,-73.9055953
BK,SACKMAN STREET,40.6735913,-73.9056096
BK,185 SACKMAN STREET,40.6736462,-73.905624
BK,175 SACKMAN STREET,40.6738741,-73.9056813
BK,108 LIBERTY AVENUE,40.6727,-73.9064581
BK,425 MOTHER GASTON BLVD,40.6686375,-73.9062547
BK,181 SACKMAN STREET,40.6737396,-73.9056491
BK,179 SACKMAN STREET,40.6737835,-73.9056598
BK,173 SACKMAN STREET,40.673918,-73.9056957
BX,MAJ WM DEEGAN BLVD,40.8311399,-73.9331817
QN,AMSTEL BOULEVARD,40.5941368,-73.8062083
QN,BARBADOES DRIVE,40.5922044,-73.8078234
QN,RAILROAD AVENUE,40.5909785,-73.8067576
QN,FINNARD AVENUE,40.59055,-73.8082278
QN,CROSS BAY PARKWAY,40.5885918,-73.8176342
QN,ROCKAWAY FREEWAY,40.590774,-73.8059552
QN,BEACH 73 STREET,40.5904595,-73.8018011
QN,JAVA PLACE,40.5901499,-73.8102597
QN,BEACH 84 STREET,40.5904514,-73.8099924
QN,BEACH CHANNEL DRIVE,40.5901927,-73.8079336
QN,BEACH CHANNEL DRIVE,40.5904582,-73.8042315
BK,AMBER STREET,40.6660131,-73.8576898
BK,AMBER STREET,40.6664462,-73.8572383
BK,STANLEY AVENUE,40.6662232,-73.8567089
BK,DREW STREET,40.6613233,-73.8585252
BK,VANDALIA AVENUE,40.6600037,-73.8590326
BK,VANDALIA AVENUE,40.6610689,-73.8592466
BK,DREW STREET,40.6614383,-73.8583303
BK,RUBY STREET,40.6621688,-73.8585846
QN,56 ROAD,40.726224,-73.9226761
BK,BLAKE AVENUE,40.6725004,-73.8610862
QN,122 STREET,40.7886578,-73.8453407
QN,5 AVENUE,40.7937712,-73.8453541
QN,121 STREET,40.7950297,-73.8464275
QN,121 STREET,40.794103,-73.8471844
QN,121 STREET,40.7947701,-73.8472768
BX,KEARNEY AVENUE,40.8177491,-73.8120386
QN,11 AVENUE,40.7882976,-73.8275056
QN,11 AVENUE,40.7879321,-73.8347038
QN,136 STREET,40.788514,-73.8327847
QN,POWELLS COVE BLVD,40.7920344,-73.8378139
QN,128 STREET,40.783897,-73.8364037
QN,138 STREET,40.7900494,-73.8317047
QN,138 STREET,40.7899154,-73.8319831
QN,15 AVENUE,40.784626,-73.826291
QN,137 STREET,40.7886746,-73.8318815
QN,138 STREET,40.7888438,-73.8312094
QN,138 STREET,40.7887092,-73.8311808
QN,20 AVENUE,40.7825311,-73.827665
QN,135 STREET,40.7884466,-73.8336769
QN,135 STREET,40.788096,-73.83414
QN,BEACH 75 STREET,40.5903053,-73.8031482
QN,BEACH 92 STREET,40.5888001,-73.8174608
QN,ROCKAWAY FREEWAY,40.5913308,-73.8057448
QN,BEACH 27 STREET,40.5924893,-73.759419
BX,PLIMPTON AVENUE,40.8453089,-73.9214678
MN,OVERLOOK TERRACE,40.8550398,-73.9362953
BX,3341 3 AVENUE,40.826709,-73.9079145
BX,3 AVENUE,40.8288926,-73.9064445
BX,3 AVENUE,40.8291916,-73.906267
BX,FULTON AVENUE,40.8289718,-73.9059276
BX,1129 FULTON AVENUE,40.8287002,-73.9061195
BK,OVINGTON AVENUE,40.6306893,-74.0179415
BK,OVINGTON AVENUE,40.6306673,-74.0178946
BX,SEDGWICK AVENUE,40.8835563,-73.8881806
BX,WICKHAM AVENUE,40.8753109,-73.8410821
QN,138 STREET,40.7891568,-73.8312953
QN,138 STREET,40.7893439,-73.8316234
QN,138 STREET,40.7895886,-73.83189
QN,15 AVENUE,40.7829211,-73.8277904
QN,20 AVENUE,40.7825167,-73.8365804
BK,CROWN STREET,40.6670906,-73.9602873
QN,46 STREET,40.733677,-73.920138
QN,46 STREET,40.7337292,-73.9201272
MN,FT WASHINGTON AVENUE,40.8479765,-73.9391322
BX,SHORE DRIVE,40.8263976,-73.8136871
BX,DALY AVENUE,40.845518,-73.8803978
QN,130 ROAD,40.6776585,-73.727764
QN,130 AVENUE,40.6797031,-73.7323669
BX,SEDGWICK AVENUE,40.8448423,-73.9255019
QN,HOOK CREEK BOULEVARD,40.6745454,-73.727546
BK,PROSPECT AVENUE,40.6532091,-73.9759943
QN,ATLANTIC AVENUE,40.688421,-73.8487355
QN,100 AVENUE,40.7125308,-73.7507253
QN,202 STREET,40.6977583,-73.7519671
QN,202 STREET,40.697735,-73.7513324
QN,COLFAX STREET,40.7040189,-73.7455599
BK,UNION STREET,40.6824243,-73.9967839
QN,NORTHERN BOULEVARD,40.750196,-73.934822
BX,EAST 214 STREET,40.876988,-73.8557773
QN,46 STREET,40.7354281,-73.9200746
QN,FRANCIS LEWIS BLVD,40.7457055,-73.767159
QN,CLINTONVILLE STREET,40.7828093,-73.8074538
QN,39 STREET,40.7412238,-73.9263828
QN,32 STREET,40.7555806,-73.9291932
QN,56 STREET,40.7494603,-73.9068159
BK,47 STREET,40.6281605,-73.9773002
QN,233 STREET,40.6802397,-73.7341314
QN,1 STREET,40.6547389,-73.8303413
QN,LANDING ROAD,40.6458441,-73.7435079
QN,REDDING STREET,40.6708594,-73.8441972
QN,58 ROAD,40.7199786,-73.9064819
BK,DREW STREET,40.6653851,-73.8603513
QN,BEACH 39 STREET,40.5948884,-73.7715594
QN,ROCKAWAY BEACH BLVD,40.5944988,-73.7716723
QN,PINSON STREET,40.6095637,-73.7550391
QN,PINSON STREET,40.6097422,-73.7550781
QN,BATTERY ROAD,40.6097927,-73.7555641
QN,BATTERY ROAD,40.6098759,-73.755996
BX,WHITE PLAINS ROAD,40.8739932,-73.8668991
BX,EASTCHESTER PLACE,40.886635,-73.8201692
QN,39 STREET,40.738913,-73.9269339
QN,109-43 UNION HALL STREET,40.6936344,-73.7899584
QN,UNION HALL STREET,40.6916731,-73.7890956
QN,BAISLEY BOULEVARD,40.6860424,-73.7685032
BK,DITMAS AVENUE,40.6504628,-73.9112679
QN,224 STREET,40.6679197,-73.7519446
QN,182 STREET,40.7319814,-73.7883294
QN,182 STREET,40.732047,-73.7882101
BX,REYNOLDS AVENUE,40.841391,-73.7876921
QN,45 AVENUE,40.7421772,-73.8762925
MN,2735 FREDRICK DOUGLASS BL,40.8234731,-73.9418862
QN,ROCKAWAY BEACH BLVD,40.5942208,-73.771288
QN,ROCKAWAY BEACH BLVD,40.5945723,-73.771366
MN,EAST 111 STREET,40.7937636,-73.9406806
BX,BRONX RIVER AVENUE,40.8151845,-73.8688339
QN,AUBURNDALE LANE,40.7593836,-73.7951476
QN,53 ROAD,40.7310277,-73.8984636
QN,ROCKAWAY BEACH BLVD,40.5944853,-73.771766
QN,115 AVENUE,40.6891472,-73.7813581
QN,147 AVENUE,40.6591856,-73.7609085
QN,135 STREET,40.788859,-73.8341381
MN,WEST 190 STREET,40.8554561,-73.9299074
BK,EAST RIVER,40.6941527,-74.0004832
QN,50 AVENUE,40.7429004,-73.8629531
BX,EXTERIOR STREET,40.8213049,-73.9319523
QN,LINDEN PLACE,40.7775981,-73.8365817
BK,LOUISIANA AVENUE,40.645565,-73.8851417
MN,DELANCEY STREET,40.7174257,-73.9755779
BX,485 GRAND CONCOURSE,40.8184066,-73.9276993
QN,BARBADOES DRIVE,40.5977479,-73.80394
QN,74-16 HILLMEYER AVENUE,40.5974407,-73.8040742
QN,527 BEACH 72 STREET,40.595465,-73.8012317
QN,BAYFIELD AVENUE,40.5985011,-73.8029872
QN,65-12 ROCKAWAY BEACH BLVD,40.5910836,-73.7945765
QN,ROCKAWAY BEACH BLVD,40.5920808,-73.7904831
QN,66-22 ROCKAWAY BEACH BLVD,40.5908219,-73.7955927
BK,UNION STREET,40.6857425,-74.00684
BK,18 SACKETT STREET,40.685921,-74.0065479
BK,UNION STREET,40.685619,-74.0065371
BK,48 UNION STREET,40.6848917,-74.0055274
BK,50 UNION STREET,40.6848725,-74.0054625
BK,46 UNION STREET,40.6849109,-74.0055959
BK,44 UNION STREET,40.6849027,-74.0056753
BK,140 VAN BRUNT STREET,40.6840189,-74.0058771
BK,CLASSON AVENUE,40.6803446,-73.9587219
BK,261 MARCUS GARVEY BLVD,40.6887622,-73.9389134
BK,GRAVESEND BAY,40.5813061,-74.0070597
BK,107 OCEAN WAY,40.5735461,-73.9878909
QN,NORTH BOULEVARD,40.7575544,-73.8393705
QN,38-27 126TH STREET,40.7570346,-73.8426204
QN,WILLETS POINT BLVD,40.757384,-73.8411865
QN,BEACH CHANNEL DRIVE,40.5825492,-73.8388194
MN,3RD PLACE,40.7072389,-74.0165978
QN,92-18 JAMAICA AVENUE,40.7047097,-73.7945979
QN,ROCKAWAY BEACH BLVD,40.5915687,-73.7926415
QN,BAYFIELD AVENUE,40.5988803,-73.7938647
QN,64 BEACH 64 STREET,40.5913561,-73.7934739
QN,62-02 BEACH 63 STREET,40.5955691,-73.7918153
QN,JAY AVENUE,40.7291205,-73.8957785
QN,172 STREET,40.6833759,-73.7733799
BK,EASTERN PARKWAY,40.671712,-73.9137234
BK,1753 FULTON STREET,40.6794983,-73.9288269
BK,322 KEAP STREET,40.7082712,-73.9548019
BK,EAST 15 STREET,40.6120296,-73.9586561
QN,223 STREET,40.682139,-73.7437758
QN,ELIZABETH AVENUE,40.5957556,-73.7887288
QN,BEACH 59 STREET,40.5953141,-73.7889498
QN,455 BEACH 37 STREET,40.5976252,-73.7703329
QN,457 BEACH 37 STREET,40.5977131,-73.7703506
QN,EDGEMERE AVENUE,40.5958257,-73.7667851
QN,450 BEACH 37 STREET,40.5974566,-73.7697393
QN,BEACH 35 STREET,40.5974067,-73.7681479
QN,306 BEACH 40 STREET,40.5946199,-73.771834
QN,ROCKAWAY BEACH BLVD,40.5939101,-73.7724053
QN,2-19 BEACH 39 STREET,40.5940975,-73.7713929
BK,DEAN STREET,40.6788666,-73.9628581
BX,868 WASHINGTON AVENUE,40.8229266,-73.9112005
BX,872 WASHINGTON AVENUE,40.8230803,-73.9111678
QN,99-73 163 ROAD,40.6531103,-73.8297076
QN,99-75 1 STREET,40.654632,-73.8304678
QN,99-76 LOCKWOOD COURT,40.6504302,-73.8289144
BX,JACKSON AVENUE,40.8103904,-73.9097903
BX,WEST 244 STREET,40.8910562,-73.9017636
BX,HUNTS POINT AVENUE,40.8027871,-73.8742438
BX,BRUCKNER BOULEVARD,40.8039396,-73.912537
BK,112 SEIGEL STREET,40.7043376,-73.9418818
BK,GERRY STREET,40.701299,-73.9472221
BK,GERRY STREET,40.7013648,-73.9471211
BK,74 GERRY STREET,40.7014224,-73.9470345
BK,41 BARTLETT STREET,40.7011204,-73.9469374
BK,39 BARTLETT STREET,40.7010793,-73.9470023
BK,37 BARTLETT STREET,40.7010354,-73.9470709
BK,35 BARTLETT STREET,40.7009915,-73.9471394
BX,STEPHENS AVENUE,40.8093379,-73.8526439
BX,2050 LACOMBE AVENUE,40.8158456,-73.8526295
BX,2058 LACOMBE AVENUE,40.8157212,-73.8519505
BX,238 PUGSLEY AVENUE,40.8110774,-73.8521668
BX,STEPHENS AVENUE,40.8110349,-73.8532181
BX,OLMSTEAD AVENUE,40.8134569,-73.8519592
BX,2009 CORNELL AVENUE,40.8088735,-73.8501199
BX,OLMSTEAD AVENUE,40.813541,-73.851222
BK,VAN SICKLEN STREET,40.5919618,-73.9758723
BK,WORTMAN AVENUE,40.6651161,-73.8603987
BK,RUBY STREET,40.663423,-73.8584666
QN,67 ROCKAWAY BEACH BLVD,40.5681616,-73.8649313
BX,255B EXTERIOR STREET,40.8144378,-73.9323097
BX,MAJ WM DEEGAN BLVD,40.8277939,-73.9327695
MN,WARDS ISLAND,40.7909693,-73.921922
QN,64-22 ROCKAWAY BEACH BLVD,40.5912415,-73.7938739
QN,2-04 BEACH 39 STREET,40.594138,-73.771047
QN,BEACH 34 STREET,40.5945462,-73.7665591
QN,DICKENS STREET,40.6061144,-73.760688
QN,DICKENS STREET,40.6058832,-73.7603755
QN,10-57 BEACH 21ST STREET,40.6042312,-73.7540395
QN,CORNAGA AVENUE,40.6016256,-73.7562602
QN,SHORE FRONT PARKWAY,40.5920875,-73.7751372
QN,ROCKAWAY BEACH BLVD,40.5922329,-73.7881062
QN,ROCKAWAY BEACH BLVD,40.5923382,-73.7841992
QN,ROCKAWAY BEACH BLVD,40.59234,-73.7836951
QN,BEACH 46 STREET,40.5952625,-73.7776111
BX,201 CASTLE HILL AVENUE,40.813016,-73.8485138
BX,HUSSON AVENUE,40.8094942,-73.8504219
BX,NEWMAN AVENUE,40.8100594,-73.8544918
BX,1946 LACOMBE AVENUE,40.815604,-73.8547362
BX,234 HUSSON AVENUE,40.8112189,-73.8511586
QN,41 DRIVE,40.7433683,-73.9050344
QN,REMINGTON STREET,40.6929444,-73.8098842
QN,150 ROAD,40.6557949,-73.7631371
QN,40-57 ORIENT AVENUE,40.7703036,-73.7437146
BX,1063 LAFAYETTE AVENUE,40.8165936,-73.8938893
BX,RYAWA AVENUE,40.8035958,-73.8810583
BK,36 BARTLETT STREET,40.7007991,-73.9465085
BK,86 GERRY STREET,40.7016912,-73.9466195
BK,99 GERRY STREET,40.7021332,-73.9468825
BK,885 NEW JERSEY AVENUE,40.6580574,-73.8888685
BX,1720 LACOMBE AVENUE,40.8141844,-73.8655339
BX,702 BROOK AVENUE,40.8183467,-73.9125723
QN,BEACH 43 STREET,40.5934142,-73.7742614
QN,BEACH 46 STREET,40.5940646,-73.7769669
QN,BEACH 46 STREET,40.5941387,-73.7769775
QN,BEACH 43 STREET,40.5933658,-73.7747548
QN,ROCKAWAY BEACH BLVD,40.5935635,-73.7748154
QN,QUEENS BOULEVARD,40.7150743,-73.8301914
QN,QUEENS BOULEVARD,40.7147594,-73.830708
QN,ROOSEVELT AVENUE,40.7557408,-73.8418618
QN,QUEENS BOULEVARD,40.7153676,-73.8299093
BX,GRAND CONCOURSE,40.8461187,-73.9102985
QN,62 AVENUE,40.7559133,-73.7294908
QN,43 AVENUE,40.7679851,-73.7428462
QN,53 DRIVE,40.7296131,-73.8942443
QN,VLEIGH PLACE,40.7224316,-73.8202263
BK,93A STARR STREET,40.7023168,-73.9263284
BX,BAYCHESTER AVENUE,40.8602389,-73.8271383
BK,144 COLUMBIA STREET,40.6872414,-74.0019255
BK,148 COLUMBIA STREET,40.6869422,-74.0021058
BX,FURMAN AVENUE,40.901607,-73.8508151
BK,118 VAN BRUNT STREET,40.684727,-74.0055707
BK,8 SACKETT STREET,40.6860692,-74.0069987
BK,UNION STREET,40.685243,-74.0066452
BK,12 UNION STREET,40.6852814,-74.0067245
BK,UNION STREET,40.6856849,-74.0067246
QN,183 STREET,40.6557858,-73.764049
QN,102-16 160 AVENUE,40.6585515,-73.8303857
BK,COLUMBIA STREET,40.6876256,-74.0017849
BX,2207 ERSKINE PLACE,40.8600818,-73.8248612
BX,2195 PALMER AVENUE,40.8596665,-73.8261348
BX,PALMER AVENUE,40.8599616,-73.8252302
QN,BEACH 84 STREET,40.5905974,-73.8103628
BK,ROYCE STREET,40.6236738,-73.907856
BK,EAST 40 STREET,40.6230693,-73.9350182
BX,BRONX RIVER AVENUE,40.8199998,-73.8825645
QN,59 AVENUE,40.7190189,-73.9042394
BK,OCEAN VIEW AVENUE,40.5797632,-74.0116495
BK,ST MARKS AVENUE,40.6730603,-73.9144354
QN,46-01 37 AVENUE,40.7511617,-73.9171142
BX,BAYCHESTER AVENUE,40.8603625,-73.8272067
BK,HUBBARD PLACE,40.6248717,-73.9384675
BK,DREW STREET,40.6606013,-73.8583933
BX,REYNOLDS AVENUE,40.8217647,-73.8070954
BK,PROSPECT PLACE,40.6767282,-73.9622897
BK,PROSPECT PLACE,40.675663,-73.9614575
BK,MASPETH AVENUE,40.7171461,-73.9296777
BX,SEDGWICK AVENUE,40.8607571,-73.9113958
BX,SOUTH BROTHER ISLAND,40.7968431,-73.8975108
QN,135-16 134 STREET,40.6672489,-73.8055958
QN,598 BEACH 43 STREET,40.6015791,-73.7751592
BX,BOLTON AVENUE,40.806232,-73.8557283
QN,116 STREET,40.7006871,-73.8326119
QN,134 STREET,40.6671034,-73.8056178
QN,46 STREET,40.7336194,-73.9201489
QN,82 STREET,40.7600223,-73.8857024
QN,GLADWIN AVENUE,40.7487659,-73.7945559
QN,73 PLACE,40.7067353,-73.8774043
QN,JAMAICA AVENUE,40.7095758,-73.7738824
BX,TILLOTSON AVENUE,40.8804151,-73.832644
BK,66 STREET,40.6151516,-73.9859347
BK,HARWAY AVENUE,40.5924609,-73.9918121
QN,INWOOD STREET,40.6775245,-73.7940867
QN,MAZEAU STREET,40.7264532,-73.8905873
QN,72 PLACE,40.7276221,-73.8901055
QN,MAZEAU STREET,40.7276662,-73.890376
QN,QUEENS BOULEVARD,40.7188532,-73.8373606
QN,68 STREET,40.7193924,-73.8921176
BK,LINCOLN PLACE,40.6710417,-73.9563665
BK,ROGERS AVENUE,40.6710625,-73.9534753
BK,881 NEW JERSEY AVENUE,40.6581151,-73.8888973
QN,235 STREET,40.733887,-73.7355736
QN,85 STREET,40.7317855,-73.8788484
BK,85 IRVING STREET,40.6873265,-74.0020769
BX,EASTCHESTER PLACE,40.8858035,-73.8185259
QN,95 STREET,40.6493972,-73.8357893
QN,ROCKAWAY POINT BLVD,40.5681237,-73.8828957
BX,HUGUENOT AVENUE,40.8857604,-73.8172747
BX,2521 PELHAM BAY PARK WEST,40.8854134,-73.816509
BX,HUGUENOT AVENUE,40.8856119,-73.8170835
BX,BRUCKNER BOULEVARD,40.8587568,-73.8271205
BK,EAST 108 STREET,40.6474304,-73.8897295
QN,ROOSEVELT AVENUE,40.752019,-73.8480172
QN,CROSS BAY BOULEVARD,40.6147952,-73.8221118
BX,HUTCHINSON AVENUE,40.8865023,-73.8213052
QN,464 BEACH 43 STREET,40.5976339,-73.7747224
QN,434 BEACH 43 STREET,40.5968926,-73.7746349
QN,436 BEACH 43 STREET,40.5969448,-73.7746419
QN,47-10 NORTON AVENUE,40.5974556,-73.7789901
QN,462 BEACH 43 STREET,40.5975515,-73.7747119
QN,439 BEACH 46 STREET,40.5966737,-73.7777756
QN,45-02 NORTON AVENUE,40.5985085,-73.7770061
QN,514 BEACH 44 STREET,40.5988658,-73.7758382
QN,416 BEACH 47 STREET,40.5960237,-73.7780334
QN,547 BEACH 44 STREET,40.5998057,-73.7764724
QN,545 BEACH 44 STREET,40.5997508,-73.7764654
QN,553 BEACH 44 STREET,40.5999704,-73.7764826
QN,BEACH 46 STREET,40.59722,-73.777835
QN,492 BEACH 46 STREET,40.5980099,-73.7774903
QN,226 STREET,40.6615366,-73.7538138
QN,46 STREET,40.7335124,-73.9201707
QN,77-07 DUMONT AVENUE,40.6718136,-73.8582794
BX,1363 EXTERIOR STREET,40.8443309,-73.9284807
BX,1345 UNIVERSITY AVENUE,40.8420546,-73.926929
QN,ALMEDA AVENUE,40.5967741,-73.7888264
BX,1102 SOUTHERN BOULEVARD,40.8262693,-73.8915541
BX,LAFAYETTE AVENUE,40.8189256,-73.8815367
QN,37 WEST 14 ROAD,40.6036027,-73.8226026
QN,LINDEN BOULEVARD,40.6703784,-73.8519992
BX,1076 NELSON AVENUE,40.8346166,-73.9271938
BX,FIELDSTON ROAD,40.9040742,-73.9017805
MN,WEST 126 STREET,40.8158384,-73.9569001
QN,ROCKAWAY POINT BLVD,40.5607026,-73.9114339
QN,ROCKAWAY POINT BLVD,40.5608443,-73.9174331
QN,ROCKAWAY POINT BLVD,40.5583207,-73.9279195
QN,ROCKAWAY POINT BLVD,40.5612707,-73.9187858
BX,HUTCHINSON AVENUE,40.8814797,-73.8214199
BK,QUINCY STREET,40.6877946,-73.9414059
BK,LOUISIANA AVENUE,40.6431599,-73.8817803
BX,HUTCHINSON AVENUE,40.8805328,-73.8214333
BX,BAYCHESTER AVENUE,40.8797555,-73.8301722
BK,CARROLL STREET,40.6769118,-73.9848798
QN,ROCKAWAY POINT BLVD,40.5605945,-73.9100268
QN,ROCKAWAY POINT BLVD,40.5591425,-73.9253959
QN,ROCKAWAY POINT BLVD,40.5611489,-73.9100045
QN,ROCKAWAY POINT BLVD,40.5612199,-73.9131031
QN,ROCKAWAY POINT BLVD,40.5600835,-73.9246211
QN,45 AVENUE,40.7488401,-73.8540517
QN,ROOSEVELT AVENUE,40.7555349,-73.8418262
BK,RUTLEDGE STREET,40.702129,-73.9564796
BK,1118 BLAKE AVENUE,40.6703058,-73.8765484
BK,BLAKE AVENUE,40.6703248,-73.8764078
BK,EAST 18 STREET,40.6196295,-73.9573114
QN,66-48R MYRTLE AVENUE,40.7011097,-73.8865211
BX,BRUSH AVENUE,40.8189016,-73.8391068
QN,109 AVENUE,40.657678,-73.8299482
BX,BEACH AVENUE,40.8203032,-73.863921
BX,719A EAST 222 STREET,40.8858429,-73.8606947
MN,2521 ADAM C POWELL BLVD,40.8222607,-73.9381116
BX,JEROME AVENUE,40.8752194,-73.8897133
BX,FULTON AVENUE,40.8308392,-73.9038219
BK,23 HIGHLAND PLACE,40.6850756,-73.8819584
BX,829 FREEMAN STREET,40.830553,-73.8966675
BX,WEST KINGSBRIDGE RD,40.8731537,-73.906487
QN,130-41 90 AVENUE,40.6994241,-73.8196752
QN,239 BEACH 86 STREET,40.5887386,-73.8116463
QN,BEACH 29 STREET,40.5938149,-73.760678
BK,FLATBUSH AVENUE,40.6014752,-73.9061401
BK,DEAN STREET,40.6743259,-73.9076707
QN,ASTORIA BOULEVARD,40.765385,-73.8879061
QN,527 BEACH 43 STREET,40.5993727,-73.7753935
QN,24 AVENUE,40.7649379,-73.8882787
BX,GUNTHER AVENUE,40.8699972,-73.8390917
MN,114 WEST 139 STREET,40.8169179,-73.9402373
MN,270 WEST 113 STREET,40.8019553,-73.9561073
BK,158 COLUMBIA STREET,40.6867391,-74.0022031
BK,MONTGOMERY STREET,40.6641447,-73.9298309
BK,RALPH AVENUE,40.6859014,-73.9237793
BK,AVENUE X,40.594728,-73.9328529
MN,154 ELDRIDGE STREET,40.7196704,-73.9909632
BX,1388 STEBBINS AVENUE,40.8327105,-73.8937805
BX,1400 STEBBINS AVENUE,40.8331937,-73.8939026
BX,HOLLYWOOD AVENUE,40.8250308,-73.8171127
BK,LINDEN BOULEVARD,40.6546222,-73.9200921
BK,546 THOMAS S BOYLAND ST,40.6673696,-73.9133938
BK,SEELEY STREET,40.6547463,-73.976264
BK,BRISTOL STREET,40.660371,-73.9105771
BK,250 HERZL STREET,40.6638543,-73.914404
BK,254 HERZL STREET,40.6637993,-73.9143896
QN,NORTHERN BOULEVARD,40.7512793,-73.9334386
QN,LAUREL HILL BLVD,40.7308924,-73.9262391
BK,NORTH HENRY STREET,40.7222397,-73.9434428
QN,SHORE FRONT PARKWAY,40.5919982,-73.7888235
BX,EAST 150 STREET,40.822952,-73.9325431
BX,PELHAM BAY PARK,40.8657291,-73.8186964
BX,GRAND CONCOURSE,40.8611491,-73.8975129
BK,1589 EAST NEW YORK AVENUE,40.6731606,-73.9092153
QN,WILLETS POINT BLVD,40.7579164,-73.841142
QN,126-02 35TH AVENUE,40.7589397,-73.84476
BX,POWELL AVENUE,40.8301893,-73.859055
BX,4063A BOSTON ROAD,40.8857455,-73.8290755
BX,RYAWA AVENUE,40.805136,-73.8814637
MN,675 2 AVENUE,40.7468632,-73.9756068
MN,EAST 38 STREET,40.7475741,-73.9756282
MN,EAST 35 STREET,40.7463227,-73.976549
MN,343 MADISON AVENUE,40.7543019,-73.9777986
BK,480 WARWICK STREET,40.6716931,-73.8856807
BK,871 GLENMORE AVENUE,40.6760575,-73.8779221
BK,GLENMORE AVENUE,40.6760085,-73.8782575
BK,863 GLENMORE AVENUE,40.6760194,-73.8781818
BK,17 NOEL AVENUE,40.5866132,-73.9223121
QN,123 AVENUE,40.6743785,-73.7968579
QN,SUTTER AVENUE,40.6765477,-73.8450419
BX,TELLER AVENUE,40.8255213,-73.9161833
BK,KINGS HIGHWAY,40.6459571,-73.9244556
BK,SHORE PARKWAY,40.5826607,-73.981193
QN,BEACH 72 STREET,40.5982597,-73.8015223
QN,165 AVENUE,40.6479163,-73.8466472
BK,EAST 12 STREET,40.6035542,-73.9599794
BK,STILLWELL AVENUE,40.5886555,-73.9823326
QN,BELLAIRE PLACE,40.7126431,-73.7506131
BX,GROTE STREET,40.8506402,-73.8837068
BK,STANLEY AVENUE,40.6666917,-73.8581605
MN,115 WEST 114 STREET,40.8013964,-73.9516577
BK,AVENUE Z,40.5881316,-73.9539435
BX,PEARSALL AVENUE,40.8737064,-73.8522915
QN,147-26 105 AVENUE,40.6960644,-73.8028503
QN,106-37 150 STREET,40.6951662,-73.8008552
BX,32B REEDS MILL LANE,40.8809552,-73.8322449
BK,EASTERN PARKWAY,40.6707865,-73.9564603
BX,3238 BRUNER AVENUE,40.8758,-73.8394971
QN,124 STREET,40.6855679,-73.8193016
BX,BRONXWOOD AVENUE,40.8757478,-73.8605603
QN,UTOPIA PARKWAY,40.7866558,-73.7953887
BK,POST COURT,40.5856978,-73.9242789
BK,5 BEACON COURT,40.5862844,-73.9192054
BK,FORD STREET,40.589328,-73.9360412
BK,HUNTER AVENUE,40.586181,-73.9965113
BK,EAST 95 STREET,40.6539624,-73.9148491
BX,TIMPSON PLACE,40.8105099,-73.9048736
BK,PINE STREET,40.6738916,-73.8700743
BK,259A MARCUS GARVEY BLVD,40.6888171,-73.9389242
BX,NOBLE AVENUE,40.8356383,-73.8714208
MN,3 AVENUE,40.8024894,-73.9360747
BK,177 SACKMAN STREET,40.6738302,-73.9056706
BX,BRUNER AVENUE,40.8757918,-73.8394935
QN,BEACH 70 STREET,40.5915255,-73.7992235
BK,76 GERRY STREET,40.7014663,-73.9469696
BK,RUBY STREET,40.6619075,-73.8581959
QN,69 ROAD,40.7318313,-73.8212148
QN,46-08 88 STREET,40.7413995,-73.877954
BX,WOODHULL AVENUE,40.8667121,-73.8413376
BK,941A PRESIDENT STREET,40.6724271,-73.9716722
BK,CROWN STREET,40.6671019,-73.9611164
MN,8 AVENUE,40.8235386,-73.9410045
BX,450 EAST 136 STREET,40.8069384,-73.9223728
BX,THROGS NECK EXPWY,40.8252974,-73.8139612
QN,170-22 107 AVENUE,40.69997,-73.7858127
MN,256 WEST 71 STREET,40.7786159,-73.9843476
MN,1612 LEXINGTON AVENUE,40.7896914,-73.9484449
MN,1650 LEXINGTON AVENUE,40.7913405,-73.9472049
BX,WATSON AVENUE,40.8297582,-73.8522915
MN,329 EAST 109 STREET,40.7921986,-73.9395805
QN,NAMEOKE AVENUE,40.6076279,-73.7521471
MN,161 EAST 122 STREET,40.8024522,-73.93826
MN,163 EAST 122 STREET,40.8024082,-73.9381517
MN,167 EAST 122 STREET,40.8024301,-73.9379675
MN,151 EAST 123 STREET,40.8031382,-73.9379524
MN,163 EAST 123 STREET,40.8029595,-73.9375227
MN,161 EAST 123 STREET,40.8029953,-73.9376094
MN,159 EAST 122 STREET,40.8024851,-73.9383359
MN,2 EAST 130 STREET,40.8091692,-73.9395579
MN,317 WEST 126 STREET,40.811387,-73.9513904
MN,113 WEST 114 STREET,40.8013634,-73.9515747
MN,117 WEST 114 STREET,40.8014321,-73.9517372
MN,WEST 134 STREET,40.8157873,-73.9463546
MN,2510 FREDRICK DOUGLASS BL,40.8158369,-73.9466255
MN,WEST 135 STREET,40.8141163,-73.941627
MN,136 WEST 137 STREET,40.8158289,-73.9415135
BK,FULTON STREET,40.6818081,-73.960275
BK,863 GATES AVENUE,40.6886128,-73.9317812
BK,PACIFIC STREET,40.6764592,-73.9323092
BK,LINDEN BOULEVARD,40.6544427,-73.9148125
BK,1312 AVENUE J,40.6449941,-73.893755
BK,HINSDALE STREET,40.6668913,-73.8991163
BX,901 EAGLE AVENUE,40.8226006,-73.90852
BX,UNIONPORT ROAD,40.8431448,-73.8663572
MN,WEST 130 STREET,40.8110571,-73.9440501
BK,MALCOLM X BOULEVARD,40.6800746,-73.9286496
BX,VINMONT ROAD,40.9039042,-73.9019472
BK,MARCUS GARVEY BLVD,40.688872,-73.9389349
BX,BEECH TREE LANE,40.884638,-73.7991882
BX,BOLTON AVENUE,40.8247943,-73.8599445
QN,OLD SOUTH ROAD,40.6645999,-73.8154619
BX,CROSS BRONX EXPWY,40.8318512,-73.8579313
BK,177 SOUTH OXFORD STREET,40.6840624,-73.9726588
BK,17 AVENUE,40.6057594,-74.0084812
BX,FOOD CENTER DRIVE,40.8066978,-73.8788276
BX,959 HOME STREET,40.8287011,-73.8915502
BX,EDGEWATER ROAD,40.8236781,-73.8856617
BX,EDGEWATER ROAD,40.8232108,-73.8849543
MN,DELANCEY STREET,40.7165273,-73.9871182
BK,SUTTER AVENUE,40.6736956,-73.8643535
BX,CALHOUN AVENUE,40.8186767,-73.8188427
BK,COLUMBIA STREET,40.687417,-74.0018822
BK,GRAVESEND BAY,40.5812017,-74.0079633
BK,BAY 23 STREET,40.6010167,-74.0026504
BK,STERLING PLACE,40.672402,-73.9414987
BK,EASTERN PARKWAY,40.6721925,-73.9138742
BK,274 MC KIBBIN STREET,40.7056826,-73.9367555
BK,13 AVENUE,40.640535,-73.9834539
BK,1353 37 STREET,40.641095,-73.9835871
BK,13 AVENUE,40.6413669,-73.9848158
BK,13 AVENUE,40.6412818,-73.9846753
BK,13 AVENUE,40.6406311,-73.983598
BK,13 AVENUE,40.6414493,-73.9849527
BK,13 AVENUE,40.6415261,-73.9850824
BK,13 AVENUE,40.6411994,-73.9845384
BK,13 AVENUE,40.6411143,-73.9843978
BK,PUTNAM AVENUE,40.6832881,-73.9544439
BK,BREVOORT PLACE,40.6804774,-73.9542187
BK,PARK PLACE,40.6715918,-73.9143688
MN,EAST 7 STREET,40.7240961,-73.978505
MN,WEST 112 STREET,40.8023484,-73.9578119
QN,CHANNEL ROAD,40.5737628,-73.8640777
BX,HUGUENOT AVENUE,40.8858594,-73.8174047
QN,19 AVENUE,40.7766106,-73.8903424
QN,FLYNN CANAL,40.655441,-73.8300008
BK,PUTNAM AVENUE,40.6856497,-73.9390136
BK,263 MARCUS GARVEY BLVD,40.6887128,-73.9388666
BK,229 MARCUS GARVEY BLVD,40.6901238,-73.9391898
BK,MARCUS GARVEY BLVD,40.6889297,-73.9389457
BK,CROPSEY AVENUE,40.6012882,-74.007105
BK,BAY 23 STREET,40.6010579,-74.0026036
BK,857 GATES AVENUE,40.6885882,-73.9320012
BX,WESTCHESTER AVENUE,40.8436715,-73.8363073
MN,WEST 155 STREET,40.821965,-73.9579259
BX,UNIONPORT ROAD,40.8475399,-73.8694171
QN,159 STREET,40.6133941,-73.8230556
QN,ROCKAWAY POINT BLVD,40.5577308,-73.9283268
QN,132 ROAD,40.6819326,-73.7510272
BK,BAY 17 STREET,40.6058859,-74.0056577
QN,JAY AVENUE,40.7290519,-73.8958038
QN,MARTENSE AVENUE,40.7418799,-73.8543737
BK,MONROE STREET,40.6861749,-73.9464337
BK,HINSDALE STREET,40.6644012,-73.898464
BK,1151 BROADWAY,40.6934141,-73.9284478
BX,WALTON AVENUE,40.8289326,-73.9234818
QN,10 AVENUE,40.7887904,-73.8419494
BK,654 QUINCY STREET,40.6885071,-73.9340926
BK,859 GATES AVENUE,40.6885964,-73.9319146
BK,GATES AVENUE,40.6884168,-73.9346408
BK,2040 PACIFIC STREET,40.6757089,-73.9181706
BK,1541 ST MARKS AVENUE,40.6736187,-73.9161868
BK,PACIFIC STREET,40.6753246,-73.9143388
BK,2097 PACIFIC STREET,40.6761313,-73.9176617
BK,379 HOWARD AVENUE,40.67462,-73.9191381
BK,2105 PACIFIC STREET,40.6761146,-73.9173373
BK,2103 PACIFIC STREET,40.6761174,-73.9173949
BK,2095 PACIFIC STREET,40.6761341,-73.9177302
BK,1694 BERGEN STREET,40.6745342,-73.9262726
BK,1696 BERGEN STREET,40.6745917,-73.9261752
BK,153 BUFFALO AVENUE,40.6741352,-73.9247481
BK,159 BUFFALO AVENUE,40.6739568,-73.9247663
BK,AVENUE Y,40.5867809,-73.9825816
BX,EAST 138 STREET,40.8048187,-73.9134786
BX,EAST 135 STREET,40.8030984,-73.9143694
QN,LANDING ROAD,40.6458819,-73.7432195
BK,18 AVENUE,40.60453,-74.0049338
BX,COLLEGE AVENUE,40.8273713,-73.9162243
BK,EAST 92 STREET,40.6621673,-73.92802
BK,EAST 10 STREET,40.6308289,-73.9676296
QN,REMINGTON STREET,40.6892405,-73.8058526
QN,121 STREET,40.6832942,-73.8203787
QN,CANAL AVENUE,40.6440603,-73.7436553
QN,CANAL AVENUE,40.6440416,-73.7438752
QN,CANAL AVENUE,40.6440496,-73.7437779
QN,ISLAND LANE,40.6457497,-73.7442434
BX,PAULDING AVENUE,40.8820719,-73.854204
QN,25 STREET,40.758429,-73.9327926
QN,164 STREET,40.6995955,-73.7926986
QN,47 ROAD,40.7545637,-73.7759062
BK,AVENUE Y,40.5869316,-73.9810262
BK,AVENUE X,40.5887023,-73.9831355
BK,1700 PACIFIC STREET,40.6764564,-73.9322659
BK,PACIFIC STREET,40.6764426,-73.9320244
BK,1704 PACIFIC STREET,40.6764481,-73.9321289
BK,ROGERS AVENUE,40.675871,-73.9524878
BK,NOSTRAND AVENUE,40.666612,-73.9505082
BK,NEPTUNE AVENUE,40.5782507,-73.98771
BK,WEST 20 STREET,40.5773613,-73.9874042
BK,WEST 20 STREET,40.5774986,-73.9874294
BK,MONTGOMERY STREET,40.6645668,-73.9437981
BK,EMPIRE BOULEVARD,40.6645393,-73.9437801
QN,46 AVENUE,40.7560081,-73.7762514
QN,41 DRIVE,40.7433077,-73.9047855
QN,41 DRIVE,40.7433462,-73.9049478
QN,41 DRIVE,40.7433903,-73.9051174
QN,41 DRIVE,40.7434096,-73.905204
QN,FRANCIS LEWIS BLVD,40.7755893,-73.7986433
QN,ROOSEVELT AVENUE,40.7617113,-73.8198567
MN,WEST 70 STREET,40.7795907,-73.9879653
MN,WEST 70 STREET,40.779942,-73.9877161
BK,3 AVENUE,40.6477487,-74.0140938
BK,40 STREET,40.6515262,-74.0060148
BK,EAST 49 STREET,40.6455162,-73.9304559
BX,CLAY AVENUE,40.8429336,-73.9052609
BX,1641 CLAY AVENUE,40.8426948,-73.9053083
BX,BILLINGSLEY TERRACE,40.852964,-73.9176199
BK,GRAVESEND BAY,40.5813226,-74.0069301
BK,GRAVESEND BAY,40.5813363,-74.0068005
BK,OCEAN VIEW AVENUE,40.5809848,-74.0091693
BK,3622 MERMAID AVENUE,40.5743482,-74.0024982
BK,NEPTUNE AVENUE,40.5787641,-73.9887719
BK,2021 NEPTUNE AVENUE,40.5788381,-73.9880915
BK,2973 STILLWELL AVENUE,40.5824553,-73.9844187
BK,SHELL ROAD,40.5813423,-73.9762577
BK,LINCOLN PLACE,40.6700763,-73.9301167
BK,LINCOLN PLACE,40.6700098,-73.9290209
BK,UTICA AVENUE,40.6674142,-73.930707
BK,UTICA AVENUE,40.6711172,-73.9312079
BK,UTICA AVENUE,40.6711009,-73.9314278
BK,PRESIDENT STREET,40.6666137,-73.932348
BK,CARROLL STREET,40.6659084,-73.9323992
BK,SURF AVENUE,40.5744063,-73.9770269
QN,ORIENT AVENUE,40.7681972,-73.7431847
QN,44 AVENUE,40.7666764,-73.744317
BK,WEST 12 STREET,40.5864075,-73.9817176
BK,WEST 12 STREET,40.5854659,-73.9813074
BK,9 STREET,40.6740692,-73.9961714
QN,86 ROAD,40.694433,-73.8536984
QN,47 STREET,40.7330097,-73.9196734
QN,46 STREET,40.7337841,-73.9201199
BK,ROEBLING STREET,40.7071838,-73.9610533
BX,CLINTON AVENUE,40.8418687,-73.8928009
BX,4382 3 AVENUE,40.8508474,-73.8935925
BX,2014 LAFONTAINE AVENUE,40.8476742,-73.8933228
BX,CRESTON AVENUE,40.8675358,-73.8943214
BX,BAINBRIDGE AVENUE,40.8680332,-73.8890997
BX,VALENTINE AVENUE,40.8665102,-73.892255
BX,BOSTON ROAD,40.8843755,-73.830645
QN,94-03 95 AVENUE,40.694173,-73.8265808
QN,LEFFERTS BOULEVARD,40.6707158,-73.8209929
QN,HOLLIS COURT BLVD,40.7476792,-73.7827179
QN,127 STREET,40.6800635,-73.8134109
QN,58 AVENUE,40.721327,-73.907317
BK,FAIRFIELD AVENUE,40.6618324,-73.8596162
BK,PRESIDENT STREET,40.6846035,-74.0057438
BK,57 STREET,40.6353732,-74.0045325
QN,HILLMEYER AVENUE,40.5975529,-73.8023094
QN,DE COSTA AVENUE,40.5982687,-73.8019184
QN,BEACH 72 STREET,40.5977381,-73.8014662
BX,EAST 180 STREET,40.8470084,-73.8858999
QN,48 STREET,40.757635,-73.911385
QN,115 AVENUE,40.6779144,-73.8168744
QN,50 AVENUE,40.7379167,-73.9268917
QN,23 AVENUE,40.7787005,-73.9181848
QN,156 AVENUE,40.6637775,-73.8379527
QN,32 AVENUE,40.7588052,-73.8691218
QN,ROCKAWAY BOULEVARD,40.6741939,-73.7980482
QN,KEW GARDENS ROAD,40.703365,-73.8192642
QN,WESTGATE STREET,40.6743883,-73.7632261
QN,122 PLACE,40.6738724,-73.815804
BK,EASTERN PARKWAY,40.6684216,-73.9354102
BK,ST JOHNS PLACE,40.6696237,-73.9180122
BK,ST JOHNS PLACE,40.66961,-73.9180879
BK,1297 EAST NEW YORK AVENUE,40.6687519,-73.9195092
BK,PARK PLACE,40.6716268,-73.9135613
BK,PARK PLACE,40.6715911,-73.9134892
BK,381 THOMAS S BOYLAND ST,40.6713142,-73.9139402
BK,1451 EAST NEW YORK AVENUE,40.6711029,-73.9140126
BK,PARK PLACE,40.6719978,-73.9218233
BK,PARK PLACE,40.671602,-73.9134135
BK,EASTERN PARKWAY,40.6718627,-73.9133771
BK,PARK PLACE,40.6716406,-73.9136333
QN,106-10 VAN WYCK EXPRESSWAY,40.6885631,-73.8094604
BK,NOSTRAND AVENUE,40.6188589,-73.9459149
QN,FLUSHING AVENUE,40.7156112,-73.9127539
QN,FIRST STREET,40.655402,-73.8295684
QN,GUY R BREWER BLVD,40.6738002,-73.7766029
QN,123 STREET,40.7775986,-73.8449223
BK,EAST 32 STREET,40.6485855,-73.9470188
QN,DUNTON AVENUE,40.7199522,-73.7648536
BK,EAST 35 STREET,40.6354909,-73.9429903
BK,PARKSIDE AVENUE,40.655506,-73.9556702
QN,23 AVENUE,40.7787582,-73.8398032
BK,UNION STREET,40.6678631,-73.938053
BX,WATERBURY AVENUE,40.8344396,-73.8472544
QN,23 STREET,40.76383,-73.9315958
BK,RICHARDSON STREET,40.7186657,-73.9427712
QN,150-10 151 STREET,40.7014259,-73.8034296
QN,LIBERTY AVENUE,40.7006977,-73.7935247
BK,910 MADISON STREET,40.6878622,-73.9211881
BK,908 MADISON STREET,40.6878513,-73.9212999
BK,823A HANCOCK STREET,40.6859444,-73.9223803
BK,PUTNAM AVENUE,40.6869576,-73.9230461
BK,53 MAC DOUGAL STREET,40.6794597,-73.9201237
BK,COOPER STREET,40.6863493,-73.909291
BK,728 CENTRAL AVENUE,40.68667,-73.9053892
BK,708 HANCOCK STREET,40.6849483,-73.926993
BK,540 BUSHWICK AVENUE,40.6996685,-73.9361914
BK,AVENUE V,40.5956804,-73.963124
QN,420 BEACH 43 STREET,40.5965055,-73.7745786
QN,437 BEACH 43 STREET,40.5968939,-73.775265
QN,BEACH 43 STREET,40.5973566,-73.7746909
QN,473 BEACH 43 STREET,40.5977202,-73.7753199
QN,471 BEACH 43 STREET,40.5976735,-73.7753128
BK,1962 FULTON STREET,40.6785263,-73.9198832
BK,1968 FULTON STREET,40.6785152,-73.9196633
MN,537 WEST 35 STREET,40.7562528,-74.0003898
BX,MAROLLA PLACE,40.8844548,-73.8361093
BX,ST LAWRENCE AVENUE,40.858749,-73.827435
BK,EAST 14 STREET,40.5863368,-73.9544704
QN,129 STREET,40.7767398,-73.8391329
BK,EAST 105 STREET,40.6515262,-73.8993558
QN,GREENE AVENUE,40.7106524,-73.9069964
QN,424 BEACH 43 STREET,40.5966181,-73.7746034
QN,466 BEACH 43 STREET,40.5977437,-73.7747328
QN,481 BEACH 43 STREET,40.597948,-73.7753443
QN,479 BEACH 43 STREET,40.5979014,-73.7753409
BK,BUSHWICK AVENUE,40.6874465,-73.9050816
QN,BEACH 46 STREET,40.59736,-73.7778525
QN,45-10 NORTON AVENUE,40.5984925,-73.777287
QN,447 BEACH 44 STREET,40.5970658,-73.7761503
QN,45-06 NORTON AVENUE,40.5985005,-73.7771357
QN,45-08 NORTON AVENUE,40.5984979,-73.7772078
QN,463 BEACH 45 STREET,40.5974325,-73.7770241
QN,468 BEACH 44 STREET,40.5976523,-73.7756982
QN,498 BEACH 44 STREET,40.5984649,-73.7757927
QN,BEACH 45 STREET,40.5981371,-73.7765932
QN,477 BEACH 44 STREET,40.5978839,-73.7762448
QN,476 BEACH 43 STREET,40.5979332,-73.7747574
QN,422 BEACH 43 STREET,40.5965632,-73.7745964
QN,408 BEACH 43 STREET,40.5960718,-73.7745404
QN,BEACH 46 STREET,40.5972887,-73.7778456
QN,414 BEACH 47 STREET,40.595955,-73.7780264
QN,529 BEACH 44 STREET,40.5993088,-73.7764128
QN,443 BEACH 46 STREET,40.5968082,-73.7777896
QN,431 BEACH 46 STREET,40.5965996,-73.7777686
QN,406 BEACH 46 STREET,40.5958161,-73.7771699
QN,437 BEACH 44 STREET,40.5967693,-73.7761153
QN,466 BEACH 44 STREET,40.5975946,-73.7756912
QN,465 BEACH 44 STREET,40.5975819,-73.7762098
QN,443 BEACH 45 STREET,40.5968862,-73.7769611
QN,455 BEACH 45 STREET,40.5972129,-73.7769996
QN,552 BEACH 43 STREET,40.6005743,-73.7750654
QN,596 BEACH 43 STREET,40.6014528,-73.7751669
BX,SIMPSON STREET,40.8224583,-73.89302
BK,110 WORTMAN AVENUE,40.6640708,-73.8563062
BK,COZINE AVENUE,40.6631242,-73.8587664
BK,DREW STREET,40.6606667,-73.8580472
BK,DREW STREET,40.6623759,-73.8596115
BK,DREW STREET,40.6607248,-73.8584219
BK,VANDALIA AVENUE,40.65993,-73.8593895
BK,VANDALIA AVENUE,40.6600196,-73.858618
BX,SHORE DRIVE,40.8212661,-73.8060346
QN,BEACH 43 STREET,40.6004837,-73.7750549
QN,569 BEACH 43 STREET,40.6005864,-73.7756559
QN,549 BEACH 44 STREET,40.5998606,-73.7764758
QN,530 BEACH 44 STREET,40.5993654,-73.7758977
QN,44-06 NORTON AVENUE,40.5991139,-73.7763991
QN,524 BEACH 44 STREET,40.599154,-73.7758732
QN,527 BEACH 44 STREET,40.5992511,-73.7764058
QN,481 BEACH 46 STREET,40.5978129,-73.7778258
QN,480 BEACH 45 STREET,40.5979367,-73.7765723
QN,413 BEACH 46 STREET,40.5959269,-73.7776917
QN,518 BEACH 43 STREET,40.5991576,-73.7749009
QN,544 BEACH 44 STREET,40.5998403,-73.7759141
QN,529 BEACH 43 STREET,40.5994331,-73.7754005
QN,542 BEACH 44 STREET,40.599769,-73.775936
QN,5 DELMORE COURT,40.598725,-73.7754353
QN,584A BEACH 43 STREET,40.6010328,-73.7751179
QN,584 BEACH 43 STREET,40.6011178,-73.7751176
QN,590 BEACH 43 STREET,40.6013238,-73.7751421
QN,546 BEACH 43 STREET,40.6003766,-73.7750445
MN,WEST 216 STREET,40.8689198,-73.9113668
BK,LEGION STREET,40.666895,-73.9175361
BX,1899 NEEDHAM AVENUE,40.8814172,-73.8426261
BX,1296 EAST 224 STREET,40.8808729,-73.8440124
BX,WATSON AVENUE,40.8297827,-73.8521144
QN,592 BEACH 43 STREET,40.6013869,-73.7751599
QN,575 BEACH 43 STREET,40.6007209,-73.7756699
QN,508 BEACH 44 STREET,40.598745,-73.7758242
QN,534 BEACH 44 STREET,40.5994341,-73.7759047
QN,536 BEACH 44 STREET,40.5995027,-73.7759116
QN,555 BEACH 44 STREET,40.6000528,-73.7764824
QN,44-04 NORTON AVENUE,40.5991192,-73.7763271
BK,1374 DEKALB AVENUE,40.699005,-73.9239266
BK,141 NOLL STREET,40.7030555,-73.9313552
QN,518 BEACH 44 STREET,40.5990689,-73.7758627
QN,551 BEACH 44 STREET,40.5999155,-73.7764828
QN,528 BEACH 45 STREET,40.5992298,-73.77673
QN,45-04 NORTON AVENUE,40.5985058,-73.7770673
QN,432 BEACH 46 STREET,40.5965464,-73.7772575
QN,435 BEACH 45 STREET,40.5966693,-73.776933
QN,439 BEACH 45 STREET,40.5967517,-73.7769435
QN,441 BEACH 44 STREET,40.5969011,-73.7761292
QN,447 BEACH 45 STREET,40.596996,-73.7769715
QN,504 BEACH 45 STREET,40.598192,-73.7766002
QN,483 BEACH 43 STREET,40.5980579,-73.7753584
QN,BEACH 46 STREET,40.5974314,-73.7778595
QN,482 BEACH 45 STREET,40.5980191,-73.7765792
QN,479 BEACH 46 STREET,40.5977608,-73.7778512
QN,506 BEACH 45 STREET,40.5982442,-73.7766073
BK,EAST 13 STREET,40.6215525,-73.9621587
BK,EAST 42 STREET,40.6313698,-73.9354677
QN,FIRST STREET,40.6553636,-73.8296117
QN,BAYVIEW AVENUE,40.6560179,-73.8321798
QN,164 STREET,40.7428238,-73.8041952
QN,189 STREET,40.7502241,-73.7904116
MN,WEST 34 STREET,40.7537277,-73.9978308
BK,TOMPKINS PLACE,40.6852349,-73.9962213
QN,43 STREET,40.7363936,-73.9230504
QN,47 STREET,40.7666407,-73.9047305
QN,46 STREET,40.7334602,-73.9201816
QN,182 STREET,40.670903,-73.7621859
QN,181 STREET,40.6628604,-73.7647052
QN,60 STREET,40.7281594,-73.9048577
BX,EAST 175 STREET,40.841269,-73.8913779
BX,FULTON AVENUE,40.8287907,-73.9060435
BK,EAST 94 STREET,40.6351285,-73.8958424
MN,BROOME STREET,40.720151,-73.9953427
BK,COMMERCIAL STREET,40.7376169,-73.9588163
BK,COMMERCIAL STREET,40.7372767,-73.9592856
MN,EAST 37 STREET,40.7466212,-73.9734415
MN,EAST 38 STREET,40.7472524,-73.9729649
MN,EAST 38 STREET,40.7481916,-73.9751949
BX,HOME STREET,40.8282597,-73.9011662
QN,GUY R BREWER BLVD,40.7031182,-73.79637
QN,132 STREET,40.6752239,-73.8064594
QN,BAY 32 STREET,40.6018047,-73.7699188
QN,SEAGIRT AVENUE,40.5961987,-73.7397881
QN,CAFFREY AVENUE,40.600088,-73.7496327
QN,QUEENS BOULEVARD,40.7409661,-73.8980442
QN,LINCOLN STREET,40.6792773,-73.8076734
BK,PRESIDENT STREET,40.6846282,-74.0060034
BK,CARROLL STREET,40.6838597,-74.0059528
BK,EAST 94 STREET,40.6352073,-73.8949956
BK,EAST 96 STREET,40.6374973,-73.895918
QN,NORTHERN BOULEVARD,40.7518807,-73.92082
QN,LAKEVIEW BLVD EAST,40.6798946,-73.7843088
QN,192 STREET,40.6903507,-73.7586836
QN,100 STREET,40.7491009,-73.865308
QN,59 AVENUE,40.7175717,-73.9102514
BK,HAMILTON AVENUE,40.6858386,-74.0070455
BX,CORNELL AVENUE,40.8066772,-73.8583463
QN,100 STREET,40.6650867,-73.8341034
BK,KNICKERBOCKER AVENUE,40.6924774,-73.908053
QN,ROCKY HILL ROAD,40.7536345,-73.7794284
QN,ROCKY HILL ROAD,40.75358,-73.7796488
QN,253-19 PEMBROKE AVENUE,40.7710541,-73.7345342
BK,1509 NEWKIRK AVENUE,40.635941,-73.9630621
BK,FARRAGUT ROAD,40.641885,-73.9107964
QN,HIMROD STREET,40.7073407,-73.9120939
QN,SOUTH ROAD,40.6452681,-73.7437084
QN,46 STREET,40.735445,-73.9206483
QN,111 AVENUE,40.6915465,-73.7889445
QN,JAMAICA AVENUE,40.6923848,-73.8620725
QN,95-34 114 STREET,40.690299,-73.8313399
QN,FRANCIS LEWIS BLVD,40.7823407,-73.8046712
BK,HUBBARD STREET,40.5886179,-73.9628111
QN,60 STREET,40.7379886,-73.9050493
BK,CHURCH AVENUE,40.6487948,-73.9326724
QN,150 ROAD,40.6563479,-73.7637803
QN,CANAL AVENUE,40.6438314,-73.7419626
QN,84 STREET,40.7065707,-73.8651558
QN,WOODHAVEN BOULEVARD,40.7076557,-73.8590148
BX,CAMBRIDGE AVENUE,40.8834189,-73.9100022
QN,29 AVENUE,40.771532,-73.8079847
BK,CONEY ISLAND AVENUE,40.6236229,-73.9646
QN,37 STREET,40.763011,-73.9174532
QN,LOVINGHAM PLACE,40.6913465,-73.765041
QN,SHORE AVENUE,40.6903359,-73.804371
QN,WATSON PLACE,40.7012201,-73.7792051
QN,KETCHAM STREET,40.7426526,-73.8793771
QN,198 STREET,40.7178865,-73.7640781
BX,1090 SOUTHERN BOULEVARD,40.8259674,-73.8915546
BX,1094 SOUTHERN BOULEVARD,40.826069,-73.8915545
BX,1106 SOUTHERN BOULEVARD,40.8263764,-73.8915503
BX,1098 SOUTHERN BOULEVARD,40.826165,-73.8915543
BK,WOODRUFF AVENUE,40.6548436,-73.9608893
BK,SHORE BOULEVARD,40.5775678,-73.9382159
BK,KIMBALL STREET,40.6195733,-73.9366966
BK,UTICA AVENUE,40.6231082,-73.9267725
BK,2575 FLATBUSH AVENUE,40.6073591,-73.9193168
BK,EAST 42 STREET,40.6261958,-73.9355159
QN,132 ROAD,40.6814325,-73.7495112
QN,MAPLE AVENUE,40.7546112,-73.8311193
QN,PECONIC STREET,40.6757187,-73.8370224
QN,NORTH CONDUIT AVENUE,40.6668558,-73.8331871
QN,32 AVENUE,40.771685,-73.782831
QN,34 ROAD,40.7697782,-73.7732953
QN,DONGAN AVENUE,40.7409972,-73.879095
QN,FARRINGTON STREET,40.7785401,-73.8369585
QN,56 STREET,40.7167297,-73.9109812
QN,FLUSHING AVENUE,40.7160001,-73.9117397
QN,FLUSHING AVENUE,40.7154763,-73.9123284
QN,HOOK CREEK BOULEVARD,40.6526564,-73.726702
BK,1 HAMILTON AVENUE,40.6860472,-74.0072799
BK,HAMILTON AVENUE,40.684974,-74.0065947
BK,PRESIDENT STREET,40.6848368,-74.0064685
BK,BROOKLYN AVENUE,40.6536512,-73.9445677
BK,FOSTER AVENUE,40.6391725,-73.9342603
BK,STRAUSS STREET,40.6640659,-73.9148362
BK,279 GRAFTON STREET,40.6614463,-73.91715
BK,SCHENECTADY AVENUE,40.6453059,-73.9321173
BK,CLARKSON AVENUE,40.6564255,-73.9285199
BK,LINDEN BOULEVARD,40.6540408,-73.9169357
BK,EAST 93 STREET,40.6545578,-73.9183046
BK,HAMILTON AVENUE,40.6847929,-74.0065803
BK,UNION STREET,40.6856629,-74.0066633
BK,UNION STREET,40.685136,-74.0062089
BK,86 STREET,40.6138342,-74.0126531
BK,162A GARFIELD PLACE,40.6728513,-73.9786837
BK,DEAN STREET,40.6808015,-73.9720905
BK,BAY 19 STREET,40.6058887,-74.0034537
BK,2571 WEST 13 STREET,40.5863497,-73.9809291
BK,86 STREET,40.5899531,-73.9782853
BK,AVENUE X,40.5897389,-73.9775365
BK,WEST 11 STREET,40.5865803,-73.9811523
BK,ST MARKS AVENUE,40.6746751,-73.9322353
BK,EAST NEW YORK AVENUE,40.6680589,-73.9216008
BK,EAST NEW YORK AVENUE,40.6716403,-73.913208
BK,PARK PLACE,40.6716157,-73.9133414
QN,SPRINGFIELD BLVD,40.6562994,-73.7628578
QN,150 ROAD,40.6561518,-73.7631971
QN,150 ROAD,40.6564142,-73.7639783
QN,150 ROAD,40.656107,-73.7640695
QN,150 ROAD,40.6557626,-73.7634472
QN,SPRINGFIELD BLVD,40.6553837,-73.7633837
QN,183 STREET,40.6546547,-73.7639269
QN,150 AVENUE,40.65644,-73.7631853
QN,BAYVIEW AVENUE,40.655886,-73.8321044
QN,PEDESTRIAN WAY,40.6536054,-73.8304523
QN,VAN DER LINN STREET,40.6571908,-73.832804
QN,RAU COURT,40.6537398,-73.8303367
QN,DAVENPORT COURT,40.6534679,-73.8302293
QN,165 AVENUE,40.6504153,-73.8281036
QN,165 AVENUE,40.6504003,-73.8291199
QN,160 AVENUE,40.6586613,-73.8304071
QN,RUSSELL STREET,40.6561917,-73.8290762
QN,160 AVENUE,40.6585378,-73.8304686
QN,102 STREET,40.6567032,-73.8296912
QN,102 STREET,40.6582383,-73.8302387
QN,102 STREET,40.657537,-73.8292998
BK,EAST NEW YORK AVENUE,40.6621536,-73.9374636
BK,LIVONIA AVENUE,40.6618051,-73.9123485
BK,87 LEGION STREET,40.6668428,-73.9175218
BK,RIVERDALE AVENUE,40.6605246,-73.9104759
BK,156 RIVERDALE AVENUE,40.6605277,-73.9109914
BK,158 RIVERDALE AVENUE,40.6604836,-73.9107499
BK,160 RIVERDALE AVENUE,40.6604946,-73.910685
BK,166 RIVERDALE AVENUE,40.6605137,-73.9105444
BK,HOPKINSON AVENUE,40.6564537,-73.9099516
BK,152 NEWPORT STREET,40.6590252,-73.9095733
BK,156 NEWPORT STREET,40.6590471,-73.9094363
BK,154 NEWPORT STREET,40.6590362,-73.9095048
BK,CHESTER STREET,40.6573554,-73.9082708
BK,RIVERDALE AVENUE,40.6613651,-73.9077932
BK,LIVONIA AVENUE,40.6630929,-73.9027337
QN,102 STREET,40.6573207,-73.8296428
QN,102 STREET,40.6576856,-73.829577
QN,39 109 AVENUE,40.6577958,-73.8297966
QN,102 STREET,40.6581228,-73.8300985
QN,160 AVENUE,40.6580232,-73.8295617
QN,84 STREET,40.7308314,-73.8798351
QN,57 AVENUE,40.7315131,-73.8781813
QN,151 DRIVE,40.6545669,-73.7639344
QN,135 AVENUE,40.6701925,-73.7288615
QN,148 DRIVE,40.6535824,-73.7475795
QN,148 DRIVE,40.653213,-73.748071
QN,ROCKAWAY BEACH BLVD,40.5941502,-73.7716411
QN,171 PLACE,40.7017609,-73.7850892
BK,7 AVENUE,40.6385376,-74.0103122
MN,101 WEST END AVENUE,40.7750648,-73.9888254
BK,1762 EAST NEW YORK AVENUE,40.6752775,-73.9033072
BK,429 EAST 89 STREET,40.6453367,-73.9128062
BK,EAST 91 STREET,40.6386751,-73.9024955
BK,CANARSIE ROAD,40.6341249,-73.8969645
BK,482 WARWICK STREET,40.6716409,-73.88567
BK,LOGAN STREET,40.6666125,-73.8725721
BK,VAN SICLEN AVENUE,40.6633943,-73.8871728
BK,581 JEROME STREET,40.6668147,-73.8848131
BK,443 HINSDALE STREET,40.6642694,-73.8984318
BK,464 WILLIAMS AVENUE,40.6644558,-73.8981143
BK,474 WILLIAMS AVENUE,40.6643213,-73.8980785
QN,WOODWARD AVENUE,40.7041065,-73.904149
BX,BAISLEY AVENUE,40.8362171,-73.8270417
BX,UNIVERSITY AVENUE,40.8552039,-73.9104959
BX,WEST BURNSIDE AVENUE,40.8558073,-73.910007
QN,218 STREET,40.6749899,-73.7543194
BK,650 GLENMORE AVENUE,40.6744193,-73.8862889
BK,659 LINWOOD STREET,40.6691166,-73.8810998
BK,655 LINWOOD STREET,40.6691825,-73.8811177
BK,653 LINWOOD STREET,40.6692511,-73.8811356
BK,BERRIMAN STREET,40.6715797,-73.8794696
BK,EAST 92 STREET,40.6735614,-73.8820689
BX,STEDMAN PLACE,40.8664596,-73.8495381
BK,232 NORWOOD AVENUE,40.6804449,-73.879057
BX,3600 PALISADE AVENUE,40.8874622,-73.9178123
BX,MOHEGAN AVENUE,40.8442818,-73.8847335
QN,143 PLACE,40.7887264,-73.8261142
QN,WHITESTONE EXPWY,40.787867,-73.8241267
QN,SKILLMAN AVENUE,40.7455838,-73.9126317
QN,52 STREET,40.7455536,-73.9126678
QN,BEACH 43 STREET,40.5972248,-73.7746734
QN,DELMORE COURT,40.5993512,-73.7756133
QN,BAY 32 STREET,40.6085552,-73.769042
BK,867 GLENMORE AVENUE,40.6760385,-73.8780483
BK,FOUNTAIN AVENUE,40.6719784,-73.875024
QN,225-19 145 AVENUE,40.6628608,-73.7530953
QN,183 STREET,40.6548742,-73.7639189
BX,881 BROOK AVENUE,40.8229125,-73.9107669
BX,463 EAST 159 STREET,40.8224773,-73.9122706
BX,405 EAST 161 STREET,40.8243006,-73.9134208
BK,727 EAST NEW YORK AVENUE,40.6625386,-73.9387356
QN,266 STREET,40.7368899,-73.7019271
QN,49 STREET,40.7439253,-73.9153657
QN,BEACH 92 STREET,40.588616,-73.8173389
QN,79 STREET,40.6623971,-73.8546265
BX,UNIVERSITY AVENUE,40.847306,-73.9199329
BX,SPENCER AVENUE,40.9059746,-73.8997772
QN,2 BRIDGE STREET,40.6578209,-73.8300632
QN,102-14 RUSSELL STREET,40.6557013,-73.8296794
QN,66 BROADWAY,40.6569833,-73.8297734
QN,4 BRIDGE STREET,40.6577274,-73.8299877
QN,164-24 104 STREET,40.6516003,-73.8276392
QN,160-69 BROADWAY,40.6566618,-73.8295399
QN,73 BROADWAY,40.6567883,-73.8297306
QN,145 BROADWAY,40.6552186,-73.831789
BK,MAPLE STREET,40.661399,-73.9378932
QN,POWER ROAD,40.7398481,-73.8605308
QN,70 STREET,40.7327314,-73.8944558
QN,69 STREET,40.7294108,-73.8951214
QN,BEACH 44 STREET,40.597699,-73.7757052
QN,VLEIGH PLACE,40.7262176,-73.8208114
QN,62 ROAD,40.7400643,-73.8257612
QN,THEBES AVENUE,40.7665325,-73.7341154
QN,VAN ZANDT AVENUE,40.7651905,-73.731814
QN,COZINE AVENUE,40.6634449,-73.8562462
QN,99-41 RUSSELL STREET,40.6547652,-73.8314297
QN,99-69 163 ROAD,40.6530804,-73.8299059
QN,75 BROADWAY,40.6568241,-73.8297882
QN,160 AVENUE,40.6587216,-73.8303528
QN,7 BRIDGE STREET,40.6575987,-73.8301575
QN,14A BAYVIEW AVENUE,40.6561415,-73.8322516
BK,COLES STREET,40.6793337,-74.0025309
BK,PRESIDENT STREET,40.6835634,-74.0019614
BK,RAPELYE STREET,40.680094,-74.0019649
BK,199 COLUMBIA STREET,40.6852404,-74.0022968
BK,309 COLUMBIA STREET,40.681491,-74.0041427
BK,307 COLUMBIA STREET,40.6815432,-74.0041174
BK,31 DELAVAN STREET,40.6789162,-74.0075243
MN,WEST 155 STREET,40.8312566,-73.9407483
MN,HENRY STREET,40.7133879,-73.9937307
BK,704 LEFFERTS AVENUE,40.6628785,-73.9379495
QN,JACKSON AVENUE,40.7481269,-73.9408403
QN,HUNTER STREET,40.7480639,-73.9409559
MN,127 MADISON STREET,40.7124601,-73.9938571
MN,85 EAST BROADWAY,40.7136321,-73.993875
QN,BEACH 17 STREET,40.5943409,-73.7511377
BK,643 MIDWOOD STREET,40.6610512,-73.9392163
BX,ARLINGTON AVENUE,40.9032861,-73.9079133
BX,NETHERLAND AVENUE,40.9015536,-73.9071669
BX,NETHERLAND AVENUE,40.9011035,-73.9072218
BK,25 ABBEY COURT,40.5872318,-73.9197515
BK,HYMEN COURT,40.5857859,-73.9207073
BX,COMMONWEALTH AVENUE,40.8132,-73.8640403
BX,RANDALL AVENUE,40.8165794,-73.869373
BX,RANDALL AVENUE,40.8164899,-73.86791
BX,115 UNDERHILL AVENUE,40.8080809,-73.8571006
BX,125 BOLTON AVENUE,40.8083051,-73.8563849
BX,201 BOLTON AVENUE,40.8099991,-73.8567606
BX,CORNELL AVENUE,40.8067874,-73.8587217
BX,CORNELL AVENUE,40.8066416,-73.8584366
BX,CORNELL AVENUE,40.8068502,-73.8584434
BX,101 BRONX RIVER AVENUE,40.8105793,-73.8598407
BX,FLINT AVENUE,40.8898822,-73.8185401
BX,1852 O'BRIEN AVENUE,40.8106988,-73.8588579
BX,THIERIOT AVENUE,40.810584,-73.8592013
BX,636 MORRIS AVENUE,40.8193221,-73.9215924
QN,31 ROAD,40.7692256,-73.8457758
BK,UNION STREET,40.68577,-74.0068977
QN,42 STREET,40.7694099,-73.9077483
QN,38 AVENUE,40.7470664,-73.896613
BK,EAST 48 STREET,40.6215696,-73.9286437
BK,SCHENECTADY AVENUE,40.6217463,-73.9304338
BK,AVENUE L,40.622675,-73.941989
BK,AVENUE N,40.6158546,-73.9551743
BK,BEDFORD AVENUE,40.6099864,-73.9490447
BK,SHEEPSHEAD BAY ROAD,40.5933209,-73.9581204
BK,2334 TILDEN AVENUE,40.6464477,-73.9543177
BK,EAST 16 STREET,40.5951862,-73.9549757
BX,387 EAST 156 STREET,40.8211076,-73.9158709
BX,1074 NELSON AVENUE,40.8345644,-73.9272264
BK,3 AVENUE,40.666381,-73.9959916
BK,99 TRUXTON STREET,40.6788641,-73.9057284
BK,96 STREET,40.6164541,-74.0332603
BK,5 AVENUE,40.6754935,-73.9924509
BK,2 2 AVENUE,40.6755264,-73.9919209
BK,NEW YORK AVENUE,40.647158,-73.9467389
BX,FIELDSTON ROAD,40.891298,-73.9054126
BX,EAST 225 STREET,40.8834385,-73.8476083
QN,99-01 162 AVENUE,40.6551762,-73.8328198
BK,UTICA AVENUE,40.6487353,-73.929512
BK,EAST 94 STREET,40.6540265,-73.9161825
BK,RUTLAND ROAD,40.66043,-73.9377103
QN,JORDAN STREET,40.7717647,-73.7918205
QN,201 STREET,40.7716992,-73.7890118
BX,WESTCHESTER AVENUE,40.8158462,-73.9161196
BX,667 CAULDWELL AVENUE,40.8171259,-73.9097631
BX,672 ST ANNS AVENUE,40.8173355,-73.9110707
BX,5501 BULLARD AVENUE,40.9022408,-73.859358
BX,EAST 241 STREET,40.905896,-73.8565683
BX,ROMBOUTS AVENUE,40.8862634,-73.8303219
MN,255 WEST 112 STREET,40.801604,-73.9560497
BX,ALLERTON AVENUE,40.8656046,-73.8423273
BK,225 HART STREET,40.6941519,-73.9422369
BK,773 WILLOUGHBY AVENUE,40.6954122,-73.9378218
BK,WILLOUGHBY AVENUE,40.6953986,-73.9379445
BK,164 COLUMBIA STREET,40.6865826,-74.0022752
BK,142 COLUMBIA STREET,40.6873045,-74.0018966
BK,156 COLUMBIA STREET,40.6867885,-74.0021779
BK,162 COLUMBIA STREET,40.686632,-74.00225
BK,1297 DEKALB AVENUE,40.697431,-73.9262617
BK,1295 DEKALB AVENUE,40.6973872,-73.9263086
BK,1291 DEKALB AVENUE,40.6973405,-73.9263628
BK,1277 DEKALB AVENUE,40.6971101,-73.9266227
BK,98 CEDAR STREET,40.697796,-73.9260954
BK,1309 DEKALB AVENUE,40.6976998,-73.9259657
BK,1139 BROADWAY,40.6935817,-73.9287253
BK,1149 BROADWAY,40.6934553,-73.9285163
BK,1145 BROADWAY,40.6934993,-73.928592
BK,1135 BROADWAY,40.6936531,-73.9288443
BK,BROADWAY,40.6936888,-73.9289055
BK,1137 BROADWAY,40.6936174,-73.928783
BX,130 WEST 167 STREET,40.8365732,-73.9266785
QN,SUTTER AVENUE,40.6731204,-73.8125003
BK,QUENTIN ROAD,40.6076978,-73.9653827
BK,2528 ATLANTIC AVENUE,40.6752865,-73.9010396
BK,2530 ATLANTIC AVENUE,40.6752919,-73.9009674
BK,277 NEW JERSEY AVENUE,40.6728299,-73.8947849
BK,287 NEW JERSEY AVENUE,40.6726295,-73.8947348
BK,437 GLENMORE AVENUE,40.6736308,-73.8941672
BK,182 WYONA STREET,40.6744621,-73.893827
BK,202 WYONA STREET,40.6740504,-73.8937592
BK,283 NEW JERSEY AVENUE,40.6726981,-73.8947527
BK,BERGEN STREET,40.6769547,-73.9585221
BK,PROSPECT PLACE,40.6754623,-73.9604842
MN,260 AUDUBON AVENUE,40.8468038,-73.9328225
BK,2026 FULTON STREET,40.6783761,-73.9170569
BK,2014 FULTON STREET,40.6784039,-73.9176192
BK,2016 FULTON STREET,40.6784011,-73.9175507
BK,2020A FULTON STREET,40.67839,-73.9173344
BK,2022 FULTON STREET,40.6783872,-73.9172623
BK,2024 FULTON STREET,40.6783817,-73.9171866
BK,2018 FULTON STREET,40.6783983,-73.9174823
BK,2020 FULTON STREET,40.6783928,-73.9174065
BK,2040 FULTON STREET,40.6783757,-73.9165413
BK,2034 FULTON STREET,40.6783896,-73.916754
BK,2036 FULTON STREET,40.678384,-73.9166855
BK,2042 FULTON STREET,40.6783729,-73.916462
BK,2038 FULTON STREET,40.6783812,-73.9166134
BK,224 SARATOGA AVENUE,40.6782413,-73.9166172
BK,FULTON STREET,40.6783622,-73.9168333
BK,AVENUE X,40.5840904,-73.9791261
QN,110 ROAD,40.6927992,-73.7865606
BX,1342 COLLEGE AVENUE,40.836178,-73.9110563
BK,735 EAST NEW YORK AVENUE,40.6625522,-73.9385013
BK,CHURCH AVENUE,40.6517796,-73.9347956
QN,149 STREET,40.7976704,-73.8200267
BX,1518 RHINELANDER AVENUE,40.8558208,-73.8431204
QN,BEACH 22 STREET,40.6040985,-73.7548755
QN,25-47 BEACH CHANNEL DRIVE,40.5996288,-73.7635092
QN,22-59 LORETTA ROAD,40.6027529,-73.7571672
QN,22-61 LORETTA ROAD,40.6026763,-73.7572972
QN,606 BEACH 22 STREET,40.6011431,-73.7552249
QN,BEACH 53RD STREET,40.5933765,-73.783184
QN,47-15 BEACH CHANNEL DRIVE,40.5952346,-73.778767
QN,BEACH 41 STREET,40.5936835,-73.773029
QN,ROCKAWAY BEACH BLVD,40.5935979,-73.7741347
QN,364 BEACH 45 STREET,40.595496,-73.7762852
QN,BEACH 46 STREET,40.5948552,-73.7770615
QN,BEACH 45 STREET,40.5951693,-73.7762467
QN,3-05 BEACH 49 STREET,40.5938574,-73.7791208
BK,958 MANHATTAN AVENUE,40.7319637,-73.9542302
BX,ARLINGTON AVENUE,40.8931272,-73.9103435
BX,ARLINGTON AVENUE,40.8934593,-73.9103358
BX,DOGWOOD DRIVE,40.8940388,-73.9108378
BX,HENRY HUDSON PARKWAY,40.8903595,-73.9089801
BX,ALDERBROOK ROAD,40.8958011,-73.911161
BX,INDEPENDENCE AVENUE,40.8968581,-73.9114598
BX,1166 WEST FARMS ROAD,40.8280286,-73.8885594
BX,911 LONGFELLOW AVENUE,40.8203001,-73.8863829
BX,EDGEWATER ROAD,40.8200868,-73.8844142
BX,880 WHITTIER STREET,40.8199554,-73.884754
BX,907 EDGEWATER ROAD,40.8205371,-73.8845723
BX,900 WHITTIER STREET,40.8204055,-73.8847604
BX,1376 GARRISON AVENUE,40.821045,-73.884734
BX,970 LONGFELLOW AVENUE,40.8220488,-73.886687
BX,955 WHITTIER STREET,40.8218532,-73.8859936
BX,846 LONGFELLOW AVENUE,40.8184326,-73.8852588
BX,1355 SENECA AVENUE,40.8196805,-73.8843065
QN,SEAGIRT BOULEVARD,40.5956064,-73.7576469
QN,265 WATJEAN COURT,40.5958933,-73.7583084
QN,385 BRIAR PLACE,40.5978203,-73.7583987
BX,1052 BOYNTON AVENUE,40.8256072,-73.8772286
QN,BEACH 25 STREET,40.5979641,-73.7602203
QN,326 BEACH 27 STREET,40.597047,-73.7600651
QN,BEACH 25 STREET,40.5993031,-73.7613174
BX,1672 CASTLE HILL AVENUE,40.8396725,-73.8525839
BX,2211 WESTCHESTER AVENUE,40.8345988,-73.8514496
BX,WESTCHESTER AVENUE,40.8362137,-73.848002
BX,CASTLE HILL AVENUE,40.8395076,-73.8524614
MN,SOUTH LOOP ROAD,40.7539365,-73.9571062
BX,333 EAST 188 STREET,40.8606851,-73.8943178
BK,WEST 3 STREET,40.5889557,-73.9730614
BK,SHORE PARKWAY,40.5854426,-73.9383094
BK,48 STREET,40.6369815,-73.9927975
QN,SELFRIDGE STREET,40.7182271,-73.8578272
BX,HUNT AVENUE,40.8435156,-73.8642241
QN,23 ROAD,40.782517,-73.7734903
BX,ROCHELLE STREET,40.8388328,-73.7846537
QN,28 AVENUE,40.7637568,-73.909117
QN,103 AVENUE,40.6803242,-73.8510109
BK,OCEAN AVENUE,40.617603,-73.9550578
BK,16 WHIPPLE STREET,40.7005104,-73.9455241
QN,86 STREET,40.6786514,-73.8522404
QN,97 STREET,40.6787141,-73.8415469
BX,EAST 185 STREET,40.8566494,-73.8932687
QN,BROADWAY,40.7383623,-73.8791936
BK,EAST 43 STREET,40.6307352,-73.9344991
BK,KINGS HIGHWAY,40.6291863,-73.9331064
QN,123 AVENUE,40.674816,-73.8006672
QN,37 ROAD,40.7532501,-73.8623074
QN,41-14 102 STREET,40.7480367,-73.8636608
BK,CARROLL STREET,40.6668301,-73.9363597
QN,104 AVENUE,40.7113564,-73.7471299
QN,150 STREET,40.6712103,-73.7888358
QN,131 STREET,40.6687161,-73.8081148
QN,149 AVENUE,40.6681426,-73.8166309
BK,46 STREET,40.6370281,-73.9913599
BK,50 STREET,40.631228,-73.9877975
BK,50 STREET,40.6308518,-73.9862592
BX,EAST 201 STREET,40.8720421,-73.8851121
BK,52 STREET,40.6329522,-73.9927547
QN,82 STREET,40.760094,-73.8860632
QN,96 STREET,40.7594874,-73.8728781
QN,139 AVENUE,40.6693844,-73.7451658
QN,228 STREET,40.6691228,-73.7472684
QN,225 STREET,40.6720435,-73.7486524
QN,224 STREET,40.6702874,-73.750155
QN,215 STREET,40.7464999,-73.7623563
QN,146 ROAD,40.6628962,-73.7660928
QN,LINCOLN STREET,40.6755821,-73.8072839
QN,119 STREET,40.7865072,-73.8484332
BK,WEBERS COURT,40.5837329,-73.9388835
QN,110 STREET,40.7316585,-73.8460359
QN,VANDERVEER STREET,40.7204087,-73.744646
QN,CARSON STREET,40.6718454,-73.7522365
QN,129 STREET,40.6733481,-73.8090749
QN,97 STREET,40.6570222,-73.835749
QN,163 ROAD,40.6530097,-73.8285005
BX,4138 GUNTHER AVENUE,40.8927806,-73.8490518
QN,57 DRIVE,40.7217157,-73.906061
BK,57 STREET,40.6408758,-74.0134329
BX,2267 GLEASON AVENUE,40.8324789,-73.848614
QN,99-11A 98 STREET,40.6855235,-73.843312
BX,AMUNDSON AVENUE,40.8888889,-73.8351761
QN,RUSSELL STREET,40.6559656,-73.8302301
QN,98 STREET,40.6979957,-73.8494351
BK,EAST 26 STREET,40.6349379,-73.9520665
BK,LINCOLN ROAD,40.6616914,-73.9523933
QN,158 AVENUE,40.6609287,-73.8381687
BK,EAST 103 STREET,40.6487145,-73.8981203
BK,AVENUE J,40.6371271,-73.9058882
BK,EAST 94 STREET,40.6350708,-73.8957776
BK,7 STREET,40.6709503,-73.985941
QN,45 AVENUE,40.741134,-73.8895961
QN,248-17 88 ROAD,40.7289141,-73.7184984
QN,88 ROAD,40.7287638,-73.7176548
QN,147 AVENUE,40.6591714,-73.7606959
MN,WEST 51 STREET,40.7630371,-73.9865099
QN,WOODWARD AVENUE,40.7124526,-73.921242
QN,77 STREET,40.692929,-73.8650212
QN,ATLANTIC AVENUE,40.6950107,-73.8233042
BK,TOMPKINS AVENUE,40.6865307,-73.9441834
BK,105 AVENUE B,40.6474664,-73.9198881
BK,EAST 88 STREET,40.6487416,-73.918373
BK,EAST 35 STREET,40.6519222,-73.9451494
BK,EAST 88 STREET,40.6490268,-73.9179438
BK,5749 KINGS HIGHWAY,40.6517281,-73.9226075
BK,EAST 59 STREET,40.6501407,-73.9212435
BX,1611 HARDING PARK,40.8097882,-73.8571042
QN,192 STREET,40.7507479,-73.7886631
QN,61-37 LAUREL HILL BLVD,40.7391801,-73.9021283
QN,49-60 175 PLACE,40.7452101,-73.7938234
QN,183 STREET,40.7402757,-73.7911502
QN,489 BEACH 43 STREET,40.5981924,-73.7753723
BX,1859 CARTER AVENUE,40.8472184,-73.9023127
BX,1857 CARTER AVENUE,40.847158,-73.9023308
BX,1820 WEBSTER AVENUE,40.8458588,-73.901234
BX,4133 PARK AVENUE,40.8460204,-73.9008
BX,VALENTINE AVENUE,40.8533178,-73.8999686
QN,85-30 60 DRIVE,40.7289218,-73.8729003
QN,198 AVENUE,40.6055073,-73.822421
MN,1514 MADISON AVENUE,40.7915453,-73.9512062
MN,22 EAST 103 STREET,40.791614,-73.9513651
MN,24 EAST 103 STREET,40.7915783,-73.951282
MN,427 GANSEVOORT STREET,40.7399979,-74.0113311
QN,97 STREET,40.6552448,-73.8347298
QN,80-29 PARK LANE,40.711167,-73.834822
QN,43-30 PARSONS BOULEVARD,40.7563439,-73.8172074
QN,HOLLY AVENUE,40.7534587,-73.8152338
QN,HOLLY AVENUE,40.7529193,-73.8160258
QN,129-21 133 STREET,40.6716123,-73.8051216
QN,132-08 131 AVENUE,40.6704721,-73.8060947
QN,108 AVENUE,40.6951396,-73.7951034
QN,133 STREET,40.674143,-73.8051431
QN,134 STREET,40.6695205,-73.8049763
QN,135-18 135TH STREET,40.6671251,-73.803801
BX,SYLVAN AVENUE,40.904066,-73.8986333
BX,YATES AVENUE,40.8683769,-73.8549608
QN,133-04 133 AVENUE,40.6688933,-73.8057496
BK,NEW JERSEY AVENUE,40.6579724,-73.888948
BX,2034 MORRIS AVENUE,40.8525734,-73.9057894
BK,MILFORD STREET,40.6698903,-73.8756407
BX,1918 BOGART AVENUE,40.8499464,-73.8595807
MN,2123 1 AVENUE,40.7918359,-73.938808
MN,463 LENOX AVENUE,40.8128595,-73.9422025
BX,1109 VIRGINIA AVENUE,40.8288814,-73.860084
BX,587 PROSPECT AVENUE,40.8135424,-73.9043743
BX,17 EAST 184 STREET,40.8604968,-73.9017509
BX,1967 CLINTON AVENUE,40.8454205,-73.8899904
BX,EAST 213 STREET,40.8762666,-73.8539673
BX,3915 PROVOST AVENUE,40.889422,-73.8281438
BX,1619 EAST 233 STREET,40.8892499,-73.8286542
QN,107-03 157 STREET,40.6963192,-73.7963078
QN,54-03 QUEENS BOULEVARD,40.7425631,-73.9107158
QN,160 STREET,40.6916813,-73.7906245
QN,150-62 116 ROAD,40.682505,-73.7903468
QN,97 STREET,40.7596039,-73.8715279
QN,POWER ROAD,40.7579058,-73.8698996
QN,108 AVENUE,40.6985616,-73.7856766
QN,108 STREET,40.7403693,-73.8536047
QN,46-02 206 STREET,40.7560354,-73.7761539
QN,214-32 VANDERVEER STREET,40.7263169,-73.7503491
QN,204 STREET,40.7646587,-73.782955
MN,WEST 128 STREET,40.8090442,-73.9419566
QN,150 STREET,40.7628264,-73.8134101
MN,18 WEST 116 STREET,40.8008127,-73.9475297
BX,454 EAST 178 STREET,40.8482795,-73.8979593
BK,146 CONOVER STREET,40.679182,-74.0133361
BK,45 STREET,40.6504965,-74.0112438
MN,92 8 AVENUE,40.7400231,-74.0019306
BX,BRONX BOULEVARD,40.9051151,-73.8532382
BK,SHORE ROAD,40.6308543,-74.0389454
BK,WEST 5 STREET,40.607616,-73.9788846
BK,495 8 AVENUE,40.668204,-73.9767639
BK,EMMONS AVENUE,40.5836687,-73.9367702
BK,1840 EAST 2 STREET,40.6046665,-73.9713156
BK,1030 EAST 2 STREET,40.6251957,-73.9754424
BK,WEST 1 STREET,40.5892488,-73.9706418
QN,53 AVENUE,40.7322814,-73.9222722
BK,1780 LINDEN BOULEVARD,40.6574607,-73.89655
QN,PARSONS BOULEVARD,40.7962259,-73.826658
BX,WEST 246 STREET,40.8919835,-73.915141
QN,517 BEACH 43 STREET,40.5991805,-73.775369
QN,248-24 ROCKAWAY BOULEVARD,40.6383334,-73.7430792
QN,9 ROAD,40.6061621,-73.816459
QN,RUBY STREET,40.6719009,-73.8600889
QN,129-19 METROPOLITAN AVENUE,40.7039276,-73.8227359
QN,177 STREET,40.6960954,-73.7748838
BK,17 WOODHULL STREET,40.6819164,-74.0044347
QN,RAU COURT,40.6540334,-73.8303179
QN,104 STREET,40.654272,-73.8283243
BX,RANDALL AVENUE,40.8208957,-73.8305103
BX,700 GERARD AVENUE,40.8236842,-73.9268878
BX,1712 EASTCHESTER ROAD,40.8467182,-73.8442985
QN,101 STREET,40.6044736,-73.8178753
QN,459 BEACH 45 STREET,40.5973255,-73.77701
BX,209 EAST 188 STREET,40.8613956,-73.8969811
QN,91-15 METROPOLITAN AVENUE,40.7118013,-73.8575595
BK,2244 PACIFIC STREET,40.6752306,-73.9098794
BX,237 EAST 175 STREET,40.8468866,-73.9060794
BX,GRACE AVENUE,40.8680419,-73.834501
BX,1210 EAST 224 STREET,40.8817898,-73.8461547
BX,1216 EAST 225 STREET,40.8824369,-73.8456795
BX,3515 EDSON AVENUE,40.8813755,-73.8402105
BX,3511 EDSON AVENUE,40.8812848,-73.8401565
QN,HOOK CREEK BOULEVARD,40.6719275,-73.7278343
QN,HOOK CREEK BOULEVARD,40.6720702,-73.7278156
QN,HOOK CREEK BOULEVARD,40.672383,-73.7277783
QN,COUNTRY POINTE CRCL,40.734605,-73.7339073
BK,32 STREET,40.6562831,-74.0008866
BK,82 STREET,40.628192,-74.0385151
MN,2337 2 AVENUE,40.7995828,-73.9362509
MN,2357 2 AVENUE,40.8002111,-73.935788
MN,2 AVENUE,40.8003894,-73.9356108
MN,2 AVENUE,40.800447,-73.9355674
MN,2365 2 AVENUE,40.8004964,-73.9355312
MN,2201 3RD AVENUE,40.8001986,-73.9379732
MN,217 EAST 119 STREET,40.7997071,-73.9376052
MN,2333 2 AVENUE,40.7994594,-73.9363413
MN,2331 2 AVENUE,40.799399,-73.9363847
BK,VANDERBILT AVENUE,40.6957243,-73.9701766
MN,2335 2 AVENUE,40.7995197,-73.9362979
BX,CODDINGTON AVENUE,40.8385514,-73.8335372
QN,96 STREET,40.6507321,-73.8345608
BX,1185 BRONX RIVER AVENUE,40.8276504,-73.8835808
BX,860 EAST 147 STREET,40.8102548,-73.9049932
QN,91 STREET,40.766864,-73.8793333
BX,1999 CRUGER AVENUE,40.8505235,-73.8671051
BX,CRUGER AVENUE,40.8503533,-73.867109
BX,NEILL AVENUE,40.849896,-73.8656135
BX,240 BETTS AVENUE,40.8115059,-73.8502476
QN,88 AVENUE,40.7303416,-73.7265674
QN,88 AVENUE,40.7302887,-73.7262428
QN,88 AVENUE,40.7301941,-73.7257092
QN,88 AVENUE,40.7301747,-73.7256047
QN,GETTYSBURG STREET,40.7300752,-73.7311363
BK,349 MONTAUK AVENUE,40.6698639,-73.8765853
QN,94-13A FORBELL STREET,40.6831078,-73.8646913
QN,CALAMUS AVENUE,40.7342706,-73.8880126
BK,MILFORD STREET,40.669589,-73.8761532
BK,MILFORD STREET,40.669534,-73.8761389
BK,343 CRESCENT STREET,40.6806365,-73.8710202
BK,325 CRESCENT STREET,40.6811912,-73.8711958
BK,LINCOLN AVENUE,40.6823246,-73.8685868
QN,88 AVENUE,40.730389,-73.7268811
QN,87-16 239 STREET,40.730597,-73.727757
QN,87 AVENUE,40.7302179,-73.7253231
QN,87 AVENUE,40.7304991,-73.7270069
QN,88 AVENUE,40.7304337,-73.7272056
QN,88 AVENUE,40.7302108,-73.7258138
BK,393 LINCOLN AVENUE,40.6804796,-73.8682047
BK,429 BERRIMAN STREET,40.6679714,-73.8779045
BX,2250 BLACKROCK AVENUE,40.8290998,-73.8483435
BX,2269 CHATTERTON AVENUE,40.8288298,-73.8475744
BK,683 CLEVELAND STREET,40.6676193,-73.8824146
BX,865 HAVEMEYER AVENUE,40.8252717,-73.8468129
BX,EAST GUN HILL ROAD,40.8652922,-73.8367313
BK,825 NEW LOTS AVENUE,40.6676062,-73.880396
BK,GOTHAM AVENUE,40.5914787,-73.9249241
BX,2347 QUIMBY AVENUE,40.8270504,-73.8448612
BK,ELTON STREET,40.6660483,-73.8814405
BK,680 ESSEX STREET,40.666645,-73.8798895
BX,2314 VANCE STREET,40.8599181,-73.8310471
BK,LINWOOD STREET,40.6663898,-73.8799548
QN,11-35 31 DRIVE,40.7682947,-73.9346274
BX,LELAND AVENUE,40.8334259,-73.8640893
BX,GUNTHER AVENUE,40.8641627,-73.8357363
BX,2279 UNIVERSITY AVENUE,40.8604438,-73.9074268
BX,SEDGWICK AVENUE,40.8614335,-73.9093921
BX,480 ZEREGA AVENUE,40.8171919,-73.8432621
BX,300 ZEREGA AVENUE,40.8145178,-73.8447387
BX,ZEREGA AVENUE,40.8139474,-73.8451158
BX,LURTING AVENUE,40.8659689,-73.8564882
BX,720 HAVEMEYER AVENUE,40.8219404,-73.8453682
BX,2818 HARRINGTON AVENUE,40.8388741,-73.8346314
BX,691 ZEREGA AVENUE,40.8207675,-73.8406776
BX,2658 KINGSBRIDGE TERRACE,40.8699688,-73.9050995
BX,7 KINGSBRIDGE TERRACE,40.8704577,-73.9055471
BX,LANDING ROAD,40.8629432,-73.9131788
BX,MAYFLOWER AVENUE,40.8364877,-73.8318655
BX,LANDING ROAD,40.8675186,-73.9096043
BX,848A EAST 213 STREET,40.8776,-73.8601912
BX,SPAULDING LANE,40.8958132,-73.9125825
BX,3631 BARNES AVENUE,40.8793201,-73.8617462
BX,MERRY AVENUE,40.8414858,-73.8281303
QN,247-32 137 AVENUE,40.6671035,-73.7284055
BX,4213 GRACE AVENUE,40.8953055,-73.846789
BX,1536 GILLESPIE AVENUE,40.8432931,-73.8308363
BX,2881 HARRINGTON AVENUE,40.8401618,-73.8330308
BX,NEILL AVENUE,40.8508129,-73.863479
BX,2910 HARRINGTON AVENUE,40.8402561,-73.8318162
QN,82 STREET,40.6857333,-73.8591008
BK,GEORGIA AVENUE,40.6614337,-73.8949759
QN,135 ROAD,40.669908,-73.7281237
QN,2-09 135 ROAD,40.6695841,-73.7281142
QN,-00 136 AVENUE,40.6685999,-73.7286084
QN,-000 136 AVENUE,40.6685721,-73.728468
QN,134-22 241 STREET,40.6731207,-73.7333523
QN,134-02 242 STREET,40.6729239,-73.7325275
QN,JAMAICA AVENUE,40.7006378,-73.8289587
QN,138 AVENUE,40.6666792,-73.7323903
BX,HUNTS POINT AVENUE,40.8158569,-73.8869649
BX,559 DRAKE STREET,40.8120371,-73.8822895
BK,81 STREET,40.6286645,-74.0371896
BX,HALLECK STREET,40.8155888,-73.882276
BX,647 WHITTIER STREET,40.8138719,-73.8836049
BK,5601 CHURCH AVENUE,40.6526873,-73.9244552
QN,439 BEACH 66 STREET,40.5940909,-73.7955863
QN,57 STREET,40.7445641,-73.9073135
BX,WALLACE AVENUE,40.8518135,-73.8647385
QN,108 AVENUE,40.6937328,-73.7973651
QN,145-72 GUY R BREWER BLVD,40.6640737,-73.7688137
QN,143-14 166 STREET,40.6663653,-73.7784013
QN,SOUTH CONDUIT AVENUE,40.666524,-73.7725108
QN,165-22 SOUTH CONDUIT AVENUE,40.6665364,-73.7788694
BK,SHORE PARKWAY,40.5857993,-73.9331031
QN,SOUTH CONDUIT AVENUE,40.6665815,-73.7683148
BK,77 VERMONT STREET,40.6782841,-73.8952234
QN,149 AVENUE,40.6530922,-73.7468065
QN,ROCKAWAY BLVD,40.6623936,-73.7784073
BK,NEW JERSEY AVENUE,40.6782356,-73.8961717
BX,3415 3 AVENUE,40.8288686,-73.9072864
BX,3413 3 AVENUE,40.8287918,-73.9073624
BK,278 JAMAICA AVENUE,40.6809728,-73.8909612
BK,150 JAMAICA AVENUE,40.6795458,-73.8941687
BK,58 VERMONT STREET,40.6786278,-73.8958538
BK,128 JAMAICA AVENUE,40.6789073,-73.8952909
BK,136 JAMAICA AVENUE,40.678984,-73.8951538
BX,GOUVERNEUR PLACE,40.8291277,-73.9086989
BX,3421 3 AVENUE,40.829025,-73.9072067
BX,WEIHER COURT,40.8261221,-73.9085477
BX,498 EAST 166 STREET,40.827807,-73.9080214
BK,BRADFORD STREET,40.678983,-73.8940902
BX,500 EAST 166 STREET,40.8277794,-73.9079383
BX,3351 3 AVENUE,40.8269751,-73.9078022
BX,3349 3 AVENUE,40.8269093,-73.9078348
BX,3347 3 AVENUE,40.8268297,-73.907871
BX,EAST 164 STREET,40.8269166,-73.9100822
BX,494 EAST 165 STREET,40.8266026,-73.9087999
BX,892 EAGLE AVENUE,40.8222737,-73.9081013
BX,CAULDWELL AVENUE,40.8249649,-73.9064066
BX,593 EAST 164 STREET,40.8251738,-73.9067857
MN,CANAL STREET,40.7237547,-74.0076051
QN,67 ROAD,40.7125365,-73.876279
BK,267 58 STREET,40.6437706,-74.0197323
BK,124 JAMAICA AVENUE,40.6788525,-73.8954785
BK,BRADFORD STREET,40.6790621,-73.8935313
BK,MILLER AVENUE,40.6792617,-73.8926585
BX,1079 BOSTON ROAD,40.8270474,-73.9055835
BX,581 EAST 166 STREET,40.8277745,-73.9051922
BX,580 EAST 168 STREET,40.8302355,-73.9040396
BX,1189 FRANKLIN AVENUE,40.8297007,-73.9044884
MN,519 EAST 118 STREET,40.796105,-73.9310101
QN,CURZON ROAD,40.7053619,-73.8367768
BX,EAST 164 STREET,40.8250583,-73.9065474
BX,599 EAST 164 STREET,40.8251325,-73.9066123
BX,585 EAST 164 STREET,40.8252371,-73.9070566
QN,63-07 62 AVENUE,40.7144522,-73.8985537
QN,93 STREET,40.6797927,-73.8455463
BX,1155 BOSTON ROAD,40.8286735,-73.9037166
BX,1207 FRANKLIN AVENUE,40.8300298,-73.90417
BX,1209 FRANKLIN AVENUE,40.8300709,-73.9041338
BX,3121 KINGSBRIDGE AVENUE,40.8806028,-73.9064006
MN,525 EAST 118 STREET,40.7960253,-73.9308151
BK,169 TAAFFE PLACE,40.6933964,-73.9597776
BK,618 MYRTLE AVENUE,40.6939973,-73.9594202
BX,FIELDSTON ROAD,40.9090982,-73.9000438
BX,FARADAY AVENUE,40.9044056,-73.9009335
BX,MARINE STREET,40.8404383,-73.7860471
BK,SCHENCK AVENUE,40.6617608,-73.8840577
QN,128 STREET,40.6765964,-73.8098299
BX,PELL PLACE,40.841837,-73.7869389
QN,149 AVENUE,40.6558682,-73.741134
BK,EAST 4 STREET,40.6514584,-73.9782797
BK,ST FELIX STREET,40.6890069,-73.9778745
BX,HILL AVENUE,40.8897607,-73.8383639
QN,LINDEN BOULEVARD,40.6940476,-73.7546133
BK,MANHATTAN AVENUE,40.7161919,-73.9468027
QN,203 STREET,40.6978413,-73.7510075
QN,104 AVENUE,40.7113455,-73.7471732
QN,104 AVENUE,40.711351,-73.7471587
QN,104 AVENUE,40.7113619,-73.7471154
QN,104 AVENUE,40.7113646,-73.747101
QN,104 AVENUE,40.7113673,-73.7470865
QN,104 AVENUE,40.71137,-73.7470721
QN,104 AVENUE,40.7113754,-73.7470576
QN,233 STREET,40.675665,-73.7368643
BX,COMMONWEALTH AVENUE,40.8362452,-73.8692658
BK,39 STREET,40.6508154,-74.0024181
MN,WEST 138 STREET,40.8174575,-73.9434413
BX,SWINTON AVENUE,40.8182431,-73.8206322
BX,EAST 213 STREET,40.8772521,-73.8585141
BX,EAST 220 STREET,40.8812341,-73.853649
BX,1830 BUSSING AVENUE,40.8943376,-73.8475833
QN,85 ROAD,40.6949435,-73.8648837
QN,85 DRIVE,40.6942435,-73.8648129
QN,105 AVENUE,40.6940796,-73.8059106
QN,215 PLACE,40.7200598,-73.7420715
QN,MYRTLE AVENUE,40.7012105,-73.8914763
QN,226 STREET,40.6698851,-73.7482207
QN,230 STREET,40.6687178,-73.7453377
QN,148 DRIVE,40.6532918,-73.7272904
QN,133 AVENUE,40.6711573,-73.8121417
QN,116 STREET,40.6756551,-73.8219206
QN,146 STREET,40.6690713,-73.7929304
QN,114 STREET,40.6718306,-73.8265992
QN,20 ROAD,40.7806036,-73.809782
QN,NEGUNDO AVENUE,40.7503574,-73.812005
QN,102 STREET,40.6882993,-73.8419244
QN,HILLCREST AVENUE,40.7711523,-73.7489463
QN,45 AVENUE,40.7420617,-73.8760654
QN,CLINTONVILLE STREET,40.7814126,-73.8060532
QN,69 AVENUE,40.709951,-73.8738166
QN,ROCKAWAY BOULEVARD,40.6748775,-73.809413
QN,AUSTIN STREET,40.7099338,-73.8304642
QN,ABINGDON ROAD,40.7073392,-73.8337061
QN,39 AVENUE,40.7461519,-73.899137
QN,33 STREET,40.7738753,-73.9108435
QN,72 PLACE,40.7302201,-73.8917429
BK,ST MARKS AVENUE,40.677404,-73.9641856
BK,231 BAY 44 STREET,40.5897516,-73.9895154
BK,56 STREET,40.6347996,-74.0016249
BK,FROST STREET,40.7183926,-73.9456682
BX,KINGSBRIDGE TERRACE,40.8784914,-73.8990882
BX,4164 BOYD AVENUE,40.8933777,-73.8502476
BX,4224 BRONXWOOD AVENUE,40.8940063,-73.8523983
BX,FISH AVENUE,40.8669646,-73.8474075
QN,53 AVENUE,40.7323447,-73.9225788
QN,138 PLACE,40.697243,-73.8116751
BK,KERMIT PLACE,40.6489237,-73.9721074
MN,WEST 138 STREET,40.8178334,-73.9431592
QN,44 AVENUE,40.7561604,-73.7900861
BX,EAST 220 STREET,40.8839628,-73.8606588
MN,WEST 84 STREET,40.7869837,-73.9784811
BX,CLARENCE AVENUE,40.8310398,-73.8159435
BX,LURTING AVENUE,40.8651437,-73.8572456
BX,848 EAST 242 STREET,40.904631,-73.8461236
BX,4221 HILL AVENUE,40.896679,-73.8415952
QN,98 STREET,40.690071,-73.8448807
QN,95-30 127 STREET,40.6933892,-73.8202036
QN,24 DRIVE,40.7755302,-73.9220303
QN,100-08 103 AVENUE,40.6832419,-73.8407862
QN,95-16 102 STREET,40.6881076,-73.8422097
QN,95-21 121 STREET,40.6924379,-73.8244721
QN,122 STREET,40.683409,-73.8200466
QN,107 AVENUE,40.6867972,-73.8139041
QN,111 AVENUE,40.682932,-73.8118778
QN,125 STREET,40.6792838,-73.8150283
QN,205 STREET,40.6944082,-73.7462349
BK,177 EAST 55 STREET,40.6536212,-73.9254524
BK,175 EAST 55 STREET,40.6536788,-73.9254559
BK,GLENWOOD ROAD,40.6406086,-73.9107405
BK,GLENWOOD ROAD,40.6406663,-73.9107872
BX,EAST TREMONT AVENUE,40.830073,-73.8261182
QN,220 STREET,40.7139597,-73.7342783
BX,PARK AVENUE,40.8238071,-73.9179126
QN,114 TERRACE,40.6996099,-73.7295281
QN,164 DRIVE,40.6510412,-73.8281921
QN,165 AVENUE,40.650653,-73.8292598
QN,164 DRIVE,40.6509107,-73.8290393
QN,164 DRIVE,40.6510086,-73.8284048
QN,163 ROAD,40.6532353,-73.8288712
QN,DAVENPORT COURT,40.6531532,-73.8308788
QN,163 ROAD,40.6530614,-73.8282409
QN,104 STREET,40.6528909,-73.8279675
QN,164 ROAD,40.6516251,-73.829524
BX,CALHOUN AVENUE,40.8311609,-73.8286412
QN,79 STREET,40.7281259,-73.8833253
QN,79 STREET,40.7281093,-73.8832315
QN,78 STREET,40.7272279,-73.8828831
BX,PAULDING AVENUE,40.8721356,-73.8581707
QN,80 STREET,40.7297552,-73.8822581
QN,80 DRIVE,40.7273262,-73.7824415
QN,90 STREET,40.6795885,-73.8488745
QN,86 STREET,40.6792357,-73.8519759
QN,87 DRIVE,40.7277216,-73.7113416
QN,89-09 103 AVENUE,40.6812089,-73.8496244
QN,HILLBURN AVENUE,40.7018903,-73.7683075
QN,88 STREET,40.6785941,-73.8503117
QN,LIBERTY AVENUE,40.680403,-73.8462335
QN,31 AVENUE,40.7695398,-73.8467714
QN,119 STREET,40.7756592,-73.8478297
BX,WASHINGTON AVENUE,40.8511071,-73.8954464
BK,LINCOLN AVENUE,40.6650089,-73.8648506
BK,LINDEN BOULEVARD,40.6696359,-73.8574261
BX,MITCHELL PLACE,40.8119666,-73.8041941
QN,GLENWOOD STREET,40.7744087,-73.7371529
BX,NETHERLAND AVENUE,40.9043201,-73.9070546
BX,ARLINGTON AVENUE,40.9060739,-73.9070232
BX,COLLEGE ROAD,40.8947075,-73.8996531
BX,POST ROAD,40.89285,-73.8972326
BX,BUCKLEY STREET,40.8397655,-73.7843724
BK,15 STREET,40.6663917,-73.9902134
QN,SPENCER AVENUE,40.7304391,-73.7463791
QN,88 AVENUE,40.7302692,-73.7261347
QN,88 AVENUE,40.7305839,-73.7280204
BK,13 SCHENCK AVENUE,40.6810518,-73.8902904
QN,188 STREET,40.7427401,-73.7879307
QN,HILLMEYER AVENUE,40.5969889,-73.8047453
BX,LACONIA AVENUE,40.8672521,-73.8553754
BX,1212 EAST GUN HILL ROAD,40.87237,-73.8524608
BX,LONGWOOD AVENUE,40.8137213,-73.8924597
MN,F D R DRIVE,40.7626444,-73.9541044
MN,WEST 25 STREET,40.7458831,-73.9968927
QN,NORTH CONDUIT AVENUE,40.6669505,-73.758224
MN,DYCKMAN STREET,40.86209,-73.9254609
MN,DYCKMAN STREET,40.862101,-73.9254682
MN,ELLWOOD STREET,40.8612986,-73.9284552
BX,BETTS AVENUE,40.8107834,-73.8497832
QN,12 AVENUE,40.7877064,-73.8502903
BX,LURTING AVENUE,40.8525936,-73.8561845
QN,211 STREET,40.743405,-73.7642692
QN,168 STREET,40.7226724,-73.7997773
QN,41 AVENUE,40.761882,-73.8150227
QN,ROCKAWAY BOULEVARD,40.6766273,-73.8240307
BX,TAYLOR AVENUE,40.8412009,-73.8681501
BK,ST FELIX STREET,40.6895202,-73.9782241
QN,191 STREET,40.7155045,-73.7711027
BK,MADISON STREET,40.6890487,-73.9184246
BX,EDWARDS AVENUE,40.8386998,-73.8374905
BX,GIFFORD AVENUE,40.8310652,-73.8326091
BX,GIFFORD AVENUE,40.8310243,-73.8327827
BX,2264 EAST 177 STREET,40.8290224,-73.8479209
BX,IRWIN AVENUE,40.8860923,-73.903308
BX,HARDING PARK,40.8059139,-73.8559566
BX,POPLAR STREET,40.8435063,-73.8521345
QN,EDGERTON BOULEVARD,40.7150915,-73.7861248
BK,17 STREET,40.6576621,-73.980743
BK,17 STREET,40.6595702,-73.983979
BK,REMSEN AVENUE,40.6443218,-73.9101085
BK,ATKINS AVENUE,40.6658221,-73.875223
BK,EAST 86 STREET,40.6361043,-73.9070534
BK,EAST 94 STREET,40.6351065,-73.8957812
QN,57 STREET,40.6924887,-73.8955761
BX,BOSTON ROAD,40.8622978,-73.8667345
BX,BRONX RIVER AVENUE,40.8386812,-73.8705403
BX,ROSEDALE AVENUE,40.8383408,-73.8705048
BX,EAST 134TH STREET,40.8050951,-73.9218603
BK,WEST 3 STREET,40.6041899,-73.9756698
BK,EASTERN PARKWAY,40.6706228,-73.9593443
BX,PAULDING AVENUE,40.8785146,-73.856226
BX,4070 LOWERRE PLACE,40.8907328,-73.8597224
BX,4127 BRUNER AVENUE,40.8929766,-73.8478071
BX,4379 BARNES AVENUE,40.8971131,-73.8522793
QN,197 STREET,40.6868267,-73.7510883
QN,ROCKAWAY BEACH BLVD,40.5942862,-73.7710213
QN,126 STREET,40.7860948,-73.8417933
QN,178 STREET,40.6976231,-73.7756684
BX,BAKER AVENUE,40.8415254,-73.8663207
BX,WHITE PLAINS ROAD,40.8418121,-73.8650407
BX,WHITE PLAINS ROAD,40.8420951,-73.8652715
BX,WHITE PLAINS ROAD,40.841922,-73.8651273
BX,WHITE PLAINS ROAD,40.8418643,-73.8650804
BX,CROSBY AVENUE,40.8376817,-73.8281546
BK,OCEAN AVENUE,40.6189069,-73.9554136
BX,REVERE AVENUE,40.8251222,-73.8229551
BX,SOMMER PLACE,40.8303075,-73.8250805
BX,SOMMER PLACE,40.8305764,-73.8250328
QN,45-02 37 AVENUE,40.7503392,-73.9184615
BX,KINSELLA STREET,40.8456667,-73.8612306
BX,POST ROAD,40.8913335,-73.898678
BX,2005 HAVILAND AVENUE,40.8299255,-73.8565478
BX,CROSS BRONX EXPWY,40.8300969,-73.8510441
BX,CROSS BRONX EXPWY,40.8314257,-73.8556123
BX,2131 HERMANY AVENUE,40.8247066,-73.8512549
BX,WEST FORDHAM ROAD,40.8625907,-73.9080854
BX,HERING AVENUE,40.8687947,-73.8532967
BX,YATES AVENUE,40.8666525,-73.8544403
BX,PEARSALL AVENUE,40.871568,-73.8520395
QN,56 DRIVE,40.7238756,-73.9024827
QN,57 DRIVE,40.7218334,-73.9126375
BK,DEAN STREET,40.6801822,-73.965821
BX,BARRY STREET,40.8154751,-73.892399
QN,106 AVENUE,40.7039119,-73.7788031
BK,3 AVENUE,40.6602877,-74.0021662
BK,14 AVENUE,40.6307673,-73.993371
BX,4817 MURDOCK AVENUE,40.9053607,-73.845818
QN,159 STREET,40.6890008,-73.789717
QN,COOK AVENUE,40.7086588,-73.8768597
QN,69 ROAD,40.7087456,-73.8759289
QN,166 STREET,40.6894542,-73.7826372
BX,FOWLER AVENUE,40.8476819,-73.8594879
BX,RADCLIFF AVENUE,40.8441235,-73.8540089
BX,HEATH AVENUE,40.8749625,-73.9031542
BX,HEATH AVENUE,40.8786295,-73.9000715
BX,ARMAND PLACE,40.8764453,-73.9006534
BX,HEATH AVENUE,40.8741009,-73.9034737
QN,154 STREET,40.6934881,-73.7971387
QN,108 AVENUE,40.6944209,-73.7968978
QN,208-10 47TH AVENUE,40.7552792,-73.773063
QN,192 STREET,40.7513609,-73.7891845
BK,52 STREET,40.6296718,-73.9882409
QN,BROAD STREET,40.638536,-73.745334
QN,121 AVENUE,40.6855475,-73.760082
QN,147 AVENUE,40.6591771,-73.7608004
QN,SPRINGFIELD BLVD,40.6606839,-73.7607481
QN,146 AVENUE,40.6589862,-73.7484962
QN,222 STREET,40.6643276,-73.7561609
QN,93 STREET,40.7636059,-73.8767003
BK,EAST 42 STREET,40.638633,-73.9364335
BX,VAN NEST AVENUE,40.844448,-73.8612476
BX,VAN NEST AVENUE,40.8450677,-73.860715
BX,VAN NEST AVENUE,40.8450486,-73.860809
BX,WEST 260 STREET,40.9080548,-73.8995244
MN,259 EAST 71 STREET,40.7684707,-73.9591113
QN,101 STREET,40.7602144,-73.8677401
BX,3926 MULVEY AVENUE,40.8897296,-73.8282443
BX,MULVEY AVENUE,40.889864,-73.8282078
BX,MULVEY AVENUE,40.8899683,-73.8281822
BX,FLINT AVENUE,40.8896561,-73.8179223
BK,MYRTLE AVENUE,40.6957878,-73.9619002
BX,HULL AVENUE,40.8711445,-73.8796394
BK,EAST 17 STREET,40.5910051,-73.9531242
BK,EAST 94 STREET,40.657672,-73.9206003
BK,EAST 94 STREET,40.6569711,-73.9192279
QN,40-04 ROCKAWAY BEACH BLVD,40.5943762,-73.7721481
BX,275 DRAKE STREET,40.8064879,-73.880262
BX,LESTER STREET,40.8709872,-73.868854
QN,51 ROAD,40.7344339,-73.8984223
BX,3963 SAXON AVENUE,40.8828724,-73.8905107
QN,POWER ROAD,40.7508548,-73.8676648
QN,97-05 ROOSEVELT AVENUE,40.7494775,-73.8682198
BK,SACKMAN STREET,40.6736906,-73.9062224
MN,635 WEST 142 STREET,40.8253172,-73.953176
BK,180 SACKMAN STREET,40.6738087,-73.906251
BK,1698 EAST NEW YORK AVENUE,40.6743653,-73.9055869
BK,SACKMAN STREET,40.673611,-73.9062008
BK,85 POWELL STREET,40.6726077,-73.9044034
BK,162 GLENMORE AVENUE,40.6717077,-73.9046786
BX,2007 SEDGWICK AVENUE,40.8576648,-73.9163922
BX,2009 SEDGWICK AVENUE,40.8578157,-73.9163342
QN,37-39 108 STREET,40.7530328,-73.8596153
QN,160 STREET,40.692535,-73.7906435
BX,SEYMOUR AVENUE,40.8718488,-73.8463838
BX,271 DRAKE STREET,40.8066279,-73.8802979
MN,WADSWORTH TERRACE,40.8570426,-73.9300215
BX,1022 UNIVERSITY AVENUE,40.8340531,-73.930342
BX,1012 UNIVERSITY AVENUE,40.8338391,-73.9304687
BX,3209 TIEMANN AVENUE,40.873992,-73.8420579
MN,653 WEST 187 STREET,40.8539782,-73.9325333
MN,657 WEST 187 STREET,40.8540222,-73.9326381
BX,3216 MICKLE AVENUE,40.8739444,-73.8433778
QN,85-08 57 AVENUE,40.7316601,-73.877077
MN,663 WEST 187 STREET,40.8540882,-73.9328007
MN,655 WEST 187 STREET,40.8540002,-73.9325875
BX,1020 UNIVERSITY AVENUE,40.8339927,-73.9303745
BX,911 OGDEN AVENUE,40.8309793,-73.9308438
QN,FARMERS BOULEVARD,40.6845076,-73.7602444
MN,44 FAIRVIEW AVENUE,40.8564097,-73.9319489
BX,977 WOODYCREST AVENUE,40.8322653,-73.928649
BX,975 WOODYCREST AVENUE,40.8322049,-73.9286889
BX,1004 WOODYCREST AVENUE,40.8326077,-73.9276838
BX,1024 WOODYCREST AVENUE,40.83314,-73.9272713
BX,NELSON AVENUE,40.8335305,-73.9284887
BX,WOODYCREST AVENUE,40.8310824,-73.9288418
BX,UNIVERSITY AVENUE,40.8334303,-73.9307004
BX,1041 OGDEN AVENUE,40.8341511,-73.9290265
BX,WOODYCREST AVENUE,40.8309617,-73.9289287
BX,955 WOODYCREST AVENUE,40.8316343,-73.9291123
MN,CABRINI BOULEVARD,40.8542013,-73.9387
BX,1122 LONGWOOD AVENUE,40.8143645,-73.8934846
BX,3200 KINGSLAND AVENUE,40.8738579,-73.842333
BX,WICKHAM AVENUE,40.872064,-73.8391228
BX,3198 CAMBRIDGE AVENUE,40.8833993,-73.9094308
MN,5073 BROADWAY,40.8707698,-73.915179
QN,42-15 HAIGHT STREET,40.7540962,-73.8336688
BX,3350 MICKLE AVENUE,40.8764056,-73.8447822
QN,118 ROAD,40.6901298,-73.7593624
QN,COUCH PLACE,40.7610952,-73.862811
QN,32 AVENUE,40.7596726,-73.8621064
BX,1517 ADEE AVENUE,40.8698804,-73.8419845
QN,105-19 ASTORIA BOULEVARD,40.761032,-73.8626884
BX,TIEMANN AVENUE,40.8781167,-73.8436319
QN,50 AVENUE,40.7418447,-73.8684766
QN,106 STREET,40.758666,-73.8627005
BK,464 6 AVENUE,40.6671569,-73.9849973
QN,41-50 21 STREET,40.7529805,-73.9426046
QN,22-09 QUEENS PLAZA NORTH,40.75239,-73.9418219
QN,41-37 24 STREET,40.7516043,-73.9404727
MN,358 BROADWAY,40.7170385,-74.0031889
MN,360 BROADWAY,40.7171867,-74.003344
BK,314A GARFIELD PLACE,40.6701905,-73.9731908
QN,75 STREET,40.7275741,-73.8859817
BK,29 PRESIDENT STREET,40.6845459,-74.0055418
QN,ALMEDA AVENUE,40.5964494,-73.8022659
QN,ALMEDA AVENUE,40.5964574,-73.802129
QN,BEACH 68 STREET,40.5952064,-73.7977181
QN,BEACH 68 STREET,40.5950993,-73.7977076
BX,868 HOME STREET,40.827855,-73.8966753
QN,BEACH 149 STREET,40.5736346,-73.86708
QN,THURSBY AVENUE,40.5948239,-73.8018818
QN,69-26 BAYFIELD AVENUE,40.5990473,-73.7998275
QN,141 BEACH 67 STREET,40.5884159,-73.7962517
QN,BAYFIELD AVENUE,40.5990393,-73.7999715
QN,103 STREET,40.6779725,-73.835344
QN,74-37 HILLMEYER AVENUE,40.5969892,-73.8049037
QN,ALMEDA AVENUE,40.596346,-73.8043907
QN,ALMEDA AVENUE,40.5964707,-73.8018697
QN,329 BEACH 73 STREET,40.5917494,-73.8017397
QN,169 STREET,40.7388526,-73.7996925
QN,BEACH CHANNEL DRIVE,40.5930714,-73.7964319
QN,BEACH 60 STREET,40.5926837,-73.7899699
QN,64-04 BEACH CHANNEL DRIVE,40.59325,-73.793468
QN,143 BEACH 148 STREET,40.568008,-73.8626425
BX,1481 ST LAWRENCE AVENUE,40.8373532,-73.8684866
BX,860 LONGWOOD AVENUE,40.8188755,-73.9011909
QN,BEACH 146TH STREET,40.5698073,-73.8615949
QN,196 STREET,40.6982202,-73.7574759
QN,BEACH 63 STREET,40.5968336,-73.7913504
QN,BURCHELL ROAD,40.5964246,-73.7913013
QN,211 STREET,40.7434544,-73.7642943
QN,65-10 BAYFIELD AVENUE,40.5993222,-73.7953794
QN,3-39 BEACH 65 STREET,40.5925381,-73.7944388
QN,92 AVENUE,40.6912942,-73.8421625
QN,62-11 BEACH CHANNEL DRIVE,40.5928628,-73.7918705
QN,BEACH CHANNEL DRIVE,40.5924315,-73.7916702
QN,HOOK CREEK BOULEVARD,40.6536075,-73.7261286
QN,DECOSTA AVENUE,40.5984135,-73.7922565
QN,62-03 ALMEDA AVENUE,40.5971054,-73.7913712
BK,1624 EAST 14 STREET,40.6095926,-73.9596732
BK,EAST 94 STREET,40.6494772,-73.91088
QN,529 BEACH 66 STREET,40.5958177,-73.795761
QN,ROOSEVELT AVENUE,40.7624679,-73.8210243
QN,BEACH CHANNEL DRIVE,40.5939208,-73.7910319
QN,BEACH 63 STREET,40.5945893,-73.7918831
QN,BEACH 62 STREET,40.5947364,-73.7912526
QN,62-03 DE COSTA AVENUE,40.5985149,-73.7906322
QN,7 AVENUE,40.7905842,-73.8491824
BK,1622 EAST 15 STREET,40.6097488,-73.9587619
QN,DECOSTA AVENUE,40.5984188,-73.7921449
MN,62 3 AVENUE,40.7312833,-73.9890096
MN,60 3 AVENUE,40.7312257,-73.9890529
MN,58 3 AVENUE,40.7311681,-73.9890926
MN,50 3 AVENUE,40.7310308,-73.9892369
QN,119 STREET,40.7909963,-73.8495173
MN,64 3 AVENUE,40.7313931,-73.9891178
MN,54 3 AVENUE,40.7311187,-73.9891756
BK,78 STREET,40.6250979,-74.0196691
MN,35 EAST 4 STREET,40.7276687,-73.9921238
QN,129 AVENUE,40.6738539,-73.7846168
BX,LURTING AVENUE,40.8728058,-73.8563179
QN,119 STREET,40.7899864,-73.8496351
BX,2722 HERING AVENUE,40.8662918,-73.8535119
BK,861 NEW JERSEY AVENUE,40.6585133,-73.8891922
BX,2950 YATES AVENUE,40.8690568,-73.8543663
BX,BRONX RIVER AVENUE,40.8085904,-73.8584975
BX,571 WALTON AVENUE,40.8194747,-73.9283882
MN,2902 FREDRICK DOUGLASS BL,40.8281507,-73.9376291
QN,115 STREET,40.7889871,-73.8516091
BX,BURKE AVENUE,40.8714372,-73.8506261
BX,579 WALTON AVENUE,40.8196641,-73.9283338
BX,261 WALTON AVENUE,40.8142528,-73.9304783
BX,335 GRAND CONCOURSE,40.8151357,-73.929072
QN,20-04 119 STREET,40.7815316,-73.8488959
QN,COLLEGE PLACE,40.7880251,-73.8463425
QN,50 AVENUE,40.7418668,-73.8686643
BX,2945 TENBROECK AVENUE,40.8689975,-73.8530649
BX,3221 BOSTON ROAD,40.8725352,-73.8550674
QN,110-44 15 AVENUE,40.783653,-73.855084
BX,100 EAST 149 STREET,40.8189131,-73.9300218
BX,3210 HERING AVENUE,40.8719072,-73.8533332
QN,66 STREET,40.737511,-73.8986485
QN,14 AVENUE,40.7860438,-73.8508718
QN,120TH STREET,40.7869845,-73.8481505
QN,120 STREET,40.7868689,-73.8479558
BK,264 60 STREET,40.6423101,-74.0214038
QN,114-08 TAIPEI COURT,40.7889016,-73.8534402
QN,64 STREET,40.7252202,-73.9020405
QN,SUTTER AVENUE,40.672109,-73.7955995
BX,EAST 156 STREET,40.8168253,-73.9013168
BX,950 LEGGETT AVENUE,40.815392,-73.9006361
BX,643 FOX STREET,40.8141244,-73.9012269
QN,56-09 61 STREET,40.724747,-73.904058
QN,LAUREL HILL BLVD,40.7387182,-73.9011871
BK,77 STREET,40.6257622,-74.0193235
QN,CENTREVILLE STREET,40.670121,-73.8382365
BX,1600 MACOMBS ROAD,40.8458077,-73.916465
QN,68 STREET,40.7355385,-73.8966272
QN,ROCKAWAY BEACH BLVD,40.5897364,-73.7964061
QN,50 AVENUE,40.737158,-73.8966969
QN,BEACH 73 STREET,40.5885227,-73.7992434
QN,336 BEACH 74 STREET,40.5919175,-73.8021172
QN,BEACH 70 STREET,40.5909453,-73.7986528
QN,56 AVENUE,40.7251417,-73.9033322
QN,BAYFIELD AVENUE,40.5991625,-73.7982391
QN,AMSTEL BOULEVARD,40.5928956,-73.7994859
QN,72-01 HESSLER AVENUE,40.5938618,-73.8010673
QN,HESSLER AVENUE,40.5941615,-73.8013941
QN,69-11 BEACH CHANNEL DRIVE,40.5924605,-73.7987058
QN,59-37 56 ROAD,40.7248019,-73.9073951
QN,3-06 BEACH 68 STREET,40.5913671,-73.7965884
QN,58-07 58 PLACE,40.7207365,-73.9102724
QN,58 PLACE,40.7208737,-73.9102794
QN,71-04 AMSTEL BLVD,40.5928609,-73.8000657
QN,53 ROAD,40.7304839,-73.8980531
QN,HILLMEYER AVENUE,40.5970138,-73.8032544
QN,ALMEDA AVENUE,40.5964654,-73.8019777
QN,BAYFIELD AVENUE,40.5992319,-73.7970758
QN,BAYFIELD AVENUE,40.5991546,-73.7983832
QN,59-43 56 ROAD,40.7247853,-73.9071679
QN,67-01 53 ROAD,40.730923,-73.8979586
QN,HILLMEYER AVENUE,40.5969862,-73.8047885
BX,543 MANIDA STREET,40.8112851,-73.8878541
QN,MAURICE AVENUE,40.7348328,-73.8963288
BX,COSTER STREET,40.8133873,-73.8876157
QN,52 DRIVE,40.7322928,-73.8981116
QN,MASPETH AVENUE,40.7233398,-73.911979
BX,1220 SPOFFORD AVENUE,40.8135761,-73.8898155
BX,BARRETTO STREET,40.8133528,-73.8887646
BX,540 TIFFANY STREET,40.8109222,-73.8900438
QN,105-10 177 STREET,40.7031483,-73.7813591
BK,69 20TH STREET,40.6659804,-73.9987168
BK,60 20 STREET,40.666145,-73.9990195
BX,550 BRYANT AVENUE,40.8119598,-73.8845655
BK,95 29 STREET,40.6605649,-74.0032367
BK,698 3 AVENUE,40.6637543,-73.9985041
BK,89 21 STREET,40.6646244,-73.9982806
BX,805 GARRISON AVENUE,40.8154546,-73.8939706
BX,GARRISON AVENUE,40.8156658,-73.8938149
BX,863 BARRY STREET,40.8159279,-73.892308
BX,857 BARRY STREET,40.8155329,-73.8925109
BX,1102 BURNETT PLACE,40.8152017,-73.8934652
BX,BURNETT PLACE,40.8150312,-73.8931331
BX,1111 LONGWOOD AVENUE,40.8149987,-73.8935884
BX,861 BARRY STREET,40.8158509,-73.89216
BX,510 CRAVEN STREET,40.8098588,-73.891747
BX,VIELE AVENUE,40.8073333,-73.8829625
MN,140 HENRY STREET,40.7131269,-73.9905456
BX,RYAWA AVENUE,40.8058425,-73.8799092
BX,328 FAILE STREET,40.8079552,-73.8844786
BX,DRAKE STREET,40.8085751,-73.8813889
BX,222 MANIDA STREET,40.8054477,-73.88574
BX,1288 EAST BAY AVENUE,40.8083924,-73.8853159
BX,1280 EAST BAY AVENUE,40.8083433,-73.8856266
BX,425 MANIDA STREET,40.808979,-73.8872511
BX,452 COSTER STREET,40.809716,-73.8859458
BX,328 MANIDA STREET,40.8074327,-73.8862567
BX,1264 VIELE AVENUE,40.806329,-73.8859696
BX,1130 EAST 156 STREET,40.8130509,-73.8946933
BX,725 BARRY STREET,40.8127903,-73.8948274
BX,1173 LEGGETT AVENUE,40.8116309,-73.893601
BK,419 FLUSHING AVENUE,40.6990143,-73.9582163
BX,520 TRUXTON STREET,40.8099531,-73.8927439
BX,1120 OAK POINT AVENUE,40.8084958,-73.8929233
BK,102 RUTLEDGE STREET,40.7007684,-73.9585794
QN,57-37 59 STREET,40.7221209,-73.9081059
BX,VIELE AVENUE,40.8067362,-73.8869298
BX,1180 LONGWOOD AVENUE,40.8133092,-73.8919799
BX,WORTHEN STREET,40.8132629,-73.8923629
BX,621 TIFFANY STREET,40.8122406,-73.8910459
BX,425 BARRETTO STREET,40.8089771,-73.8882047
QN,58TH PLACE,40.7213074,-73.9102825
BX,319 BARRETTO STREET,40.8076511,-73.887853
BX,BARRETTO STREET,40.8073765,-73.8877812
BX,323 BARRETTO STREET,40.8079915,-73.8879427
BX,702 EAST 134 STREET,40.8022097,-73.9151941
BX,732 EAST 134 STREET,40.8018715,-73.9143999
BK,WEST 33 STREET,40.5753775,-73.9991505
BX,713 EAST 133 STREET,40.8018831,-73.9151981
BX,313 LOCUST AVENUE,40.8038822,-73.9058764
BX,311 LOCUST AVENUE,40.8038466,-73.9059126
BX,309 LOCUST AVENUE,40.8038,-73.9059596
BX,510 EAST 134 STREET,40.8047527,-73.9210569
BX,486 EAST 134 STREET,40.8052695,-73.9221364
BX,764 EAST 138 STREET,40.804057,-73.9116663
QN,GUY R BREWER BLVD,40.6904617,-73.7870873
BK,OCEAN AVENUE,40.6053604,-73.9529953
BK,102 MC KIBBIN STREET,40.7048465,-73.9440779
BK,61 FLATBUSH AVENUE EXT,40.6970008,-73.9846588
BK,57 FLATBUSH AVENUE EXT,40.6970694,-73.9846733
BK,53 FLATBUSH AVENUE EXT,40.6971407,-73.9846913
BK,667 FLUSHING AVENUE,40.7003957,-73.9466206
BK,291 WALLABOUT STREET,40.7022299,-73.9482313
BK,FLUSHING AVENUE,40.7006049,-73.9480269
BK,43 BARTLETT STREET,40.701189,-73.9468327
BK,31 BARTLETT STREET,40.7008791,-73.9473126
MN,HAMILTON PLACE,40.8226131,-73.9517543
BX,420 MORRIS PARK AVENUE,40.8391925,-73.8737269
BK,2847 WEST 37 STREET,40.5757508,-74.0026854
BX,1537 HOE AVENUE,40.8343389,-73.8887548
BK,EXETER STREET,40.5772295,-73.9479214
BX,1536 BRYANT AVENUE,40.8337931,-73.8863959
BX,970 EAST 173 STREET,40.8347483,-73.8864341
BX,1478 SOUTHERN BOULEVARD,40.8328525,-73.8900618
BX,1482 SOUTHERN BOULEVARD,40.8329403,-73.8900074
BX,1476 SOUTHERN BOULEVARD,40.8328059,-73.8900872
BX,1466 SOUTHERN BOULEVARD,40.8325727,-73.8902285
BX,EAST 172 STREET,40.8325246,-73.8859717
BX,1428 EDGEWATER ROAD,40.8306815,-73.8845692
BX,1464 SOUTHERN BOULEVARD,40.8325233,-73.8902575
BK,8 LAKE AVENUE,40.5847234,-73.9380293
BK,EMMONS AVENUE,40.584147,-73.9381198
BK,2 LAKE AVENUE,40.5843938,-73.9377452
BK,EAST 34 STREET,40.6299057,-73.9438849
MN,639 WEST 142 STREET,40.825353,-73.9532771
BK,15 AVENUE,40.6057615,-74.0149817
BK,12 LAKE AVENUE,40.584943,-73.9382163
BK,19 LAKE AVENUE,40.5850613,-73.9386122
BK,BROWN STREET,40.5848738,-73.9371507
BK,10 WALDANE COURT,40.5833635,-73.9358381
BK,EMMONS AVENUE,40.5833441,-73.9355825
BK,EAST 96 STREET,40.6463795,-73.9055148
BK,31 STANTON ROAD,40.5852962,-73.9364914
BK,2832 BATCHELDER STREET,40.5845879,-73.9362725
BK,3081 EMMONS AVENUE,40.584275,-73.936244
BK,18 STANTON ROAD,40.5850767,-73.9366537
BK,23 STANTON ROAD,40.5854033,-73.9367146
BK,25 STANTON ROAD,40.5848899,-73.9364162
BK,CLINTON AVENUE,40.6975605,-73.9699413
BK,ATKINS AVENUE,40.6657782,-73.8751906
MN,RIVERSIDE DRIVE,40.8253256,-73.9533855
BK,164 FLUSHING AVENUE,40.6976511,-73.9699341
BK,CLINTON AVENUE,40.6974782,-73.9699269
BK,CLINTON AVENUE,40.6974096,-73.9699125
MN,637 WEST 142 STREET,40.8253365,-73.9532265
BK,256 FLUSHING AVENUE,40.6974248,-73.9654659
BK,BAY 10 STREET,40.6054487,-74.0141461
BK,45 CARLTON AVENUE,40.6965925,-73.973292
BK,29 CARLTON AVENUE,40.6970426,-73.9734144
BK,16 ADELPHI STREET,40.6974131,-73.972913
BK,ADELPHI STREET,40.6969849,-73.9728771
QN,204 BEACH 31 STREET,40.5949213,-73.7634215
BK,191 PARK AVENUE,40.6963341,-73.9717234
QN,109 AVENUE,40.6960963,-73.785414
BX,318 WHITE PLAINS ROAD,40.8121496,-73.855683
QN,203 BEACH 30 STREET,40.5950331,-73.7630898
QN,BEACH 30 STREET,40.5949563,-73.7630757
BK,219 PARK AVENUE,40.6963117,-73.9700609
BK,188 FLUSHING AVENUE,40.6975327,-73.9685313
BX,355 NEWMAN AVENUE,40.8134008,-73.8554021
BX,1993 CORNELL AVENUE,40.80798,-73.8510791
QN,102 AVENUE,40.6945331,-73.8079143
QN,BRISBIN STREET,40.6939816,-73.8080313
QN,SANDERS PLACE,40.6953138,-73.8102705
QN,ROCKAWAY BEACH BLVD,40.5938883,-73.7724882
BX,1944 O'BRIEN AVENUE,40.8113931,-73.8543408
BX,45 WHITE PLAINS ROAD,40.8087066,-73.8548199
QN,37-01 ROCKAWAY BEACH BLVD,40.5947802,-73.7696549
QN,ROCKAWAY BEACH BLVD,40.5947037,-73.7697884
QN,EDGEMERE AVENUE,40.5954107,-73.7678452
QN,138 STREET,40.7857531,-73.8311161
QN,137 STREET,40.7849532,-73.8321906
QN,15 AVENUE,40.7850588,-73.8369678
QN,132 STREET,40.7854513,-73.8369668
QN,109 AVENUE,40.6893741,-73.8021021
BK,EAST 17 STREET,40.5933934,-73.9539399
BX,EAST 239 STREET,40.9004275,-73.8534475
BX,ARNOW AVENUE,40.867742,-73.845851
QN,56 ROAD,40.7458383,-73.819795
QN,177 STREET,40.6942965,-73.7729425
BX,SOUNDVIEW AVENUE,40.8086556,-73.8535774
BX,234 PUGSLEY AVENUE,40.8109455,-73.8520515
BX,1987 GILDERSLEEVE AVENUE,40.8100504,-73.8518006
BX,2004 GILDERSLEEVE AVENUE,40.8097033,-73.8507863
BX,2731 KINGSBRIDGE TERRACE,40.8717737,-73.9037772
BX,144 HUSSON AVENUE,40.809124,-73.8506575
BX,237 BETTS AVENUE,40.8113501,-73.8507754
BX,217 BETTS AVENUE,40.8105374,-73.8505857
BX,142 HUSSON AVENUE,40.8090554,-73.8506432
BX,CORNELL AVENUE,40.8070537,-73.8500806
BX,112 LIGHTHOUSE COURT,40.8077587,-73.8497828
QN,BAY 32 STREET,40.5993842,-73.7660308
BX,139 HUSSON AVENUE,40.8089107,-73.8512324
BX,244 STEPHENS AVENUE,40.811115,-73.8536623
BX,224 HUSSON AVENUE,40.8108867,-73.8510799
QN,88 STREET,40.6732964,-73.8480524
QN,135 AVENUE,40.6731538,-73.8481429
QN,310 BEACH 40 STREET,40.5947023,-73.7718481
BX,216 HUSSON AVENUE,40.8105517,-73.8510047
BX,145 PUGSLEY AVENUE,40.8088599,-73.8523379
BX,1968 GILDERSLEEVE AVENUE,40.8095109,-73.8526796
BX,227 HUSSON AVENUE,40.8108187,-73.8515641
BX,230 STEPHENS AVENUE,40.8107301,-73.8531574
BX,STEPHENS AVENUE,40.8107144,-73.8537065
BX,240 STEPHENS AVENUE,40.8110164,-73.8537817
BX,2237 NORTON AVENUE,40.8152327,-73.8456728
BX,1258 NELSON AVENUE,40.8390912,-73.9241134
BX,252 STEPHENS AVENUE,40.8114775,-73.8538276
BX,156 SOUNDVIEW AVENUE,40.8085429,-73.8533825
BX,96 WEST 169 STREET,40.8393873,-73.9235999
BX,94 WEST 169 STREET,40.8393461,-73.9235023
BX,120 HUSSON AVENUE,40.8085117,-73.850518
BX,446 UNDERHILL AVENUE,40.8146917,-73.8582497
BK,72 STREET,40.6296024,-74.017898
BX,46 WHITE PLAINS ROAD,40.808638,-73.854802
BX,1940 O'BRIEN AVENUE,40.8113659,-73.8545215
BX,254 NEWMAN AVENUE,40.8111515,-73.8543124
BX,1254 NELSON AVENUE,40.8389924,-73.9241641
BX,1287 SHAKESPEARE AVENUE,40.8395158,-73.922801
BX,464 HOWE AVENUE,40.8160566,-73.8481203
BX,450 HOWE AVENUE,40.8157875,-73.8480559
BX,EDWARD L GRANT HWY,40.8388291,-73.9220826
BX,478 HOWE AVENUE,40.8162927,-73.8481739
BX,LAFAYETTE AVENUE,40.8288539,-73.8276318
BX,413 HOWE AVENUE,40.8152337,-73.8485448
QN,94-74 199 STREET,40.7117159,-73.7612359
BK,514 74 STREET,40.6299118,-74.0219438
BX,437 TURNEUR AVENUE,40.8160573,-73.8465632
BX,425 TURNEUR AVENUE,40.8157113,-73.8464845
BX,TURNEUR AVENUE,40.8160675,-73.8459526
QN,173 STREET,40.7011451,-73.7830608
QN,170-19 107 AVENUE,40.7003876,-73.7860314
QN,175-42 LIBERTY AVENUE,40.7051081,-73.7828242
QN,196-04 WOODHULL AVENUE,40.7125932,-73.763415
QN,169-12 104 AVENUE,40.7020628,-73.7880096
QN,199 STREET,40.7130064,-73.7601635
QN,104-21 170 STREET,40.7019573,-73.7873427
QN,170 STREET,40.7019141,-73.7877648
QN,103-15 169 STREET,40.7028024,-73.7886925
QN,171-19 107 AVENUE,40.7005561,-73.7851508
QN,41-09 ORIENT AVENUE,40.7697377,-73.7434748
BX,1848 VYSE AVENUE,40.8388797,-73.8842984
BX,1020 EAST 176 STREET,40.837898,-73.8824931
QN,171-29 103 ROAD,40.7035663,-73.7862123
BX,1731 WEST FARMS ROAD,40.835099,-73.8830076
QN,48 STREET,40.7662289,-73.9046155
BX,1775 WEST FARMS ROAD,40.8359795,-73.8824965
QN,170-16 LIBERTY AVENUE,40.7034043,-73.7876627
QN,171-34 LIBERTY AVENUE,40.7038573,-73.786215
BX,1829 WEST FARMS ROAD,40.8371322,-73.8823933
QN,38-02 LITTLE NECK PARKWAY,40.7749351,-73.7429999
BX,1783 WEST FARMS ROAD,40.8361497,-73.8825757
QN,235 STREET,40.7672524,-73.7478851
QN,82 AVENUE,40.7142269,-73.8215867
QN,FRANCIS LEWIS BLVD,40.7490979,-73.7782416
QN,BEACH 92 STREET,40.5885557,-73.8173859
BX,MONTEREY AVENUE,40.8469131,-73.8953771
QN,63 AVENUE,40.7553988,-73.7289659
QN,103-17 168 PLACE,40.7023783,-73.789444
QN,DEPEW AVENUE,40.7714454,-73.7449377
QN,DEPEW AVENUE,40.7703833,-73.7449851
QN,70 STREET,40.7321927,-73.8937062
QN,CONCORD STREET,40.7701631,-73.7302596
BK,BRIGHTON 12 STREET,40.5814981,-73.9556473
BX,STEENWICK AVENUE,40.8825074,-73.8294563
BX,DE REIMER AVENUE,40.8812918,-73.8372923
BX,REEDS MILL LANE,40.8818589,-73.8327018
QN,PERSHING CRESCENT,40.7124774,-73.8156504
QN,DANIELS STREET,40.7131834,-73.8142994
QN,97-15 103 AVENUE,40.6831787,-73.8427045
BK,845 OCEAN AVENUE,40.6420688,-73.9591383
QN,ALAMEDA AVENUE,40.764704,-73.7398843
BK,EAST MILL BASIN,40.6134425,-73.9060585
BX,REEDS MILL LANE,40.8799078,-73.8329382
QN,BEACH 22 STREET,40.6043088,-73.7544066
QN,42 AVENUE,40.7693201,-73.7445343
QN,103-23A WOODHAVEN BOULEVARD,40.6815295,-73.8450556
QN,69 STREET,40.7325952,-73.8955674
QN,72 PLACE,40.7277784,-73.8900151
QN,70 AVENUE,40.724137,-73.8413524
QN,76 ROAD,40.7221754,-73.8196137
QN,BEACH 47 STREET,40.5969653,-73.7781383
QN,BOOTH STREET,40.7266857,-73.8571994
QN,JAMAICA AVENUE,40.694827,-73.84232
QN,241-06 CHURCH STREET,40.766624,-73.7442341
BK,3 WEST STREET,40.7264294,-73.9591696
BX,DWIGHT PLACE,40.8454956,-73.8243466
BX,UNDERCLIFF AVENUE,40.85043,-73.9205979
BX,UNDERCLIFF AVENUE,40.8516841,-73.9202458
BX,UNDERCLIFF AVENUE,40.8523423,-73.9195835
QN,BRUNSWICK AVENUE,40.6097322,-73.7491535
BK,144 GUERNSEY STREET,40.7258784,-73.9537293
BK,WEST STREET,40.7265482,-73.9613523
BK,7 WHARF DRIVE,40.726575,-73.9595267
QN,72 STREET,40.7313822,-73.8928307
QN,73 STREET,40.7278469,-73.8898634
QN,69 PLACE,40.725702,-73.8943768
QN,57 ROAD,40.72781,-73.8886151
QN,69 PLACE,40.7282711,-73.8944376
QN,HULL AVENUE,40.7273715,-73.8951354
QN,HULL AVENUE,40.7273769,-73.8950127
QN,HULL AVENUE,40.7273768,-73.8949766
QN,72 PLACE,40.7274487,-73.8896873
QN,73-23 57TH AVENUE,40.7287649,-73.8883357
QN,99 ROAD,40.7106497,-73.7619503
QN,198 STREET,40.7094735,-73.7612728
QN,99 AVENUE,40.7117125,-73.7582781
QN,79 STREET,40.715634,-73.8749818
QN,79 STREET,40.7169694,-73.8737817
QN,79 STREET,40.7171313,-73.873785
QN,GRAY STREET,40.7147149,-73.8779379
QN,WOODHAVEN BOULEVARD,40.6979171,-73.8523167
QN,69 STREET,40.7134974,-73.8871601
QN,SEAGIRT AVENUE,40.5960749,-73.7384743
QN,BEACH 48 STREET,40.5957205,-73.7788194
BX,SYLVAN AVENUE,40.9039974,-73.8986298
BX,POST ROAD,40.9046192,-73.8972795
BX,WEST 256 STREET,40.903296,-73.8969523
BK,745 FRANKLIN AVENUE,40.6731197,-73.9568229
QN,164 AVENUE,40.650672,-73.8405576
BK,BEDFORD AVENUE,40.6733493,-73.9544399
BK,323 JEFFERSON STREET,40.7050558,-73.9258818
BK,321 JEFFERSON STREET,40.7050009,-73.9259359
BK,303 JEFFERSON STREET,40.7045044,-73.9264234
BK,301 JEFFERSON STREET,40.7044523,-73.926474
BK,FLATBUSH AVENUE,40.6413187,-73.9568904
BK,WEST STREET,40.5890811,-73.9696589
QN,GLENMORE AVENUE,40.6777661,-73.857589
QN,WALDRON STREET,40.7394409,-73.8531052
QN,69 STREET,40.7322658,-73.895539
QN,57 AVENUE,40.7280999,-73.8904078
BK,ST CHARLES PLACE,40.6715601,-73.9555226
QN,87 AVENUE,40.7312406,-73.739001
BK,971 PACIFIC STREET,40.6798955,-73.9618661
BK,88 MORGAN AVENUE,40.7068408,-73.9317878
BK,776 DEAN STREET,40.6792486,-73.9643685
BK,774 DEAN STREET,40.6792678,-73.964455
BK,897 SHEFFIELD AVENUE,40.6557659,-73.8893085
BK,110 HARRISON PLACE,40.7066276,-73.9288232
BK,766 DEAN STREET,40.6792597,-73.9646966
BK,73 WORTMAN AVENUE,40.6553383,-73.889857
BK,21 INGRAHAM STREET,40.7071297,-73.9329597
BK,16 GRATTAN STREET,40.7053261,-73.9324999
BK,963 PACIFIC STREET,40.6800494,-73.9621977
BK,863 NEW JERSEY AVENUE,40.6584557,-73.889149
BK,848 HENDRIX STREET,40.6603947,-73.8847954
BK,14 GRATTAN STREET,40.7052767,-73.9325684
QN,BEACH 15 STREET,40.5978228,-73.7493171
QN,VAN ZANDT AVENUE,40.7641389,-73.7328435
BK,14 MORGAN AVENUE,40.7042767,-73.9310582
BK,816 HEGEMAN AVENUE,40.6638064,-73.8820789
BX,2309 HUNTER AVENUE,40.8617531,-73.8247266
BX,BASSETT AVENUE,40.8597333,-73.8267058
BX,2208 BOLLER AVENUE,40.8605502,-73.8242381
BX,2001 BASSETT AVENUE,40.8599972,-73.8270377
BX,DE REIMER AVENUE,40.860436,-73.8268052
BK,810 BARBEY STREET,40.6623922,-73.8841107
BK,EAST 52 STREET,40.6293798,-73.9263729
BX,2211 HUNTER AVENUE,40.860962,-73.824284
QN,BRADDOCK AVENUE,40.7261971,-73.7254551
BK,766 GEORGIA AVENUE,40.6582094,-73.8928545
BK,JEROME STREET,40.6624042,-73.8823769
BK,WORTMAN AVENUE,40.6554556,-73.8891035
BK,SCHENCK AVENUE,40.6616949,-73.8840074
BX,GUNTHER AVENUE,40.8692301,-73.8381715
BX,SOUTH OAK DRIVE,40.8721402,-73.8619202
BX,UNDERCLIFF AVENUE,40.8506357,-73.9204278
BK,WEST END AVENUE,40.5783792,-73.9535327
BX,BURKE AVENUE,40.8732137,-73.8429275
BK,SAPPHIRE STREET,40.6709071,-73.8577154
BX,LESTER STREET,40.8705009,-73.8683813
QN,246 PLACE,40.7575165,-73.7307837
BK,91 STREET,40.6206718,-74.0369474
BK,ELDERT LANE,40.6864454,-73.8670391
QN,96 STREET,40.756163,-73.8724008
QN,FAIRFIELD PLACE,40.6635578,-73.8564659
QN,NORTHERN BOULEVARD,40.7692822,-73.7362562
BK,EAST 66 STREET,40.6201435,-73.9143412
BK,ROYCE STREET,40.6252906,-73.9080195
QN,MARATHON PARKWAY,40.7587304,-73.7322515
QN,35 STREET,40.7659506,-73.917399
QN,80 STREET,40.6842116,-73.8604164
QN,34-37 96 STREET,40.7538508,-73.8714162
BK,57 STREET,40.6329771,-74.0000793
BX,STADIUM AVENUE,40.8368496,-73.8188763
BX,STADIUM AVENUE,40.8368166,-73.8188619
QN,PECK AVENUE,40.7360067,-73.7571327
QN,BEACH 45 STREET,40.5950073,-73.7762292
BK,RYDER STREET,40.6151193,-73.9332286
QN,133-22 SAPPHIRE STREET,40.6724666,-73.8581122
QN,78 STREET,40.672214,-73.8580514
QN,78 STREET,40.6721344,-73.85803
QN,78 STREET,40.6720438,-73.8580085
QN,AMBER STREET,40.6722831,-73.858437
BX,1267 UNIVERSITY AVENUE,40.839744,-73.9276652
BX,1309 UNIVERSITY AVENUE,40.8405426,-73.9274547
BX,1300 WEST 169 STREET,40.8412342,-73.9274179
BX,1301 UNIVERSITY AVENUE,40.8414786,-73.927573
BX,SEDGWICK AVENUE,40.8402299,-73.9278309
BX,223 WEST 167 STREET,40.839228,-73.9277417
MN,204 LENOX AVENUE,40.8046305,-73.9473136
BX,2383 BATHGATE AVENUE,40.856611,-73.8904274
BX,2351 LORILLARD PLACE,40.8556365,-73.8902049
BX,EAST 187 STREET,40.8570606,-73.88987
QN,FLUSHING AVENUE,40.719314,-73.9059489
QN,78 STREET,40.6677599,-73.8563667
BK,TIFFANY PLACE,40.6862093,-74.0016226
BX,660 EAST FORDHAM ROAD,40.8576334,-73.8834235
BK,2222 COLEMAN STREET,40.6082158,-73.92385
BX,671 EAST 188 STREET,40.8556393,-73.8846777
BX,663 EAST 188 STREET,40.8557136,-73.8848294
BX,2461 HUGHES AVENUE,40.8565656,-73.88601
QN,BRINKERHOFF AVENUE,40.7066072,-73.7346214
QN,227 STREET,40.6750593,-73.7445925
QN,29 ROAD,40.7718044,-73.8256746
QN,221 STREET,40.76574,-73.7620674
QN,35 STREET,40.7586319,-73.9235734
QN,173 STREET,40.6892948,-73.7753647
QN,135 STREET,40.7776477,-73.832877
BX,CROTONA AVENUE,40.8551494,-73.8833013
BX,1116 RHINELANDER AVENUE,40.8516134,-73.8537431
BK,CLASSON AVENUE,40.6821561,-73.9585044
BK,FLATLANDS AVENUE,40.6495511,-73.8915315
BK,4105 AVENUE U,40.6091766,-73.9240578
BX,TAYLOR AVENUE,40.8411459,-73.8680924
BX,EAST 166 STREET,40.827736,-73.9051344
BK,55 ECKFORD STREET,40.7217973,-73.9483062
BK,404 LEONARD STREET,40.718855,-73.9483338
BK,GRAHAM AVENUE,40.7206134,-73.9461174
QN,56 AVENUE,40.7333471,-73.8760744
QN,86-10 58 AVENUE,40.7314901,-73.8746057
BK,MANHATTAN AVENUE,40.7182038,-73.9468697
QN,84-14 QUEENS BOULEVARD,40.7366713,-73.878973
BX,379 VINMONT ROAD,40.9018439,-73.9030789
BX,5634B MOSHOLU AVENUE,40.9046287,-73.9018919
BX,6137 TYNDALL AVENUE,40.9109156,-73.9004644
BX,SEDGWICK AVENUE,40.8824187,-73.8926125
BK,ALBANY AVENUE,40.6314476,-73.9372473
BK,474 STRATFORD ROAD,40.6367549,-73.9676844
MN,157 WEST 24 STREET,40.7447083,-73.9944532
QN,23 AVENUE,40.7685526,-73.8698463
BK,2401 GERRITSEN AVENUE,40.5985008,-73.9307389
BK,AVENUE Z,40.5897808,-73.9358391
BX,HOFFMAN STREET,40.8566439,-73.8875282
BX,437 TAYLOR AVENUE,40.8140369,-73.8615386
MN,250 WEST 23 STREET,40.744659,-73.997712
QN,220 STREET,40.7101491,-73.7351195
QN,184-15 HENLEY ROAD,40.7184445,-73.7797325
QN,85-48 ETON STREET,40.7162217,-73.7785458
QN,87-23 AVON STREET,40.7139583,-73.7804976
BK,DOOLEY STREET,40.5860011,-73.9462584
BK,DARE COURT,40.5860819,-73.9200121
BK,EATON COURT,40.5860548,-73.9204946
BK,GARLAND COURT,40.5930243,-73.929722
BX,BURKE AVENUE,40.8723307,-73.8476157
BK,FANE COURT,40.5946802,-73.930977
BK,GARLAND COURT,40.5929475,-73.9296789
BK,LANDIS COURT,40.5880737,-73.9268253
BK,SEBA AVENUE,40.5861047,-73.9252973
BK,CANTON COURT,40.5892677,-73.9227411
BK,115 FRANK COURT,40.5896782,-73.9250701
BK,DEVOE STREET,40.713706,-73.948749
QN,96 STREET,40.6908973,-73.8490761
BK,SKILLMAN AVENUE,40.7157074,-73.9438487
BX,HOBART AVENUE,40.8377415,-73.8277894
BK,EATON COURT,40.5895378,-73.924397
BK,LACON COURT,40.5896235,-73.9297436
BK,KNIGHT COURT,40.5900021,-73.9293436
BK,LACON COURT,40.5902525,-73.930355
BK,4 BARTLETT PLACE,40.5884226,-73.927455
BK,LANDIS COURT,40.5884276,-73.9266305
QN,224 STREET,40.670238,-73.7501877
QN,198-25 EPSOM COURSE,40.7242601,-73.766902
BK,55 FANE COURT,40.5928237,-73.9292974
BK,HAZEL COURT,40.5915363,-73.9291331
BK,26 LACON COURT,40.5903566,-73.9299913
BK,LACON COURT,40.590214,-73.9302147
BK,LACON COURT,40.589434,-73.9294234
BK,KNIGHT COURT,40.5908344,-73.93034
BK,JOVAL COURT,40.59129,-73.9302675
BK,KNIGHT COURT,40.590664,-73.9300882
BK,LACON COURT,40.5893048,-73.9291715
BK,2702 PLUMB 1 STREET,40.5879911,-73.9309947
BK,FANE COURT,40.5933261,-73.9294697
BK,KNIGHT COURT,40.5908863,-73.9299367
BK,30 GAIN COURT,40.5871957,-73.9231755
BK,GAIN COURT,40.5868251,-73.9230751
MN,637 WEST 125TH STREET,40.8173901,-73.959298
MN,2301 JOE DIMAGGIO HIGHWAY,40.818735,-73.9593948
MN,2307 JOE DIMAGGIO HIGHWAY,40.818853,-73.959308
BK,EATON COURT,40.5882878,-73.9226954
BK,ASTER COURT,40.5960189,-73.9296649
MN,685 WASHINGTON STREET,40.7342561,-74.0082666
BX,FORDHAM STREET,40.8467346,-73.7875124
MN,GREENWICH STREET,40.7333559,-74.0070397
BK,611 SMITH STREET,40.6705422,-73.9997116
BK,627 SMITH STREET,40.6699027,-74.0000252
BK,764 HENRY STREET,40.6691175,-74.0050936
BK,728 COURT STREET,40.6687443,-74.004077
BK,659 SMITH STREET,40.6692,-74.0003641
BK,392 HAMILTON AVENUE,40.6725733,-73.9995638
BX,SAMPSON AVENUE,40.8198653,-73.8206712
BX,76 DITMARS STREET,40.849096,-73.7895073
BK,33 KNIGHT COURT,40.5907355,-73.9301673
BK,32 LACON COURT,40.5904994,-73.9301532
BK,KNIGHT COURT,40.5911005,-73.9301777
BX,82 DITMARS STREET,40.849191,-73.7889323
BK,DARE COURT,40.5865981,-73.9202851
BK,BEACON COURT,40.5865672,-73.9192159
BK,2 DARE COURT,40.5861668,-73.9198032
BX,666 MINNIEFORD AVENUE,40.8564999,-73.7902647
BK,ASTER COURT,40.5940355,-73.9270636
BX,604 EAST 170 STREET,40.8340919,-73.9007925
BX,1416 FRANKLIN AVENUE,40.8342774,-73.899531
BK,ASTER COURT,40.5944588,-73.9279273
BK,CELESTE COURT,40.5937671,-73.9280361
BX,1236 FULTON AVENUE,40.8308997,-73.9040097
BX,1300 FULTON AVENUE,40.8323427,-73.9030609
BX,WILLIAM AVENUE,40.8486198,-73.7902534
BK,DICTUM COURT,40.5919604,-73.9270623
BK,15 EBONY COURT,40.5914362,-73.9271133
BX,1342 FULTON AVENUE,40.8331791,-73.902261
BK,CELESTE COURT,40.5932343,-73.9274534
BX,CAROLL STREET,40.8454326,-73.7869636
BX,1356 FULTON AVENUE,40.8338183,-73.9018301
BK,DARE COURT,40.5872738,-73.9210476
BK,DARE COURT,40.5876172,-73.9214252
BK,DARE COURT,40.5874993,-73.921609
BK,EATON COURT,40.5875049,-73.9218214
BX,2886 ROOSEVELT AVENUE,40.825298,-73.821278
BK,POST COURT,40.5857063,-73.9247865
BK,1 PLUMB 3 STREET,40.5864716,-73.9282708
BK,ABBEY COURT,40.5903165,-73.9231863
BX,EAST 219 STREET,40.8821585,-73.8575924
BK,12 HYMEN COURT,40.5864983,-73.9229207
BK,19 NOEL AVENUE,40.58666,-73.9224633
BK,EATON COURT,40.5890104,-73.9238143
BX,663 CITY ISLAND AVENUE,40.8562426,-73.7921995
BK,14 DICTUM COURT,40.591746,-73.926436
BX,CITY ISLAND AVENUE,40.8563697,-73.7911255
BX,CITY ISLAND AVENUE,40.8563176,-73.7911365
BX,CITY ISLAND AVENUE,40.8562545,-73.7911656
BK,30 BEVY COURT,40.592907,-73.9264455
BK,ASTER COURT,40.5933518,-73.9267007
BX,2806 LAFAYETTE AVENUE,40.8279516,-73.8280966
BX,58 MARINE STREET,40.8400512,-73.7860158
BX,FORDHAM PLACE,40.8488472,-73.782608
BX,1315 CHISHOLM STREET,40.8309284,-73.8959767
BX,173 MARINE STREET,40.8407757,-73.7815176
BK,2039 HENDRICKSON STREET,40.6119007,-73.92596
BX,1406 PROSPECT AVENUE,40.8322764,-73.8963252
BX,843 FREEMAN STREET,40.830731,-73.896165
BX,DITMARS STREET,40.8495649,-73.7892456
BK,COLEMAN STREET,40.6112949,-73.9272573
BX,1318 CHISHOLM STREET,40.8312189,-73.8954523
BK,2023 COLEMAN STREET,40.6117422,-73.9270047
BX,CITY ISLAND AVENUE,40.8485584,-73.7866933
BX,KING AVENUE,40.8486249,-73.7841196
BK,HENDRICKSON STREET,40.612266,-73.9263774
BX,TIER STREET,40.8480401,-73.7884625
BX,CROTONA PARK EAST,40.8356041,-73.8945456
BX,1393 STEBBINS AVENUE,40.8329417,-73.8944197
BK,2169 HENDRICKSON STREET,40.6097664,-73.9235889
BX,ROCHELLE STREET,40.8388537,-73.7826225
BX,ROCHELLE STREET,40.8389026,-73.7823766
BX,FORDHAM STREET,40.8472416,-73.7855698
BK,AVENUE M,40.6213841,-73.9305855
BX,3011 SCHLEY AVENUE,40.8255925,-73.8182385
MN,438 WEST 38 STREET,40.7564696,-73.9963941
MN,WEST 35 STREET,40.7542931,-73.9969212
BX,CRUGER AVENUE,40.8593364,-73.8667946
BX,CRUGER AVENUE,40.8673918,-73.8665688
BX,BARTHOLDI STREET,40.8736698,-73.8626583
BK,46 STREET,40.6326108,-73.9831352
BX,HOLLERS AVENUE,40.8869112,-73.819503
BK,DRIGGS AVENUE,40.7101154,-73.9616179
QN,205 STREET,40.7170453,-73.7581433
BX,ADAMS STREET,40.8402752,-73.8699337
BX,ADEE AVENUE,40.8701256,-73.8666176
BX,3072 WHITE PLAINS ROAD,40.8707132,-73.8668261
BX,BARNES AVENUE,40.8734556,-73.8625792
BX,WALLACE AVENUE,40.8734414,-73.8644161
BX,SOUTH OAK DRIVE,40.8724842,-73.8650146
BX,BARTHOLDI STREET,40.8733591,-73.8622033
BX,WALLACE AVENUE,40.8733444,-73.8636678
BX,BARNES AVENUE,40.8735436,-73.8626839
BX,WALLACE AVENUE,40.8734075,-73.8636749
BX,WALLACE AVENUE,40.874357,-73.8634705
BX,BARTHOLDI STREET,40.8742623,-73.864682
BX,BRONX RIVER AVENUE,40.8388212,-73.8705545
BX,BRONX RIVER AVENUE,40.8388734,-73.8705544
BK,53 STREET,40.6227368,-73.9772192
BK,52 STREET,40.6248096,-73.9801941
BK,DE KALB AVENUE,40.6894746,-73.9614026
BK,21 AVENUE,40.6220424,-73.9777201
BX,NELSON AVENUE,40.8377936,-73.9251015
BX,NELSON AVENUE,40.8376981,-73.9259942
BK,349 DEKALB AVENUE,40.690192,-73.9643302
QN,70 ROAD,40.7104618,-73.8531835
BK,1626A WEST 1 STREET,40.6078651,-73.9752147
BK,KINGS HIGHWAY,40.6047422,-73.9785326
QN,7 AVENUE,40.7905699,-73.8487779
QN,116 STREET,40.6993,-73.8338272
BK,WEST 8 STREET,40.5946333,-73.9796701
QN,100 STREET,40.6787407,-73.8390196
BK,59 STREET,40.6373297,-74.0118469
MN,565 WEST 161 STREET,40.8363239,-73.9419292
MN,557 WEST 161 STREET,40.8362277,-73.9417016
MN,156 BOWERY,40.719893,-73.9945995
QN,UTOPIA PARKWAY,40.7852807,-73.7954037
QN,FIRST STREET,40.6549936,-73.8299803
QN,UTOPIA PARKWAY,40.7225725,-73.7899105
BK,1952 TROY AVENUE,40.6243807,-73.9340083
QN,LINDEN BOULEVARD,40.6817527,-73.8091157
QN,135 AVENUE,40.6704767,-73.8225833
BK,CLASSON AVENUE,40.677987,-73.9592678
BK,1764 EAST NEW YORK AVENUE,40.6752966,-73.9032206
BK,HENRY STREET,40.6764571,-74.0026859
BX,ADAMS STREET,40.8403082,-73.8699661
QN,164 PLACE,40.7189809,-73.8031072
QN,141 ROAD,40.6696835,-73.7526843
BX,WHITE PLAINS ROAD,40.8064205,-73.8550127
QN,212 PLACE,40.72237,-73.7503675
BX,QUINCY AVENUE,40.8183551,-73.8203068
BK,66 STREET,40.6287855,-74.0086354
QN,145 AVENUE,40.6630899,-73.7536927
QN,149 ROAD,40.6522136,-73.7286679
QN,101 STREET,40.6645722,-73.8332144
BK,FRONT STREET,40.7025779,-73.9832834
BK,SOUTH 8 STREET,40.7096421,-73.9666499
QN,193 STREET,40.7172866,-73.7687409
BK,KENT AVENUE,40.7189956,-73.9643834
BX,1678 EAST 180 STREET,40.8398655,-73.8716764
BK,RIVER STREET,40.7176868,-73.9665865
BK,NORTH 1ST STREET,40.7176342,-73.966489
BK,METROPOLITAN AVENUE,40.7180656,-73.9657003
BX,918 CLARENCE AVENUE,40.8333896,-73.8178269
BX,BRONX PARK AVENUE,40.8410515,-73.8744895
BX,WHITE PLAINS ROAD,40.8415082,-73.8657064
BX,EAST 149 STREET,40.8054909,-73.9029266
BX,WHITE PLAINS ROAD,40.8420347,-73.865221
BK,HULL STREET,40.679365,-73.9144418
BX,MELVILLE STREET,40.8406086,-73.8686645
MN,THOMPSON STREET,40.7294998,-73.9989212
QN,87 DRIVE,40.716334,-73.7727592
QN,SEASIDE AVENUE,40.5843908,-73.8237373
QN,90 AVENUE,40.701038,-73.8127896
QN,188 STREET,40.7175859,-73.774335
QN,87 ROAD,40.7188534,-73.7671121
QN,PALO ALTO AVENUE,40.7177695,-73.7713655
BK,EAST 16 STREET,40.6502641,-73.9654868
QN,PALO ALTO AVENUE,40.7175139,-73.7712112
QN,PALERMO STREET,40.7199704,-73.7712028
QN,29 STREET,40.7503894,-73.9370956
BX,SEDGWICK AVENUE,40.8599598,-73.913255
QN,CHURCH STREET,40.6576515,-73.8325145
MN,BROADWAY,40.7174529,-74.0044768
BX,VREELAND AVENUE,40.8362098,-73.8371605
BX,1429 EDWARDS AVENUE,40.8388453,-73.8375407
BK,AVENUE U,40.5961589,-73.9769186
BK,LAKE PLACE,40.5948554,-73.9784062
BK,WEST 7 STREET,40.5947099,-73.9784494
MN,2 AVENUE,40.7458774,-73.9735465
MN,EAST 35 STREET,40.7448484,-73.974976
BX,BRONXWOOD AVENUE,40.8769541,-73.8594043
BK,AVENUE V,40.5943533,-73.9796558
BK,VILLAGE ROAD NORTH,40.5959877,-73.9723132
BK,LAMA COURT,40.5960598,-73.9758132
BK,WEST 5 STREET,40.5956481,-73.9757665
BK,AVENUE T,40.5987167,-73.9753441
BK,WEST 4 STREET,40.5985632,-73.9762192
BK,AVENUE T,40.5987114,-73.9762479
QN,METROPOLITAN AVENUE,40.7130553,-73.8987795
MN,127 WAVERLY PLACE,40.7328593,-73.9995778
QN,GROSVENOR LANE,40.7072377,-73.8356396
QN,60 LANE,40.7136128,-73.9022307
QN,64 STREET,40.7145813,-73.8986004
BX,NEWBOLD AVENUE,40.8337297,-73.8522068
BX,WESTCHESTER AVENUE,40.8337037,-73.8533885
BX,IRWIN AVENUE,40.8805917,-73.9096661
BK,WILLOUGHBY AVENUE,40.6928088,-73.9592695
BK,275 FRANKLIN AVENUE,40.6901702,-73.9567794
BK,446A LAFAYETTE AVENUE,40.6889682,-73.9574617
BK,LEXINGTON AVENUE,40.6875127,-73.9554542
MN,6 EAST 37 STREET,40.7498535,-73.9825895
BK,LEXINGTON AVENUE,40.6875237,-73.9553677
QN,PARSONS BOULEVARD,40.7273954,-73.8107168
QN,165 STREET,40.7214919,-73.8028401
BK,124 NEW JERSEY AVENUE,40.6768607,-73.8963793
BK,20 STREET,40.653325,-73.9789711
BK,SEELEY STREET,40.6539946,-73.9784807
MN,RIVERSIDE BOULEVARD,40.7736034,-73.9913001
BX,836A EAST 223 STREET,40.8848698,-73.857214
BX,EAST 221 STREET,40.8840441,-73.8598305
QN,171 STREET,40.7110467,-73.7911516
BK,WEST 7 STREET,40.5936943,-73.9781725
BK,LAKE STREET,40.6032205,-73.9736246
BK,EAST 2 STREET,40.6063764,-73.9709295
BK,EAST 2 STREET,40.6051247,-73.970696
BK,EAST 3 STREET,40.6054184,-73.9707499
BK,DRIGGS AVENUE,40.7100769,-73.9614917
BK,SOUTHGATE COURT,40.5912529,-73.9723548
BK,WEST 7 STREET,40.5934637,-73.9781402
QN,WOODWARD AVENUE,40.7098436,-73.9153224
MN,1150 AVENUE OF THE AMERICAS,40.7563201,-73.9825805
MN,3 WEST 46 STREET,40.7564322,-73.9793969
BK,116R STRYKER STREET,40.590943,-73.973399
BK,MC DONALD AVENUE,40.5936303,-73.9743126
BK,PRESIDENT STREET,40.6679063,-73.9419388
BK,LINCOLN PLACE,40.6721844,-73.9587233
BK,CARROLL STREET,40.6672572,-73.9448123
BK,SHORE PARKWAY,40.5823474,-73.978601
BX,CHATTERTON AVENUE,40.8290581,-73.843834
BX,HALSEY STREET,40.8365332,-73.8447343
BX,BUTLER PLACE,40.8366626,-73.8450701
BK,CREAMER STREET,40.6738604,-74.006983
BX,EAST TREMONT AVENUE,40.8404143,-73.840739
BX,EAST 132 STREET,40.7969354,-73.9129218
BK,ELDERT STREET,40.6858858,-73.9133661
BK,ELDERT STREET,40.6859324,-73.9132831
BX,BRUCKNER BOULEVARD,40.8070189,-73.9051784
BX,EAST 135 STREET,40.8017426,-73.9109109
BX,EAST 141 STREET,40.8062159,-73.9066822
BK,ELDERT STREET,40.6860339,-73.9131856
QN,110-06 ROCKAWAY BEACH BLVD,40.5814037,-73.8324429
BK,946 HANCOCK STREET,40.6861162,-73.9168345
MN,540 WEST 29 STREET,40.7520698,-74.0035082
QN,BEACH 115 STREET,40.5794658,-73.8362169
QN,BEACH 114 STREET,40.5790609,-73.8351955
QN,BEACH 108 STREET,40.5822408,-73.8304823
QN,BEACH 116 STREET,40.5811324,-73.836544
QN,BEACH CHANNEL DRIVE,40.5823673,-73.8382726
QN,BEACH CHANNEL DRIVE,40.5841408,-73.8309167
BK,45 STREET,40.6518714,-74.0133883
QN,WAINWRIGHT COURT,40.5836537,-73.8263709
BK,DRIGGS AVENUE,40.7101346,-73.9616756
QN,47 STREET,40.7706687,-73.8999122
QN,47 STREET,40.7707482,-73.8998146
QN,HAZEN STREET,40.7695671,-73.8988164
QN,48 STREET,40.7720579,-73.897271
QN,48 STREET,40.77211,-73.8972167
QN,19 AVENUE,40.7732629,-73.8912794
BK,10 AVENUE,40.6564652,-73.9801594
BK,527 BUSHWICK AVENUE,40.7002526,-73.9353
BK,TERRACE PLACE,40.6550841,-73.9774749
BK,PROSPECT AVENUE,40.6561437,-73.9780475
BK,BERGEN STREET,40.6874608,-73.9930228
BK,UNION STREET,40.6779876,-73.9838556
BK,DEGRAW STREET,40.6798433,-73.9858057
BK,CARROLL STREET,40.6776093,-73.9870536
BK,HOWARD AVENUE,40.6771231,-73.9190377
BK,FROST STREET,40.7183187,-73.94613
BK,10 AVENUE,40.6570248,-73.9778094
BK,MEEKER AVENUE,40.72045,-73.9432062
BK,FROST STREET,40.7187176,-73.9422337
QN,43 STREET,40.7284468,-73.926213
QN,148 STREET,40.6971808,-73.8040335
QN,101 AVENUE,40.6854601,-73.8430922
QN,DENTON STREET,40.7008295,-73.8013684
QN,SUTPHIN BOULEVARD,40.6965426,-73.804836
BX,THROGS NECK EXPWY,40.8272798,-73.8161056
QN,REMINGTON STREET,40.6964104,-73.8111041
QN,143 STREET,40.7001816,-73.8110393
QN,CLINTON TERRACE,40.7098422,-73.7975434
QN,168 STREET,40.708383,-73.7934756
QN,PARSONS BOULEVARD,40.7039769,-73.8008505
QN,150 STREET,40.7030511,-73.8051776
QN,94 AVENUE,40.699816,-73.8057821
QN,89 AVENUE,40.7088234,-73.792641
QN,MERRICK BOULEVARD,40.7068707,-73.7950068
QN,160 STREET,40.7027121,-73.7980519
QN,WOODBINE STREET,40.7037896,-73.9060105
BK,MARION STREET,40.6812846,-73.9121498
BK,ATLANTIC AVENUE,40.6771614,-73.9187672
BK,1028 HERKIMER STREET,40.677848,-73.9194514
BK,14 HERKIMER STREET,40.6777279,-73.9204141
BK,313 SUMPTER STREET,40.6811503,-73.9123123
BK,JOHNSON AVENUE,40.7066714,-73.9380169
BK,BULTER PLACE,40.6753193,-73.9687472
BK,BUTLER PLACE,40.6753441,-73.9687833
BK,JEFFERSON AVENUE,40.6835529,-73.9508598
BK,HANCOCK STREET,40.6825848,-73.9528832
BK,BEDFORD AVENUE,40.6801968,-73.9527875
MN,WEST 139 STREET,40.8184788,-73.9439391
MN,WEST 139 STREET,40.8184953,-73.9439788
MN,WEST 138 STREET,40.8182373,-73.9441199
MN,7 AVENUE,40.8176683,-73.9424332
BK,WASHINGTON AVENUE,40.6747137,-73.9627631
BK,MYRTLE AVENUE,40.6949765,-73.9505773
BK,MORGAN AVENUE,40.710684,-73.9327325
BK,GARDNER AVENUE,40.7260819,-73.9323814
BK,MEEKER AVENUE,40.7272898,-73.9328167
BK,175 VARICK AVENUE,40.711819,-73.9305491
BX,THROGS NECK EXPWY,40.8293109,-73.8178345
BK,176R SOUTH 9 STREET,40.7080486,-73.9616876
QN,97-12A 85 STREET,40.6828961,-73.8554039
BK,DRIGGS AVENUE,40.7100549,-73.9614268
QN,86-04 97 AVENUE,40.6836303,-73.8542341
BK,WEIRFIELD STREET,40.6960743,-73.9062991
BK,HALSEY STREET,40.6952994,-73.9052327
QN,WOODBINE STREET,40.701861,-73.9071096
BX,CONNER STREET,40.8871665,-73.8341966
QN,ST NICHOLAS AVENUE,40.7002002,-73.9103469
MN,12 AVENUE,40.7593626,-74.0034111
BX,BOLLER AVENUE,40.8837419,-73.8366426
BX,PALMER AVENUE,40.8843334,-73.8376538
BX,BAYCHESTER AVENUE,40.8836994,-73.8396118
BX,BAYCHESTER AVENUE,40.8836198,-73.8395795
BX,PROVOST AVENUE,40.8883305,-73.8287108
BX,CONNER STREET,40.8862089,-73.8287488
BX,BOLLER AVENUE,40.8852642,-73.837901
BX,ROMBOUTS AVENUE,40.8885548,-73.8300593
BX,EAST 233 STREET,40.8888159,-73.8302865
BX,CLEMENTINE STREET,40.8866631,-73.8277965
BX,BOSTON ROAD,40.8836494,-73.8352686
BX,BOSTON ROAD,40.8858549,-73.8287823
BX,REGINA PLACE,40.8876171,-73.8270201
BX,SETON AVENUE,40.8871491,-73.8354589
QN,DITMARS BOULEVARD,40.7670411,-73.865741
QN,ERICSSON STREET,40.7639859,-73.8654981
BX,HARPER COURT,40.8850812,-73.8346394
QN,25 AVENUE,40.7666491,-73.8661894
QN,95 STREET,40.7692254,-73.8750798
QN,102 STREET,40.7677575,-73.8681692
QN,97 STREET,40.7659427,-73.8725698
QN,DITMARS BOULEVARD,40.7673948,-73.8654912
QN,DITMARS BOULEVARD,40.7668653,-73.8656908
QN,99 STREET,40.7681726,-73.8711792
QN,23 AVENUE,40.7688623,-73.8718674
QN,58 STREET,40.7554055,-73.9035915
QN,58 STREET,40.7566514,-73.9032757
QN,50 STREET,40.7621346,-73.9055997
QN,50 STREET,40.7619809,-73.9055999
QN,61 STREET,40.7549067,-73.9011342
QN,61 STREET,40.7552471,-73.9011951
QN,BKLYN QUEENS EXPWY,40.7537895,-73.8978911
BX,1981 WEBSTER AVENUE,40.8498598,-73.9002666
BX,VINCENT AVENUE,40.8315639,-73.8193099
BX,ALDEN PLACE,40.849845,-73.8990304
BX,MAYFLOWER AVENUE,40.8536637,-73.8335066
BX,EAST 179 STREET,40.8505114,-73.8984149
BX,EAST 196 STREET,40.8536584,-73.8317245
BX,EAST 195 STREET,40.8529449,-73.8318239
BX,2847 EAST 195 STREET,40.8534656,-73.8331131
BK,CANDA AVENUE,40.5847627,-73.9397538
BX,WILKINSON AVENUE,40.8514441,-73.8302734
BX,CONTINENTAL AVENUE,40.8550765,-73.8311244
BK,EAST 11 STREET,40.5870165,-73.9590784
BK,EAST 102 STREET,40.6499568,-73.8999852
BK,FLATBUSH AVENUE,40.645595,-73.956729
BK,2166 TILDEN AVENUE,40.6464267,-73.9568042
BK,DE WITT AVENUE,40.6565841,-73.8953656
BK,AVENUE D,40.6502862,-73.9065436
BK,AVENUE D,40.650396,-73.9065866
BK,LINDEN BOULEVARD,40.6570956,-73.8995636
BX,896 EAST 167 STREET,40.8257926,-73.8954609
BK,JUNIUS STREET,40.6577904,-73.9000059
BK,201 HEGEMAN AVENUE,40.6570645,-73.9049446
QN,76 ROAD,40.7138976,-73.8383683
QN,UNDERWOOD ROAD,40.7129631,-73.8374435
QN,SHORTHILL ROAD,40.7124969,-73.839728
QN,SUMMER STREET,40.7139354,-73.8418636
QN,IVY CLOSE,40.7148526,-73.8422149
QN,GREENWAY SOUTH,40.7136316,-73.84251
QN,MARKWOOD PLACE,40.7122967,-73.8378708
QN,UPSHAW ROAD,40.7123793,-73.8360706
QN,UPSHAW ROAD,40.7125655,-73.8357528
QN,DEEPDENE PLACE,40.7125665,-73.8365066
QN,JUNO STREET,40.7117277,-73.8411763
QN,GREENWAY SOUTH,40.7124077,-73.8406805
QN,GREENWAY SOUTH,40.7115174,-73.839972
QN,BURNS STREET,40.7158809,-73.8394673
QN,SHORTHILL ROAD,40.7132551,-73.8401482
MN,128 EAST 125 STREET,40.8042855,-73.9379513
MN,182 EAST 124 STREET,40.8030058,-73.936858
QN,GOODWOOD ROAD,40.7139685,-73.8399986
QN,INGRAM STREET,40.7131606,-73.8432831
QN,GREENWAY NORTH,40.7120913,-73.8382068
QN,76 ROAD,40.7142395,-73.8374837
QN,27 STREET,40.7434223,-73.9406857
QN,11 STREET,40.7402269,-73.9512979
QN,51 AVENUE,40.7414554,-73.9485111
QN,MIDTOWN TUN PLAZA,40.7410929,-73.9481794
QN,NEWTOWN CREEK,40.7391175,-73.9500357
QN,JACKSON AVENUE,40.7426991,-73.9492355
QN,50 AVENUE,40.7419152,-73.9518272
QN,47 ROAD,40.7440802,-73.9505445
QN,PRINCE STREET,40.7655944,-73.8340119
QN,DOWNING STREET,40.7689653,-73.8342671
QN,132 STREET,40.7853719,-73.8370537
MN,305 WEST 128 STREET,40.8126243,-73.9500528
MN,230 WEST 122 STREET,40.8074428,-73.9512849
MN,WEST 138 STREET,40.8178752,-73.9444309
MN,WEST 134 STREET,40.81554,-73.9457732
MN,WEST 138 STREET,40.817474,-73.9434738
MN,793 ST NICHOLAS AVENUE,40.8271764,-73.9430898
BX,1850 LAFAYETTE AVENUE,40.8216267,-73.8597922
BX,463 EAST 135 STREET,40.8064606,-73.9219941
BX,945 WHITE PLAINS ROAD,40.8247966,-73.8595434
BX,295 EAST 150 STREET,40.8180127,-73.9213808
BX,1989 ELLIS AVENUE,40.831824,-73.8581084
BX,CLARENCE AVENUE,40.8310975,-73.8159903
BX,1923 MULINER AVENUE,40.8497272,-73.8621981
BX,1104 RHINELANDER AVENUE,40.8514027,-73.8542098
BX,1112 NEILL AVENUE,40.8534299,-73.855485
BX,1033 SACKET AVENUE,40.8443786,-73.8518
BX,1632 TOMLINSON AVENUE,40.8476592,-73.8501807
BX,1863 LURTING AVENUE,40.8506383,-73.8553248
BX,3149 KINGSBRIDGE TERRACE,40.8783928,-73.899345
BX,SEDGWICK AVENUE,40.8791983,-73.8976442
BX,1648 WILLIAMSBRIDGE ROAD,40.8482511,-73.8493914
BX,3119 HENRY HUDSON PKWY W,40.8842466,-73.915574
BX,3117 HENRY HUDSON PKWY W,40.8842027,-73.9155994
MN,1140 2 AVENUE,40.761237,-73.9635305
BX,WEST 246 STREET,40.8925509,-73.9141203
BX,WEST 246 STREET,40.8907972,-73.9142998
MN,1146 2 AVENUE,40.7613852,-73.9634221
BK,COZINE AVENUE,40.6632541,-73.8595375
BX,EXTERIOR STREET,40.8133057,-73.9319144
BK,LINCOLN AVENUE,40.6651435,-73.8648863
BK,CRESCENT STREET,40.6626181,-73.8671226
BX,DARE PLACE,40.8111179,-73.8038606
BK,AMBER STREET,40.6706365,-73.85861
QN,49 LANE,40.7245894,-73.9165953
BK,RUBY STREET,40.6708522,-73.860001
BK,AMBER STREET,40.670957,-73.8581082
BK,EMERALD STREET,40.6707165,-73.8590099
BX,HOLLYWOOD AVENUE,40.8173225,-73.8147133
QN,56 ROAD,40.7260662,-73.9206703
BK,STILLWELL AVENUE,40.583951,-73.9824887
BX,WATERS PLACE,40.8463001,-73.8436128
BX,EGER PLACE,40.8115898,-73.8037364
BX,SEMINOLE AVENUE,40.8525527,-73.8478381
BX,RHINELANDER AVENUE,40.8556574,-73.8420544
BX,MORRIS PARK AVENUE,40.8508787,-73.8439382
BX,EASTCHESTER ROAD,40.8510876,-73.8441798
BX,DARE PLACE,40.8111617,-73.8037557
QN,VERNON BOULEVARD,40.7700048,-73.9349073
MN,WEST 33 STREET,40.7483967,-73.9873213
BX,HOLLYWOOD AVENUE,40.8173469,-73.8145362
BX,CHAFFEE AVENUE,40.8147029,-73.8073363
BK,2552 WEST 15 STREET,40.5855076,-73.9844468
BX,FIELDSTON ROAD,40.8909684,-73.9050623
BX,HENRY HUDSON PARKWAY,40.8984163,-73.9070556
BX,HENRY HUDSON PARKWAY,40.8950436,-73.9076897
BX,GROSVENOR AVENUE,40.8954652,-73.906282
QN,143 STREET,40.7862823,-73.8270414
BX,MANH COLLEGE PARKWAY,40.8916498,-73.9027176
BX,LIVINGSTON AVENUE,40.8920157,-73.9037189
BX,HENRY HUDSON PARKWAY,40.8958917,-73.9076668
BX,WEST 252 STREET,40.8985025,-73.9017164
BX,WEST 250 STREET,40.8974175,-73.9039643
BX,WEST 253 STREET,40.8989724,-73.9024464
BX,WEST 253 STREET,40.8998501,-73.9049736
BX,EAST 134 STREET,40.8066883,-73.9259528
BX,EXTERIOR STREET,40.8122736,-73.9320705
BK,GATEWAY DRIVE,40.6547573,-73.8721478
BX,HUNTS POINT AVENUE,40.8206645,-73.8914657
BK,FOUNTAIN AVENUE,40.657548,-73.8667218
QN,142 STREET,40.6891604,-73.8071762
QN,139 STREET,40.6877659,-73.8071009
QN,109 AVENUE,40.6878363,-73.8064985
BK,FOUNTAIN AVENUE,40.6577184,-73.8669017
BK,SEAVIEW AVENUE,40.6543106,-73.8655822
QN,BORDEN AVENUE,40.737588,-73.9324563
BK,2520 WEST 16 STREET,40.5861637,-73.9855124
BK,EAST 28 STREET,40.5906897,-73.9417287
MN,1 AVENUE,40.800397,-73.929727
QN,57 AVENUE,40.7284242,-73.9295215
QN,147 STREET,40.7898538,-73.8202573
MN,3 AVENUE,40.8031451,-73.9355287
BK,EAST 26 STREET,40.5898672,-73.9434649
BK,EAST 22 STREET,40.5857134,-73.9473243
QN,14 ROAD,40.7884494,-73.812273
QN,NEWTOWN CREEK,40.7363141,-73.9420452
BK,EAST 26 STREET,40.5857771,-73.9428707
QN,151-45 6TH ROAD,40.7968172,-73.8100101
QN,147 STREET,40.7933533,-73.8202912
QN,6 AVENUE,40.7974212,-73.8152057
QN,150-50 3 AVENUE,40.7975337,-73.8168632
QN,POWELLS COVE BLVD,40.8002305,-73.8195611
QN,POWELLS COVE BLVD,40.8003569,-73.8196149
QN,WATERSIDE COURT,40.7987407,-73.8181962
QN,3 AVENUE,40.7986787,-73.8171381
QN,11 AVENUE,40.791894,-73.81564
BX,EAST 167 STREET,40.8257537,-73.8980263
BX,REV JAMES POLITE AVE,40.8266292,-73.8978805
BX,UNION AVENUE,40.8255061,-73.9004295
BX,REV JAMES POLITE AVE,40.8248923,-73.8984901
BX,REV JAMES POLITE AVE,40.8248237,-73.8985011
QN,9 AVENUE,40.7911222,-73.8258732
BK,LINCOLN AVENUE,40.6650885,-73.864872
BK,LORING AVENUE,40.6687575,-73.8573415
BX,CASTLE HILL AVENUE,40.8399094,-73.853252
BK,PINE STREET,40.6659105,-73.8683164
BK,WORTMAN AVENUE,40.6649669,-73.8572991
BK,WORTMAN AVENUE,40.6650365,-73.8580883
BK,COZINE AVENUE,40.6636477,-73.8581454
BX,THROGS NECK BLVD,40.8320104,-73.8222574
BX,691 EAST 183 STREET,40.8522864,-73.8858294
BK,ELDERT LANE,40.6621723,-73.861479
BK,LINDEN BOULEVARD,40.6691032,-73.8572866
BK,DREW STREET,40.6721217,-73.8611086
BK,PINE STREET,40.665776,-73.8682842
BK,CRESCENT STREET,40.6656355,-73.8678663
BK,LINDEN BOULEVARD,40.6691609,-73.8573009
BK,AMBER STREET,40.6656611,-73.8571426
BK,LINDEN BOULEVARD,40.669515,-73.8573579
QN,56 ROAD,40.7260132,-73.9194726
QN,PAGE PLACE,40.7194337,-73.9189502
QN,RUST STREET,40.7210045,-73.9126494
QN,RUST STREET,40.7208205,-73.9125198
QN,3 49 LANE,40.7244664,-73.9174036
QN,56 ROAD,40.7260022,-73.9193716
QN,56 ROAD,40.7264574,-73.9227732
QN,56 ROAD,40.7256719,-73.9219985
QN,56 DRIVE,40.7261912,-73.9270056
QN,RUST STREET,40.7207272,-73.9124478
QN,57 STREET,40.7200655,-73.9122647
QN,56 DRIVE,40.7280578,-73.9273968
BK,RUBY STREET,40.6735958,-73.861257
QN,56 ROAD,40.7257487,-73.918037
QN,44-02 57 AVENUE,40.7277754,-73.9278481
QN,56 ROAD,40.7256964,-73.917853
QN,MASPETH AVENUE,40.7218446,-73.9165374
BK,SAPPHIRE STREET,40.6708357,-73.8576759
BK,BLAKE AVENUE,40.6729014,-73.8612945
BK,RUBY STREET,40.6731812,-73.8611677
BK,FORBELL STREET,40.6721779,-73.8622188
BK,CONDUIT BOULEVARD,40.6738649,-73.861379
BK,DREW STREET,40.6729189,-73.862156
BK,AMBER STREET,40.6709221,-73.8587824
BK,DREW STREET,40.6720885,-73.8608852
BK,DREW STREET,40.6721493,-73.8612636
BK,426 RUBY STREET,40.6722009,-73.8607624
BX,REYNOLDS AVENUE,40.8200074,-73.8083687
BK,DUMONT AVENUE,40.6710908,-73.8598347
BK,LINDEN BOULEVARD,40.6704708,-73.8578461
BX,EAST 177 STREET,40.8163208,-73.8000266
QN,POWELLS COVE BLVD,40.7938657,-73.8421902
QN,5 AVENUE,40.7921841,-73.8468999
QN,POWELLS COVE BLVD,40.7938076,-73.8418581
QN,125 STREET,40.7935993,-73.8420464
QN,125 STREET,40.7919647,-73.8429387
QN,POWELLS COVE BLVD,40.7938464,-73.8420747
BX,SCHUYLER TERRACE,40.8101081,-73.8024222
BX,FERN PLACE,40.8118512,-73.8041041
QN,5 AVENUE,40.7932492,-73.847013
BX,TIERNEY PLACE,40.8095295,-73.8027238
BX,CASLER PLACE,40.8104864,-73.8037469
BX,LONGSTREET AVENUE,40.81515,-73.8039354
BX,MULLEN PLACE,40.8160066,-73.8073253
BX,PENNYFIELD AVENUE,40.8149069,-73.807892
BX,CHAFFEE AVENUE,40.8149244,-73.8068226
BX,HATTING PLACE,40.814721,-73.8066462
BX,GLENNON PLACE,40.8142099,-73.8063442
BX,PENNYFIELD AVENUE,40.810234,-73.803809
BX,GLENNON PLACE,40.8142062,-73.8057554
BX,204 PENNYFIELD AVENUE,40.8131945,-73.8064194
BX,CASLER PLACE,40.8109413,-73.803294
BX,PENNYFIELD AVENUE,40.8106793,-73.804187
BX,PENNYFIELD AVENUE,40.8113065,-73.8050088
BX,2037 EDENWALD AVENUE,40.8934468,-73.8423119
BX,2117 EDENWALD AVENUE,40.8940168,-73.8397135
BX,PARK DRIVE,40.8868823,-73.8067401
BX,THROGS NECK BLVD,40.8169642,-73.8120878
BX,SCHLEY AVENUE,40.8260967,-73.8160294
BX,HOLLYWOOD AVENUE,40.813555,-73.8136472
BX,HOLLYWOOD AVENUE,40.8141453,-73.8137395
BX,HOLLYWOOD AVENUE,40.8138432,-73.8136464
BX,HOLLYWOOD AVENUE,40.8137746,-73.8136358
BX,THROGS NECK BLVD,40.8134586,-73.813438
BX,CHAFFEE AVENUE,40.8150356,-73.8076713
BX,GLENNON PLACE,40.8154485,-73.8018861
BX,PENNYFIELD AVENUE,40.8210184,-73.8122389
BX,MEAGHER AVENUE,40.8209994,-73.8123799
BX,SAMPSON AVENUE,40.8219729,-73.8135514
BX,REYNOLDS AVENUE,40.8198151,-73.8082681
BX,THROGS NECK EXPWY,40.8250121,-73.8140487
BX,SAMPSON AVENUE,40.8217579,-73.8129992
BX,SAMPSON AVENUE,40.8214574,-73.8104637
QN,132 STREET,40.7855282,-73.836963
BX,ELLSWORTH AVENUE,40.8248888,-73.8141791
BX,WISSMAN AVENUE,40.8211242,-73.8081776
MN,WEST 201ST STREET,40.8595275,-73.9189458
QN,13 AVENUE,40.7882027,-73.8282715
MN,WEST 201ST STREET,40.8597117,-73.9193866
QN,11 AVENUE,40.7879559,-73.8303052
MN,AMSTERDAM AVENUE,40.8461337,-73.9321582
QN,11 AVENUE,40.7886409,-73.8370565
QN,130 STREET,40.7911785,-73.838141
QN,132 STREET,40.785649,-73.8369627
QN,129 STREET,40.7912365,-73.8384008
QN,MALBA DRIVE,40.7918267,-73.8270667
QN,5-23 47 AVENUE,40.7459703,-73.9544913
QN,POWELLS COVE BLVD,40.7925454,-73.8381485
QN,WHITESTONE EXPWY,40.785006,-73.825232
QN,100 MALBA DRIVE,40.7945159,-73.8266805
QN,WOODHAVEN BOULEVARD,40.7298848,-73.8724764
QN,ELIOT AVENUE,40.7299038,-73.8698857
QN,31-32 105 STREET,40.7600926,-73.8644158
QN,35 AVENUE,40.7546498,-73.8644449
BX,906 EAST 173 STREET,40.8358217,-73.8894751
BX,2259 BASSFORD AVENUE,40.8546812,-73.8929682
BX,2244 BATHGATE AVENUE,40.8534484,-73.8925364
BK,448 PARK PLACE,40.6752325,-73.9629286
BK,FLATLANDS AVENUE,40.6261311,-73.9281561
BX,BRUCKNER BOULEVARD,40.8322311,-73.8303152
BK,MILFORD STREET,40.6689597,-73.8754947
QN,6 AVENUE,40.7918003,-73.8431774
QN,13 AVENUE,40.7869407,-73.8421524
QN,OAK AVENUE,40.7495349,-73.8125775
QN,18 3 STREET,40.6356631,-73.7408376
BK,EAST 74 STREET,40.6223664,-73.9067628
QN,BEACH 67 STREET,40.5962423,-73.7968328
BK,FORT GREENE PLACE,40.6888997,-73.9772002
QN,130 BEACH 139 STREET,40.5708966,-73.8546313
MN,4261 BROADWAY,40.8505987,-73.9359779
QN,36-31 31 STREET,40.7555427,-73.9301461
BX,3207 EAST TREMONT AVENUE,40.8364898,-73.8333002
QN,39-20 150 PLACE,40.7644936,-73.8141058
QN,MURRAY STREET,40.7648241,-73.8131266
QN,MURRAY STREET,40.7646348,-73.8131668
BK,1470 42 STREET,40.6364015,-73.9842909
BK,1466 42 STREET,40.6364345,-73.9843485
BX,3203 EAST TREMONT AVENUE,40.836553,-73.8333398
BK,48 STREET,40.6334019,-73.9874621
QN,CYPRESS AVENUE,40.691595,-73.8908428
BX,DUNCAN STREET,40.8728663,-73.8609207
QN,59 STREET,40.6930167,-73.8937073
QN,70 AVENUE,40.7066661,-73.8794603
BK,81 STREET,40.6125091,-74.0031623
BX,2833 WATERBURY AVENUE,40.8371945,-73.8328286
BX,WATERBURY AVENUE,40.8373203,-73.83066
BK,EMMONS AVENUE,40.5841579,-73.9379938
QN,27-28 21 STREET,40.7716358,-73.9268294
QN,132-03 41 AVENUE,40.7557342,-73.8332677
QN,116-40 127 STREET,40.6760749,-73.8114573
QN,142-69 123 AVENUE,40.6747373,-73.7964278
BX,LA SALLE AVENUE,40.838972,-73.8320977
QN,40 STREET,40.7364394,-73.9259984
QN,40 STREET,40.7363238,-73.9254537
QN,114-46 SUTPHIN BOULEVARD,40.6850247,-73.7933352
BX,LA SALLE AVENUE,40.8384162,-73.8330749
QN,84-17 QUEENS BOULEVARD,40.7374066,-73.8786108
QN,157 STREET,40.6952308,-73.7954565
QN,54 STREET,40.7496212,-73.9088945
QN,102-15 218 PLACE,40.713073,-73.736612
BX,1312 EDISON AVENUE,40.83833,-73.8303683
QN,AMELIA ROAD,40.6831555,-73.7729552
BX,2917 BRUCKNER BOULEVARD,40.8337179,-73.8278938
QN,216-08 MERRICK BOULEVARD,40.6797289,-73.7524523
QN,110 ROAD,40.7079006,-73.7408814
QN,60 PLACE,40.7053656,-73.9000463
QN,97 STREET,40.7594584,-73.8714884
QN,32-54 106 STREET,40.7582246,-73.8631634
QN,102 STREET,40.7609634,-73.8674715
BX,1119 EDISON AVENUE,40.8340522,-73.8275388
BX,4040 SETON AVENUE,40.8925426,-73.8375071
QN,8-11 26TH AVENUE,40.7757992,-73.9306737
BX,CROSBY AVENUE,40.8365802,-73.8275756
QN,PALMETTO STREET,40.7035816,-73.9067538
QN,71-57 AUSTIN STREET,40.7196871,-73.8428565
QN,55 STREET,40.7145086,-73.9103132
BX,195 EAST 206 STREET,40.8760317,-73.8839698
BX,3039 WATERBURY AVENUE,40.8389486,-73.8273743
QN,SUTTER AVENUE,40.6715168,-73.7913655
QN,147 STREET,40.6726831,-73.7912321
MN,539 WEST 54 STREET,40.7681235,-73.9915992
BX,WASHINGTON AVENUE,40.8306694,-73.9076561
QN,146 STREET,40.6675118,-73.7927154
QN,135 AVENUE,40.6674983,-73.797434
QN,42-50 CRESCENT STREET,40.7495329,-73.9420626
QN,96 STREET,40.6734339,-73.8401463
QN,ALBERT ROAD,40.669803,-73.8385148
QN,LABURNUM AVENUE,40.7491352,-73.818346
QN,114-42I 114 STREET,40.6764263,-73.8254264
MN,EAST 121 STREET,40.801692,-73.9384594
BX,ROWLAND STREET,40.8382777,-73.8459735
QN,149-37 20 AVENUE,40.7816093,-73.8154987
BX,2467 WESTCHESTER AVENUE,40.8383291,-73.8453662
BX,1648 COLDEN AVENUE,40.8462595,-73.8545175
BK,WARREN STREET,40.6880566,-73.998042
QN,171 STREET,40.7695189,-73.7945352
QN,30-41 154 STREET,40.770344,-73.8099088
QN,141-57 NORTHERN BOULEVARD,40.7649565,-73.8239778
QN,139-45 35 AVENUE,40.7658765,-73.8261702
BX,2454 ST RAYMOND AVENUE,40.8399415,-73.8483585
QN,37 AVENUE,40.7639195,-73.8208038
BX,ZEREGA AVENUE,40.8388473,-73.8491344
QN,160 STREET,40.7562417,-73.8067257
QN,NEGUNDO AVENUE,40.7505745,-73.8121776
QN,69 AVENUE,40.7332077,-73.8018889
QN,55 DRIVE,40.7257681,-73.9073721
QN,57 ROAD,40.7224814,-73.9093573
BX,BARRETTO STREET,40.8075138,-73.8878171
QN,BEACH CHANNEL DRIVE,40.5991422,-73.7644508
QN,BEACH 36 STREET,40.5976123,-73.7693643
QN,BEACH 31 STREET,40.5960729,-73.7641844
QN,BEACH 38 STREET,40.5974612,-73.7706611
QN,ROCKAWAY BEACH BLVD,40.5941692,-73.771551
QN,BEACH 37 STREET,40.5975664,-73.7697606
QN,ROCKAWAY BEACH BLVD,40.5949006,-73.7694349
QN,BEACH 35TH STREET,40.5934771,-73.7685972
QN,ROCKAWAY BEACH BLVD,40.5948678,-73.7695034
QN,ROCKAWAY BEACH BLVD,40.5952923,-73.7690338
QN,ROCKAWAY BEACH BLVD,40.595226,-73.7688576
QN,BEACH 41 STREET,40.5937072,-73.772514
BX,PLIMPTON AVENUE,40.8415477,-73.9240094
BX,NELSON AVENUE,40.8411492,-73.923334
BX,PARK DRIVE,40.8881735,-73.8124905
QN,188-20 GAR WOODHULL AVENUE,40.7102903,-73.7701647
QN,202 STREET,40.7123718,-73.7585534
QN,JAMAICA AVENUE,40.7130594,-73.7605313
BX,BOSTON ROAD,40.8389571,-73.8847753
QN,SYBILLA STREET,40.7085713,-73.8515573
QN,SYBILLA STREET,40.7085631,-73.8515718
QN,SYBILLA STREET,40.7087968,-73.851885
QN,70 DRIVE,40.7084626,-73.8523655
BK,VANDERBILT AVENUE,40.6798232,-73.9675914
BX,EAST 149 STREET,40.8052466,-73.8996652
BX,DRAKE STREET,40.8062518,-73.8802011
BX,DRAKE STREET,40.8063534,-73.8802298
BX,LONGFELLOW AVENUE,40.8075365,-73.8830163
BX,EAST BAY AVENUE,40.808406,-73.8852255
BX,WORTHEN STREET,40.8145517,-73.894084
BX,LONGWOOD AVENUE,40.8135482,-73.8922287
BX,BARRETTO STREET,40.8080266,-73.8873683
BX,SOUTHERN BOULEVARD,40.8326906,-73.8901596
BX,VAN NEST AVENUE,40.8383224,-73.8737285
QN,55 STREET,40.7133953,-73.9081072
BX,4016 GRACE AVENUE,40.8903343,-73.8443049
QN,236 STREET,40.7722969,-73.7502417
QN,8 HILLCREST AVENUE,40.7714615,-73.7485335
QN,39 AVENUE,40.7714547,-73.7466706
BX,VAN NEST AVENUE,40.8385228,-73.8737571
BX,139 BRUCKNER BOULEVARD,40.8040659,-73.9201728
BX,137 BRUCKNER BOULEVARD,40.8041017,-73.9202522
BX,BROWN PLACE,40.8039414,-73.9226292
BX,1206 EAST 178 STREET,40.8383474,-73.8739417
QN,MANOR ROAD,40.7765858,-73.7484564
QN,VAN NOSTRAND PLACE,40.7717712,-73.7533847
QN,32 AVENUE,40.7779521,-73.7469492
QN,30 AVENUE,40.7786423,-73.7487736
BX,EAST 177 STREET,40.8376008,-73.8764873
BX,NEWMAN AVENUE,40.812325,-73.8555056
BX,BRONX RIVER AVENUE,40.8047491,-73.8508227
BX,1374 EAST 172 STREET,40.831136,-73.8833723
BX,SURF DRIVE,40.8049616,-73.8517072
QN,171 STREET,40.7026779,-73.7866588
BX,GILDERSLEEVE AVENUE,40.8092791,-73.8538903
BX,NEWMAN AVENUE,40.8119187,-73.8554342
QN,105-32 171 PLACE,40.7011167,-73.7854844
QN,171-38 LIBERTY AVENUE,40.7038901,-73.7861211
BK,PARK AVENUE,40.696656,-73.9750879
BK,CLINTON AVENUE,40.6970528,-73.9701002
BK,83 STREET,40.6235541,-74.0256305
BK,641 OVINGTON AVENUE,40.6311203,-74.0174408
QN,32 AVENUE,40.7773297,-73.7522881
BX,4010 SETON AVENUE,40.8917572,-73.8372161
BX,4010 GUNTHER AVENUE,40.8911467,-73.8484261
BK,BAY RIDGE PARKWAY,40.6268135,-74.0189095
BK,641 OVEINGTON AVENUE,40.6314497,-74.0172319
QN,LITTLE NECK PARKWAY,40.7730591,-73.7399238
QN,LITTLE NECK PARKWAY,40.7734221,-73.7402618
QN,246 STREET,40.7705002,-73.7432697
QN,246 STREET,40.7706129,-73.743309
QN,246 STREET,40.7705687,-73.7431864
QN,243 STREET,40.7705728,-73.7438038
QN,243 STREET,40.7702349,-73.7436932
QN,DOUGLASTON PARKWAY,40.7688108,-73.7476193
QN,40 AVENUE,40.7727041,-73.7432143
QN,44 AVENUE,40.7712065,-73.7363641
QN,NORTHERN BOULEVARD,40.7703687,-73.736093
QN,247 STREET,40.7684269,-73.7415593
QN,248 STREET,40.7691611,-73.7409427
QN,247 STREET,40.7683527,-73.7415199
QN,43 AVENUE,40.7690938,-73.7427697
QN,STUART LANE,40.771494,-73.7445837
BK,QUAY STREET,40.7262843,-73.9603495
BX,2003 BASSETT AVENUE,40.860019,-73.8269292
BX,BOLLER AVENUE,40.8617931,-73.8257388
BX,HUNTER AVENUE,40.8622455,-73.825452
BK,FRANKLIN AVENUE,40.6738771,-73.956498
BK,STERLING PLACE,40.6730663,-73.953665
BK,ST JOHNS PLACE,40.6727518,-73.9567114
QN,76 STREET,40.6929717,-73.8663661
BK,STUART STREET,40.6082586,-73.9405969
BK,JEROME STREET,40.6629096,-73.8827509
BK,841 HENDRIX STREET,40.6607566,-73.8843911
BK,BARBEY STREET,40.662169,-73.8832893
QN,BURNS STREET,40.7219363,-73.8521372
QN,BURNS STREET,40.7219694,-73.8522274
QN,BURNS STREET,40.7238449,-73.8572488
QN,DARTMOUTH STREET,40.7210831,-73.8546103
QN,CLYDE STREET,40.721989,-73.8546949
QN,43 AVENUE,40.7450863,-73.8709965
MN,F D R DRIVE,40.7632892,-73.9535336
MN,F D R DRIVE,40.7617747,-73.9550364
MN,F D R DRIVE,40.7619805,-73.9548088
MN,F D R DRIVE,40.7613852,-73.9554915
QN,114-20 172 STREET,40.6914111,-73.7782171
MN,F D R DRIVE,40.7621972,-73.954556
BX,EAST 188 STREET,40.8547993,-73.8845852
MN,FDR DRIVE,40.7634979,-73.9537393
MN,F D R DRIVE,40.7624332,-73.954314
MN,F D R DRIVE,40.7628612,-73.9539094
MN,FDR DRIVE,40.7654184,-73.9516044
MN,FDR DRIVE,40.7655969,-73.9518823
MN,FDR DRIVE,40.765369,-73.9516514
MN,FDR DRIVE,40.7652647,-73.9517453
MN,FDR DRIVE,40.7653086,-73.951702
BX,UNIVERSITY AVENUE,40.8415386,-73.9269188
BX,UNDERCLIFF AVENUE,40.8433383,-73.9257566
BK,COFFEY STREET,40.6757317,-74.0138257
BK,SULLIVAN STREET,40.6772911,-74.0110176
BK,121 WOLCOTT STREET,40.6776915,-74.013891
BK,68 FERRIS STREET,40.6797687,-74.0177852
BK,5 CARROLL STREET,40.6838789,-74.0058735
BK,42 UNION STREET,40.6849219,-74.005751
BX,LIVINGSTON AVENUE,40.8944859,-73.9036683
QN,101-10 104 STREET,40.6858445,-73.8391827
QN,BURNS STREET,40.7239522,-73.8574506
BX,TAYLOR AVENUE,40.8137835,-73.8607733
QN,58 AVENUE,40.7310023,-73.8753535
QN,55 ROAD,40.7337631,-73.8775313
BX,ANDERSON AVENUE,40.8330405,-73.9261873
QN,SPRINGFIELD BLVD,40.6583022,-73.7611279
QN,155 STREET,40.6774159,-73.7871542
BX,WHITE PLAINS ROAD,40.8088642,-73.8557371
BX,BRONX RIVER AVENUE,40.8072725,-73.858121
BX,UNDERHILL AVENUE,40.8073479,-73.8569505
BX,340 WILLIAM AVENUE,40.8476765,-73.7892407
QN,GUY R BREWER BLVD,40.6718081,-73.7741294
BX,THIERIOT AVENUE,40.8106862,-73.859761
BX,WHITE PLAINS ROAD,40.8082547,-73.8555975
BX,BOLTON AVENUE,40.8076589,-73.8554579
BX,HARDING PARK,40.8105304,-73.8580527
BX,407 EAST 152 STREET,40.8183138,-73.9162863
QN,137 AVENUE,40.671846,-73.7738373
QN,GUY R BREWER BLVD,40.6715165,-73.773806
QN,GUY R BREWER BLVD,40.6710382,-73.7734218
QN,140 AVENUE,40.6710891,-73.7713993
QN,140 AVENUE,40.6709273,-73.7659998
BK,94 STREET,40.6173384,-74.0318524
BK,7 STREET,40.6710081,-73.9871125
BX,EAST 152 STREET,40.8193465,-73.9211083
QN,172 STREET,40.6705689,-73.7679621
QN,141 AVENUE,40.6698004,-73.7612453
QN,184 STREET,40.6692649,-73.7598233
QN,183 STREET,40.6684099,-73.7604609
BK,REWE STREET,40.7165841,-73.9308399
BK,HERKIMER STREET,40.6768789,-73.9015708
QN,144 AVENUE,40.6681377,-73.762895
QN,181 STREET,40.6687372,-73.7634336
QN,181 STREET,40.6708688,-73.7629106
QN,141 AVENUE,40.6707097,-73.7602868
QN,180 STREET,40.6708531,-73.7632747
QN,141 AVENUE,40.6711458,-73.7575599
QN,BEDELL STREET,40.6735527,-73.7626811
BK,BARTLETT PLACE,40.5899914,-73.9254586
QN,NORTH CONDUIT AVENUE,40.6669591,-73.758433
QN,184 STREET,40.6690976,-73.7598888
QN,MERRICK BOULEVARD,40.7035684,-73.7918495
QN,140 AVENUE,40.6709578,-73.7675173
QN,180 STREET,40.6708056,-73.7642302
QN,143 ROAD,40.6691822,-73.7690195
QN,170 STREET,40.669967,-73.7702604
QN,170 STREET,40.6693245,-73.7701906
QN,NORTH CONDUIT AVENUE,40.6667366,-73.7583365
QN,NORTH CONDUIT AVENUE,40.6667423,-73.7584518
BX,CROSBY AVENUE,40.8416609,-73.8295936
QN,130 AVENUE,40.6804914,-73.734956
BX,3 AVENUE,40.8314806,-73.9060939
QN,224 STREET,40.6773261,-73.7456546
QN,126 STREET,40.7844975,-73.8418838
QN,223 STREET,40.6801926,-73.744836
QN,225 STREET,40.6763043,-73.7453052
QN,133 AVENUE,40.678996,-73.7436761
QN,225 STREET,40.679184,-73.7442811
BK,15 STREET,40.6621473,-73.9826628
QN,103 STREET,40.6869711,-73.8401175
BK,2 AVENUE,40.6746097,-73.9931576
BK,FULTON STREET,40.7013932,-73.9925309
BX,BARTOW AVENUE,40.8671573,-73.8358084
BX,HOBART AVENUE,40.837442,-73.827577
QN,BROOKVILLE BOULEVARD,40.6568848,-73.7452604
BK,3101 AVENUE Z,40.5902583,-73.9356046
BK,COYLE STREET,40.5894511,-73.9351553
BK,DIAMOND STREET,40.728072,-73.9485467
BX,EAST 212 STREET,40.8761432,-73.8561878
BK,371 BALTIC STREET,40.6843864,-73.9900521
BX,EAST 211 STREET,40.8756449,-73.8594794
BX,EAST 212 STREET,40.8760793,-73.8578115
BX,EAST 212 STREET,40.8762864,-73.8588633
QN,ELIOT AVENUE,40.7132576,-73.9042477
BX,LURTING AVENUE,40.8546487,-73.8578754
BX,MAGENTA STREET,40.8744578,-73.8628772
BX,4415 CARPENTER AVENUE,40.9000118,-73.856856
QN,24 STREET,40.7802101,-73.9143663
BX,BERGEN AVENUE,40.8185393,-73.9132187
BX,BROOK AVENUE,40.8215845,-73.911289
BX,,40.9063737,-73.8544365
BX,EAST 242 STREET,40.9065181,-73.8514878
BX,4761 BALDWIN STREET,40.9082093,-73.8539767
QN,EDGEWOOD STREET,40.6547034,-73.7406483
BX,4614 BRADLEY STREET,40.9097147,-73.8528663
BX,4826 OSGOOD STREET,40.90662,-73.8495919
BX,525 BALDWIN STREET,40.9073224,-73.8537109
BX,4440 BRONX BOULEVARD,40.9007747,-73.8567277
BX,4523 CARPENTER AVENUE,40.9019147,-73.8553398
BX,4449 BRONX BOULEVARD,40.9010032,-73.8572807
BX,625 EAST 237 STREET,40.8983877,-73.8575033
BX,NETHERLAND AVENUE,40.8814445,-73.9122578
BX,FAIRFIELD AVENUE,40.8848156,-73.9130816
QN,21-21 RENE COURT,40.712799,-73.9107448
QN,60 ROAD,40.71563,-73.905294
QN,62 AVENUE,40.7141449,-73.9050616
QN,172 STREET,40.7068645,-73.7871215
BX,BARTOW AVENUE,40.8672119,-73.835642
QN,MERRICK BOULEVARD,40.7038187,-73.7921336
QN,DOUGLAS AVENUE,40.7033153,-73.7914932
QN,175 STREET,40.7053969,-73.7846411
QN,170 STREET,40.7067212,-73.7898018
QN,LIBERTY AVENUE,40.7061989,-73.7819695
QN,DOUGLAS AVENUE,40.7050238,-73.7861788
QN,DOUGLAS AVENUE,40.705051,-73.7860633
BX,SOUNDVIEW AVENUE,40.8137386,-73.8577171
QN,DOUGLAS AVENUE,40.7041594,-73.7877757
BX,KINGSLAND AVENUE,40.8692665,-73.8406735
BX,KINGSLAND AVENUE,40.8689414,-73.8397523
BK,KENT STREET,40.7309,-73.9575179
BX,BARTOW AVENUE,40.866649,-73.8373896
BX,MATTHEWS AVENUE,40.8706307,-73.8620499
BX,KINGSLAND AVENUE,40.8691831,-73.8399144
BX,KINGSLAND AVENUE,40.8689754,-73.8405187
BX,WICKHAM AVENUE,40.8660433,-73.8361149
BX,EAST GUN HILL ROAD,40.8649608,-73.8353221
BX,KINGSLAND AVENUE,40.8692226,-73.8406483
BX,SEYMOUR AVENUE,40.8661317,-73.8465019
BX,WOODHULL AVENUE,40.8672144,-73.8413183
BX,ALLERTON AVENUE,40.8654603,-73.841196
BK,20 MADISON STREET,40.6836108,-73.9583846
BK,MADISON STREET,40.6835116,-73.9575553
BK,7 AVENUE,40.6395148,-74.0093683
BX,DEWITT PLACE,40.868944,-73.8457397
BX,WOODHULL AVENUE,40.8659521,-73.8415347
QN,141 AVENUE,40.6706652,-73.7522517
BX,FENTON AVENUE,40.8669114,-73.8445983
QN,149 AVENUE,40.6564675,-73.7415209
QN,149 AVENUE,40.6566328,-73.7417905
QN,149 AVENUE,40.6562204,-73.7415182
BK,60 STREET,40.6420823,-74.0213425
QN,COOPER AVENUE,40.7071408,-73.8741538
BK,6201 6 AVENUE,40.6364291,-74.0149669
BK,9 STREET,40.6719802,-73.9926279
BK,312 HALSEY STREET,40.6825275,-73.9415295
QN,40-29 61 STREET,40.74388,-73.9032112
BK,3 AVENUE,40.6807544,-73.9841362
BK,98 MARTIN L KING PLACE,40.6966721,-73.9490217
MN,73 WEST 132 STREET,40.8120603,-73.941376
QN,40-08 ROCKAWAY BEACH BLVD,40.5943491,-73.7723174
BK,7 AVENUE,40.6598452,-73.9881491
BK,331 14 STREET,40.6648239,-73.9857656
BK,GATES AVENUE,40.6873261,-73.942982
QN,24-31 FRANCIS LEWIS BLVD,40.7753912,-73.7983875
BK,321 MONROE STREET,40.686276,-73.9453194
BK,474 86 STREET,40.621487,-74.0267788
BK,ATLANTIC AVENUE,40.6820859,-73.9712931
BK,FLATBUSH AVENUE,40.6790561,-73.97318
BK,524 VANDERBILT AVENUE,40.6812066,-73.9679188
BK,516 VANDERBILT AVENUE,40.6814948,-73.9678502
BK,DEAN STREET,40.6810506,-73.9693791
BK,BENSON AVENUE,40.6087073,-74.0092343
BK,NEW UTRECHT AVENUE,40.6086692,-74.0019952
BK,456 HALSEY STREET,40.6831695,-73.935962
QN,90-19 ALBERT ROAD,40.6710121,-73.8434975
BK,76 CLINTON AVENUE,40.6953482,-73.9696069
BK,ST JAMES PLACE,40.6876697,-73.9648869
BK,7211 12 AVENUE,40.6229336,-74.007871
QN,31 ROAD,40.7682512,-73.841713
BK,718 BERGEN STREET,40.6785351,-73.9649818
BK,58 STREET,40.6305809,-73.9978924
BK,1168 46TH STREET,40.6381536,-73.9932298
QN,22-40 123 STREET,40.7789992,-73.8454426
QN,44-00 VERNON BOULEVARD,40.7510945,-73.9540149
MN,WEST 97 STREET,40.795701,-73.9671847
BK,1162 40 STREET,40.6414086,-73.9895649
MN,156 WEST 61 STREET,40.7713426,-73.9865119
QN,2 STREET,40.7412364,-73.9566669
MN,186 11 AVENUE,40.7490532,-74.0064856
BK,725 ST MARKS AVENUE,40.6754137,-73.948591
MN,65 11 AVENUE,40.7426935,-74.0082929
MN,WEST 118 STREET,40.8030661,-73.9475135
BK,1518 46 STREET,40.6335361,-73.985585
BK,1524 47 STREET,40.632957,-73.9861363
BK,3029 WEST 23 STREET,40.5732361,-73.9892336
BK,BROOKLYN AVENUE,40.6701503,-73.945138
BK,KINGSTON AVENUE,40.670731,-73.9425492
BK,PROSPECT PLACE,40.6786192,-73.9713992
BK,3212R BOARDWALK WEST,40.571952,-73.998427
BK,3330 SURF AVENUE,40.5723336,-73.9998236
BK,SEA PLACE,40.5723418,-73.9984738
BK,3212 SURF AVENUE,40.5725367,-73.9985062
BK,61 STREET,40.6218738,-73.9881234
QN,632 BEACH 64 STREET,40.5981303,-73.7934925
QN,131 STREET,40.7835395,-73.8378237
BK,92 WALWORTH STREET,40.6961997,-73.954857
BK,54 FRANKLIN AVENUE,40.6975379,-73.9589457
BX,3245 YATES AVENUE,40.8727411,-73.8550525
BK,147 BAY 53 STREET,40.582593,-73.9877272
QN,FAR ROCKAWAY BLVD,40.5972571,-73.7660923
QN,BEACH 40 STREET,40.5937522,-73.7716749
BK,1425 HART PLACE,40.5827325,-73.9837023
BK,1315 SURF AVENUE,40.5759635,-73.9819292
BK,2716 STILLWELL AVENUE,40.5806325,-73.9826084
MN,160 EAST 124 STREET,40.8032807,-73.9375116
BK,181 BAY 52 STREET,40.5833341,-73.9882059
BK,175 BAY 52 STREET,40.5832929,-73.9880079
BK,2519 WEST 22 STREET,40.5832051,-73.9882995
BK,733 BERGEN STREET,40.6788891,-73.9645922
BX,1390 VIELE AVENUE,40.8072451,-73.87995
BX,280 DRAKE STREET,40.8069986,-73.8803984
BX,BARRETTO STREET,40.8069071,-73.8876592
BX,416 COSTER STREET,40.8093865,-73.8858127
BX,1140 LONGWOOD AVENUE,40.813969,-73.8931493
BX,437 MANIDA STREET,40.8094155,-73.8873623
BK,1228 SURF AVENUE,40.575203,-73.9804716
QN,28 AVENUE,40.7732551,-73.9311168
BK,55 BARTLETT STREET,40.7015402,-73.9465728
BK,2 WHIPPLE STREET,40.7004474,-73.9457045
BX,EAST 177 STREET,40.8381547,-73.8759912
BX,1006 EAST 173RD STREET,40.8340798,-73.8848271
BK,3033 WEST 23 STREET,40.5730769,-73.9892048
BK,JONES WALK,40.5743545,-73.9788663
BX,WHITE PLAINS ROAD,40.8052037,-73.8543363
BX,329 NEWMAN AVENUE,40.8124345,-73.8552344
BK,WEST 23 STREET,40.5736149,-73.9893091
BK,210 EAST 16 STREET,40.6454192,-73.9643974
BX,270 EAST 158 STREET,40.8233799,-73.9192861
BK,55 HEYWARD STREET,40.7005377,-73.9583632
BK,100 RUTLEDGE STREET,40.7007355,-73.9586299
BX,THE POST ROAD,40.9019878,-73.8980902
BK,17 WEBERS COURT,40.583439,-73.9384841
QN,90-32 QUEENS BOULEVARD,40.7334219,-73.8716866
MN,WEST END AVENUE,40.7754655,-73.9887965
BK,50 BRIGHTON 1 PLACE,40.5777386,-73.9662046
QN,95-19A 97 AVENUE,40.6865339,-73.8455812
BK,43 WEST STREET,40.7277201,-73.9610558
BK,547 CONEY ISLAND AVENUE,40.6440182,-73.9698573
BK,1775 STERLING PLACE,40.6712226,-73.9200722
BK,536 JOHNSON AVENUE,40.7082403,-73.9267547
BK,30 BRIGHTON 3 WALK,40.579912,-73.9647023
QN,102 STREET,40.6573322,-73.829996
QN,15 RUSSELL STREET,40.6562344,-73.8300672
QN,99-50 163 ROAD,40.6527053,-73.8305339
QN,102-07 JAMES COURT,40.6527031,-73.8290743
QN,104 STREET,40.6518419,-73.8276963
BX,2225 BOLLER AVENUE,40.8607107,-73.8251379
QN,165 AVENUE,40.6507128,-73.828874
QN,RUSSELL STREET,40.6548941,-73.8313429
BK,683 MAC DONOUGH STREET,40.6840398,-73.9188274
BK,840 HENDRIX STREET,40.6604386,-73.8848277
BK,850 HENDRIX STREET,40.6603452,-73.8847594
QN,163 ROAD,40.6533223,-73.8282907
QN,RAU COURT,40.6540034,-73.8285917
QN,102 STREET,40.6623577,-73.8317529
QN,1 STREET,40.6556924,-73.8292325
BX,1660 PARKER STREET,40.8399025,-73.8522003
MN,1233 YORK AVENUE,40.7635101,-73.9567318
BX,662 EAST FORDHAM ROAD,40.85754,-73.8832863
BX,DR M L KING JR BLVD,40.8411846,-73.9271179
BX,429 BARRETTO STREET,40.8090787,-73.8882299
QN,40 STREET,40.7407615,-73.9245826
QN,76 STREET,40.7254592,-73.8845169
BK,336 ELLERY STREET,40.6999334,-73.9388418
BK,2028 EAST 9 STREET,40.5996822,-73.9626789
BK,206 COLUMBIA STREET,40.68504,-74.0029819
BK,VAN BRUNT STREET,40.6838515,-74.0054805
MN,254 WEST 23 STREET,40.7447084,-73.9978311
QN,95-13 97 AVENUE,40.6864492,-73.8458735
BX,FISH AVENUE,40.864867,-73.8469133
BK,282 MOFFAT STREET,40.6903765,-73.903325
BK,EAST 7 STREET,40.5853569,-73.9621541
QN,145 DRIVE,40.6638137,-73.7664717
BX,4013 SETON AVENUE,40.8917059,-73.8377985
BX,325 THIERIOT AVENUE,40.8116444,-73.8600263
BX,207 HARDING PARK,40.8056464,-73.857095
BX,UNDERHILL AVENUE,40.8079605,-73.8573321
BX,328 THIERIOT AVENUE,40.8119265,-73.8595236
BX,199 BRONX RIVER AVENUE,40.8138568,-73.8647109
BX,1010 UNIVERSITY AVENUE,40.8337458,-73.930523
MN,605 10 AVENUE,40.7608694,-73.9948994
BX,340 UNDERHILL AVENUE,40.812649,-73.8577953
BK,173 BAY 52 STREET,40.5833039,-73.9879215
BK,79 HIMROD STREET,40.6958488,-73.9243089
BX,MORRISON AVENUE,40.8330239,-73.8751443
QN,MIDLAND PARKWAY,40.7215212,-73.7839541
QN,RADNOR ROAD,40.7214697,-73.7828864
QN,73 PLACE,40.737209,-73.8896423
QN,43-29 CRESCENT STREET,40.7483199,-73.9424354
QN,VIRGINIA STREET,40.609477,-73.7442203
BK,EAST 13 STREET,40.6112946,-73.9603709
BK,58 STREET,40.6191414,-73.9789566
MN,179 CLAREMONT AVENUE,40.8144153,-73.960893
BX,3 AVENUE,40.8151124,-73.9186964
BK,19 LUQUER STREET,40.6791168,-74.0047554
BX,3631 JOHNSON AVENUE,40.8873849,-73.9098232
BK,1618 54 STREET,40.627668,-73.9879567
BK,WATER STREET,40.7027424,-73.9818913
BX,757 VAN NEST AVENUE,40.8444041,-73.8635681
QN,RICARD STREET,40.710156,-73.9075597
QN,187-46 HOLLIS AVENUE,40.7099756,-73.7706203
QN,172-20 DOUGLAS AVENUE,40.7047858,-73.7851516
QN,172-10 JAMAICA AVENUE,40.7073949,-73.7874841
BK,MARINE PARKWAY,40.614082,-73.9439522
BX,5977 RIVERDALE AVENUE,40.9080999,-73.9041153
BX,6071 BROADWAY,40.8929128,-73.8969033
BX,TIBBETT AVENUE,40.8954815,-73.8995977
QN,93-37 175 STREET,40.7055171,-73.7843161
BK,656 EAST 2 STREET,40.6349346,-73.9770853
BX,UNIONPORT ROAD,40.8476767,-73.8690445
BK,GARLAND COURT,40.5948154,-73.9321039
BK,27 NOEL AVENUE,40.587028,-73.9227725
BK,104 HYMEN COURT,40.5887067,-73.9252404
BK,IVAN COURT,40.5885589,-73.9259031
QN,BEACH 126 STREET,40.5754321,-73.8449381
BK,BARTLETT PLACE,40.5885186,-73.9273073
BK,106 DICTUM COURT,40.595443,-73.9305477
BK,BEVY COURT,40.5948242,-73.9285823
BK,FANE COURT,40.5947489,-73.9310525
MN,261 WEST 113 STREET,40.8022488,-73.9556339
BK,110 BEACON COURT,40.5903249,-73.9234023
QN,148-16 97 AVENUE,40.6979399,-73.8033136
BK,IVAN COURT,40.5868915,-73.9238779
BK,1 NOEL AVENUE,40.5859237,-73.9215496
BK,FRANK COURT,40.585959,-73.9209015
QN,HOLLAND AVENUE,40.5853229,-73.8143345
BK,COLEMAN STREET,40.6111191,-73.9270594
BK,EAST 53 STREET,40.6182067,-73.9235649
BK,98 QUINCY STREET,40.6859572,-73.957323
BX,360 WEST 255 STREET,40.9020382,-73.9023551
BX,5437 FIELDSTON ROAD,40.9026141,-73.9018876
QN,BEACH 24 STREET,40.5951209,-73.7578071
QN,HUNGRY HARBOR ROAD,40.6542007,-73.7251135
QN,178 PLACE,40.6665116,-73.7663505
BX,LYDIG AVENUE,40.8559768,-73.8510693
BK,OTSEGO STREET,40.6747193,-74.0094129
BK,LORRAINE STREET,40.6747386,-74.0088433
BK,595 SMITH STREET,40.671157,-73.9994196
BX,690 KING AVENUE,40.8575079,-73.7891481
BK,228 56 STREET,40.6451046,-74.0198372
BK,5722 3 AVENUE,40.6435868,-74.0194764
QN,95 AVENUE,40.696606,-73.8115615
BK,45 WALTON STREET,40.7013748,-73.951063
BX,WEST 252 STREET,40.9003161,-73.911173
BK,349 SOUTH 2 STREET,40.7102304,-73.9534191
QN,86-03 AVON STREET,40.7158101,-73.7814547
QN,155-49 BROAD STREET,40.6374546,-73.7466172
BK,150 HOPE STREET,40.7117011,-73.9523937
MN,WEST 97 STREET,40.7950259,-73.9674631
BX,RADCLIFF AVENUE,40.8689542,-73.8601552
MN,489 WEST STREET,40.7376678,-74.0094687
MN,GREENWICH STREET,40.730795,-74.0075193
BK,JUNIUS STREET,40.6578289,-73.9001103
BX,BOSTON ROAD,40.8308005,-73.900259
BK,UNION STREET,40.6852073,-74.0065659
BK,52 UNION STREET,40.6848533,-74.005394
BK,SACKETT STREET,40.6856603,-74.0056357
QN,VAN WYCK EXPRESSWAY,40.6740966,-73.8020573
BK,PACIFIC STREET,40.676695,-73.9366424
BK,NEPTUNE AVENUE,40.5796603,-73.9794695
QN,29 STREET,40.7582386,-73.9309555
BK,EAST 108 STREET,40.6436803,-73.8861971
QN,150-19 GUY R BREWER BLVD,40.6564781,-73.7670596
QN,183 STREET,40.6547644,-73.7639048
BX,2223 VIRGIL PLACE,40.8228495,-73.8478952
QN,2 BROADWAY,40.658354,-73.8304943
QN,4 BROADWAY,40.6582744,-73.8305126
QN,84-82 129 STREET,40.7045963,-73.8238847
BK,19 CLAY STREET,40.7366363,-73.9570163
QN,87-80 120 STREET,40.6981019,-73.8291888
QN,87 AVENUE,40.7304155,-73.7264444
BK,MIDDLETON STREET,40.7011562,-73.9534724
BX,GIVAN AVENUE,40.8754307,-73.8423799
QN,3006 SEAGIRT AVENUE,40.5948602,-73.763058
QN,ROCKAWAY BEACH BLVD,40.5945997,-73.7699724
QN,EDGEMERE AVENUE,40.5952221,-73.7668952
BX,BRUCKNER BOULEVARD,40.8110414,-73.9004042
BX,QUINCY AVENUE,40.8302485,-73.8296698
BX,BOONE AVENUE,40.8338657,-73.8848781
BK,151 STARR STREET,40.7037019,-73.9248662
BX,UNDERCLIFF AVENUE,40.8440844,-73.9249354
BX,1311 UNIVERSITY AVENUE,40.8406578,-73.9274293
QN,94-14 MERRICK BOULEVARD,40.703424,-73.792445
QN,MOBILE ROAD,40.6042071,-73.7442585
MN,245 EAST 123 STREET,40.8018959,-73.9349989
BX,BRONXDALE AVENUE,40.849957,-73.8638603
BK,160 COLUMBIA STREET,40.6866869,-74.0022283
BK,442 KENT AVENUE,40.7093848,-73.9694022
MN,6 AVENUE,40.7239827,-74.0049931
BX,1136 OLMSTEAD AVENUE,40.8304459,-73.8535258
QN,128 AVENUE,40.6805223,-73.7669684
BK,FROST STREET,40.7183464,-73.9409101
BK,EAST 18 STREET,40.6143783,-73.9561514
BX,509 BRUSH AVENUE,40.8167197,-73.839188
BX,211 LANDING ROAD,40.8635004,-73.909617
BX,2586 HEATH AVENUE,40.8687242,-73.9070139
QN,95 AVENUE,40.6849525,-73.8557996
QN,-000 57 AVENUE,40.7262269,-73.9229539
QN,SPRINGFIELD LANE,40.6604441,-73.7602732
QN,71 PLACE,40.705657,-73.880353
BX,SECOR AVENUE,40.8920154,-73.8315985
BX,DYRE AVENUE,40.8918137,-73.8306767
QN,SHORE ROAD,40.7724908,-73.7536347
MN,122 LEXINGTON AVENUE,40.7428874,-73.9825985
MN,15 WEST 46 STREET,40.7566134,-73.9798228
MN,480 8 AVENUE,40.7522673,-73.9930846
BX,1036 LELAND AVENUE,40.8270723,-73.8620932
BX,1222 SOUTHERN BOULEVARD,40.8292007,-73.8915204
BX,SOUTHERN BOULEVARD,40.8284026,-73.8922336
BX,SWINTON AVENUE,40.8257338,-73.8262343
BX,1224 MAYFLOWER AVENUE,40.8357449,-73.8306893
BX,2065 MATTHEWS AVENUE,40.8527834,-73.8632689
BX,1852 WALLACE AVENUE,40.8473082,-73.8637175
BX,981 RHINELANDER AVENUE,40.8501916,-73.8580982
BX,1013 EAST 231 STREET,40.8893495,-73.8488823
QN,35-21 10 STREET,40.7624046,-73.9398963
QN,56TH STREET,40.7437484,-73.9101043
QN,30 ROAD,40.7619089,-73.9117872
QN,159-02 MEYER AVENUE,40.6883922,-73.7886011
QN,104 STREET,40.7539989,-73.8641142
QN,90 AVENUE,40.715482,-73.7640469
QN,133 ROAD,40.6796129,-73.7496009
QN,71 ROAD,40.7200908,-73.8430539
QN,BROOKVILLE BOULEVARD,40.6528508,-73.7468759
BK,MILLER AVENUE,40.6787049,-73.8930632
BK,BUTLER PLACE,40.6753139,-73.968877
QN,214 STREET,40.776341,-73.7747172
QN,216 STREET,40.7752227,-73.7699912
QN,32 AVENUE,40.7776082,-73.7490519
BX,2074 EDENWALD AVENUE,40.893291,-73.840804
QN,218 STREET,40.7677014,-73.7641904
QN,178 STREET,40.6930386,-73.7711474
QN,87 DRIVE,40.7277105,-73.7112768
BK,64 GREEN STREET,40.7330937,-73.9593748
BX,IRWIN AVENUE,40.8865673,-73.9034085
BK,154 WOLCOTT STREET,40.6787179,-74.0145474
BK,GATES AVENUE,40.6866676,-73.943491
BK,310 HALSEY STREET,40.6825193,-73.9416016
QN,23 AVENUE,40.7687455,-73.8729399
BK,1920 BERGEN STREET,40.6740974,-73.9176101
BK,ROCHESTER AVENUE,40.6767251,-73.9272832
BK,2558 STILLWELL AVENUE,40.5855047,-73.9834892
BK,967 NOSTRAND AVENUE,40.6651079,-73.9505706
BK,538 EMPIRE BOULEVARD,40.6638919,-73.9443898
BK,LINCOLN PLACE,40.6695137,-73.9303119
BK,1508 EASTERN PARKWAY,40.6700518,-73.9180117
BK,1907 STERLING PLACE,40.670802,-73.9153612
BK,COYLE STREET,40.5888389,-73.9350371
BK,EAST 64 STREET,40.6171621,-73.9136318
BK,EAST 53 STREET,40.6337876,-73.9258601
QN,167-35 147 AVENUE,40.661568,-73.7716807
BK,MAPLE STREET,40.661007,-73.9441903
BK,955 THOMAS S BOYLAND ST,40.6569094,-73.9100699
BK,EAST 77 STREET,40.6323903,-73.9137958
BK,MONTAUK AVENUE,40.6647524,-73.8733578
BK,ROCKAWAY PARKWAY,40.6648086,-73.9249713
QN,83 STREET,40.7301134,-73.8809224
QN,99-44 164 AVENUE,40.6517034,-73.8304968
QN,1 STREET,40.6545492,-73.8301184
BK,CLEVELAND STREET,40.6600364,-73.8780632
BX,WASHINGTON AVENUE,40.8285585,-73.9073808
BX,459 EAST 164 STREET,40.8260905,-73.9102171
BK,FRANK COURT,40.5890188,-73.9240375
BX,524 EAST 149 STREET,40.8144286,-73.9143223
BK,9016 DITMAS AVENUE,40.6482389,-73.9140348
BX,1721 BARNES AVENUE,40.8450754,-73.8625511
BK,GARLAND COURT,40.5917804,-73.9287656
BK,KEEN COURT,40.5873625,-73.9263508
BK,IVAN COURT,40.586606,-73.923871
BK,DICTUM COURT,40.5914658,-73.9261231
BK,GARLAND COURT,40.5907474,-73.9272328
BK,ASTER COURT,40.5926844,-73.9259525
BX,NEILL AVENUE,40.8498986,-73.8655304
QN,148 ROAD,40.6547595,-73.7473948
QN,32-16 107 STREET,40.7593574,-73.8624608
QN,BAYFIELD AVENUE,40.5987989,-73.7974984
QN,552 BEACH 67 STREET,40.5964196,-73.7961877
BK,WHIPPLE STREET,40.7005378,-73.9454484
BX,238 STEPHENS AVENUE,40.8108818,-73.8537567
BK,427 FLUSHING AVENUE,40.699039,-73.9580612
BK,74 STREET,40.6280899,-74.0183947
BX,2209 DE REIMER AVENUE,40.8601121,-73.8267446
BX,578 EAST 168 STREET,40.8302796,-73.9041768
BX,3997 GOUVERNEUR AVENUE,40.8842485,-73.8916259
BK,BARBEY STREET,40.6620509,-73.8831994
MN,144 WEST 113 STREET,40.8008509,-73.9534894
BK,87 QUINCY STREET,40.6863772,-73.9576977
BK,123A MARCUS GARVEY BLVD,40.6944637,-73.9400441
BK,71 CEDAR STREET,40.6975578,-73.9270658
BK,706 DRIGGS AVENUE,40.7136392,-73.9601874
BK,AVENUE T,40.5990567,-73.9735939
BK,1670 BROADWAY,40.6841289,-73.9130763
QN,BEACH 113 STREET,40.5793696,-73.8341903
BK,18 STANWIX STREET,40.6990166,-73.9337468
BK,MEEKER AVENUE,40.7214922,-73.94147
QN,CRESSKILL PLACE,40.696642,-73.8101009
BK,95 ROCKWELL PLACE,40.6872641,-73.9788702
QN,24-30 95 STREET,40.7651382,-73.8748745
BK,FARRAGUT ROAD,40.6471769,-73.9039317
QN,33-15 PRINCE STREET,40.7661174,-73.8331334
BX,DELAFIELD AVENUE,40.8967885,-73.9067685
BX,177 E MOSHOLU PARKWAY N,40.8753784,-73.8811721
BX,EAST 222 STREET,40.8787882,-73.8429469
BX,3042 KINGSLAND AVENUE,40.8714107,-73.8410986
BK,GATES AVENUE,40.6888311,-73.9297437
BK,RAPELYE STREET,40.6803382,-74.0035116
BK,367 13 STREET,40.6651119,-73.984349
MN,304 EAST 105 STREET,40.7895404,-73.942555
QN,349 BEACH 70 STREET,40.5921816,-73.7992828
QN,COLLEGE PLACE,40.7924637,-73.8487447
BX,1959 JEROME AVENUE,40.8514432,-73.909966
QN,LITTLE NECK PARKWAY,40.7705903,-73.7357636
QN,70 ROAD,40.7092428,-73.8529265
BK,AMBER STREET,40.6706796,-73.8579682
BK,BEDFORD AVENUE,40.6121656,-73.9486289
QN,167 STREET,40.7191749,-73.7994018
QN,BAYFIELD AVENUE,40.5993381,-73.7950553
BK,EAST 48 STREET,40.6216438,-73.9288886
BK,EAST 46 STREET,40.6194655,-73.9305515
BK,1155 67 STREET,40.6268149,-74.0055731
BK,7 PROSPECT STREET,40.7015276,-73.9911424
BK,452 BERRY STREET,40.707814,-73.9663911
BK,BERRY STREET,40.7077178,-73.9657997
BK,SOUTH 1 STREET,40.7148016,-73.9645046
BK,413 MONTAUK AVENUE,40.6681504,-73.8758783
BK,BERRY STREET,40.7144745,-73.9629753
BK,65 GREENE AVENUE,40.6863949,-73.9701988
BX,SHORE DRIVE,40.8335163,-73.8164172
BK,1130 EAST 35 STREET,40.6264849,-73.9423063
QN,109 AVENUE,40.7090938,-73.7517373
BK,230 KENT AVENUE,40.7172557,-73.9653907
BK,85 GRAND STREET,40.7158005,-73.9639269
MN,49 DOWNING STREET,40.729206,-74.0042936
BX,VAN BUREN STREET,40.8400741,-73.8692438
BK,1455 CONEY ISLAND AVENUE,40.6216493,-73.9642192
MN,316 PLEASANT AVENUE,40.7954361,-73.9324735
BX,WESTCHESTER AVENUE,40.8340703,-73.8545513
BX,600 GRAND CONCOURSE,40.8197918,-73.9262887
BK,STUART STREET,40.6038345,-73.9364414
BK,59 DARE COURT,40.5887024,-73.9229433
BX,CONCOURSE VILLAGE E,40.8213697,-73.9216117
QN,93 STREET,40.765096,-73.8763907
BK,STANLEY AVENUE,40.6653459,-73.866699
BK,NEW LOTS AVENUE,40.6685425,-73.8780945
BK,607 ASHFORD STREET,40.6672028,-73.8831615
BK,601 ASHFORD STREET,40.667255,-73.8831758
MN,659 WEST 187 STREET,40.8540415,-73.9326887
MN,120 LEXINGTON AVENUE,40.742838,-73.9826346
BK,6 LLOYD STREET,40.6500586,-73.9515007
BX,FERRIS PLACE,40.8391895,-73.8402576
MN,LEXINGTON AVENUE,40.7415095,-73.9827215
QN,BRANCH CHANNEL,40.6551671,-73.8303691
QN,102 STREET,40.6649468,-73.8322691
QN,BEACH CHANNEL DRIVE,40.5756969,-73.8632386
QN,BEACH CHANNEL DRIVE,40.5754727,-73.8639554
BX,HUGUENOT AVENUE,40.8860688,-73.8178742
BX,HUGUENOT AVENUE,40.8852876,-73.8168095
BX,HUGUENOT AVENUE,40.8859831,-73.8174983
BX,HUTCHINSON RVR PKWY,40.884541,-73.8185149
BK,SHEPHERD AVENUE,40.6676264,-73.8787162
BK,HEGEMAN AVENUE,40.6645689,-73.8815008
BK,EAST 43 STREET,40.6412405,-73.9363481
BK,KINGS HIGHWAY,40.6405481,-73.9260219
BK,EAST 94 STREET,40.6478239,-73.9097723
BK,HARRISON ALLEY,40.7026681,-73.9805352
BK,HARRISON ALLEY,40.7026022,-73.9805569
BX,BIRCHALL AVENUE,40.8488684,-73.8694506
QN,EAST 1 ROAD,40.6157874,-73.8212159
BX,BARTOW AVENUE,40.8688455,-73.8303121
QN,BEACH 193 STREET,40.5584958,-73.9013313
QN,159 STREET,40.617271,-73.8238846
QN,159 STREET,40.6195931,-73.8256939
QN,ROCKAWAY POINT BLVD,40.56081,-73.9154825
BK,CONEY ISLAND AVENUE,40.6235872,-73.9645928
BX,CO-OP CITY BOULEVARD,40.8780479,-73.8225935
BX,ROMBOUTS AVENUE,40.8805348,-73.8281993
BX,ROMBOUTS AVENUE,40.8807545,-73.8282856
BX,BAYCHESTER AVENUE,40.8670094,-73.8303457
QN,ROCKAWAY POINT BLVD,40.5613293,-73.9162736
QN,HORACE HARDING EXPWY,40.7536213,-73.8414229
BX,RADCLIFF AVENUE,40.8638774,-73.8608962
QN,45 AVENUE,40.7489577,-73.8536617
MN,MAIN STREET,40.7585126,-73.9517394
BK,EAST 87 STREET,40.6487694,-73.9188811
BK,AVENUE N,40.6373072,-73.8892994
BK,JEROME STREET,40.6686734,-73.8852821
BK,528 CLEVELAND STREET,40.6715898,-73.8839469
QN,43-45 BURLING STREET,40.7554853,-73.8175419
QN,218 PLACE,40.7227064,-73.7399147
BK,SNYDER AVENUE,40.6504152,-73.9212612
BK,CARROLL STREET,40.6757806,-73.9823276
BK,EAST 18 STREET,40.619045,-73.9576107
BX,1393 FRANKLIN AVENUE,40.8340478,-73.900583
BK,16 AVENUE,40.608485,-74.0083951
BK,EAST 12 STREET,40.6236392,-73.9642325
MN,544 EAST 12 STREET,40.7281063,-73.979449
MN,543 EAST 13 STREET,40.729119,-73.9788317
BX,1334 EAST 223 STREET,40.8797604,-73.8433749
BX,2443 YATES AVENUE,40.8624293,-73.8551545
QN,132-05 41 ROAD,40.7558275,-73.833271
QN,164 DRIVE,40.6510521,-73.82812
QN,42 STREET,40.7358286,-73.9236573
BX,POND PLACE,40.8486761,-73.7880122
QN,177 PLACE,40.6665693,-73.771833
QN,102-15 163 ROAD,40.6532163,-73.8290118
QN,52 DRIVE,40.7323089,-73.8977472
MN,436 WEST 38 STREET,40.7564339,-73.9963075
MN,CABRINI BOULEVARD,40.8501377,-73.941299
BX,3541 3 AVENUE,40.8318591,-73.9058007
BX,380 EAST 159 STREET,40.8229324,-73.9152074
BX,350 EAST 166 STREET,40.8294768,-73.912937
BX,79 WEST 170 STREET,40.8404209,-73.9218567
BX,1339 UNIVERSITY AVENUE,40.8414123,-73.9269912
BX,1077 HALL PLACE,40.8256766,-73.8977193
QN,133-20 41 AVENUE,40.7572407,-73.8311054
BX,1221 VIELE AVENUE,40.8066137,-73.8879522
BX,1716 WALLACE AVENUE,40.8448726,-73.8628406
BX,AMETHYST STREET,40.8458561,-73.8683108
BX,NEILL AVENUE,40.8511115,-73.8606481
QN,45-10 149 STREET,40.755643,-73.8132209
BX,EAST 218 STREET,40.8823436,-73.8607816
BX,4150 DIGNEY AVENUE,40.892849,-73.8510011
BX,1927 NEREID AVENUE,40.8991164,-73.8477713
BX,WEST 250 STREET,40.898267,-73.9056849
BK,22 STREET,40.6589424,-73.990492
BX,WHITTIER STREET,40.8084711,-73.8817323
MN,327 EAST 13 STREET,40.7314035,-73.9842468
BX,2959 PAULDING AVENUE,40.8693065,-73.8587046
BK,1392 BROADWAY,40.6889465,-73.9214248
BK,PUTNAM AVENUE,40.6866762,-73.9250188
BK,866 HERKIMER STREET,40.678074,-73.9248843
BK,287 NOSTRAND AVENUE,40.6888723,-73.9510037
QN,CHURCH STREET,40.6568935,-73.8321776
BK,EMERSON PLACE,40.6949123,-73.9622866
BK,125 MONTAUK AVENUE,40.6763433,-73.8781992
BK,12 GOODWIN PLACE,40.6917621,-73.9246741
BK,1505 JEFFERSON AVENUE,40.6970857,-73.9079349
QN,186 STREET,40.7427987,-73.7899731
QN,23 STREET,40.7791031,-73.917
BK,524 VERMONT STREET,40.6662542,-73.8927371
BK,GARLAND COURT,40.5924423,-73.9295102
BK,ESSEX STREET,40.6795261,-73.8823504
BK,2661 LINDEN BOULEVARD,40.6692128,-73.8662732
BK,292 EAST 51 STREET,40.6547494,-73.9299778
BK,438 EAST 46 STREET,40.6509725,-73.9344937
BK,1328 ALBANY AVENUE,40.6409561,-73.9382653
BK,EAST 14 STREET,40.6456833,-73.9665089
BK,CANTON COURT,40.5875237,-73.9211157
BK,1144 39 STREET,40.6422952,-73.9895611
BK,1464 42 STREET,40.6364701,-73.9844061
QN,84-42 60 ROAD,40.72863,-73.874557
QN,60 DRIVE,40.7281708,-73.8738723
QN,106 AVENUE,40.7024528,-73.7822739
MN,158 BOWERY,40.7199451,-73.9945779
BK,61 STREET,40.631654,-74.0043089
BK,EAST 16 STREET,40.6247552,-73.9605575
MN,162 BOWERY,40.7200906,-73.9945165
MN,160 BOWERY,40.7200357,-73.9945418
MN,158H BOWERY,40.719989,-73.9945598
MN,166 BOWERY,40.7202223,-73.9944624
MN,164 BOWERY,40.7201565,-73.9944913
BK,2361 WEST 1 STREET,40.5910989,-73.9709938
BK,EAST 7 STREET,40.5916262,-73.9626366
BK,EAST 38 STREET,40.618078,-73.9377498
BK,EAST 42 STREET,40.6295362,-73.9354622
BK,TROY AVENUE,40.6289998,-73.9334525
BK,EAST 46 STREET,40.6263663,-73.9312864
QN,31-25 THOMSON AVENUE,40.7451124,-73.9343506
BX,3313 PERRY AVENUE,40.8775596,-73.8752451
QN,213 STREET,40.7727974,-73.7760723
MN,49 EAST HOUSTON STREET,40.7245646,-73.9947182
QN,28 STREET,40.7723251,-73.9191241
QN,99-16 39 AVENUE,40.7496945,-73.865942
QN,BELL BOULEVARD,40.7712712,-73.7745972
BX,RADCLIFF AVENUE,40.8647474,-73.860869
QN,43 AVENUE,40.7488404,-73.8564229
MN,8 WEST 17 STREET,40.7380687,-73.9931402
QN,LUKE PLACE,40.7523413,-73.7612852
QN,216 STREET,40.7553056,-73.7639455
QN,37 ROAD,40.7474446,-73.8959664
QN,33 STREET,40.7703353,-73.9155343
MN,35 WEST 14TH STREET,40.7369517,-73.9951466
MN,118 TENTH AVENUE,40.7441977,-74.0063119
BX,4030 DURYEA AVENUE,40.8927596,-73.8356873
MN,336 WEST 15 STREET,40.7408849,-74.0035942
QN,BEACH 92 STREET,40.587895,-73.8161636
QN,167 STREET,40.7190771,-73.7999648
MN,388 HUDSON STREET,40.7290961,-74.0066568
MN,311 10 AVENUE,40.7508621,-74.0022702
MN,710 3 AVENUE,40.7525362,-73.9735547
QN,87-36 139 STREET,40.7053845,-73.8154284
QN,90-11 175 STREET,40.7096021,-73.7862038
QN,143-33 95 AVENUE,40.6978721,-73.8086837
QN,146-42 TUSKEGEE AIRMEN WAY,40.6938544,-73.8025792
QN,112-24 177 STREET,40.6950762,-73.7744004
QN,114 AVENUE,40.6952019,-73.7713491
QN,102-47 189 STREET,40.706954,-73.7681095
QN,116-52 FARMERS BOULEVARD,40.6922888,-73.7627515
MN,413 MADISON AVENUE,40.7566621,-73.9760581
BX,BAISLEY AVENUE,40.8369164,-73.8266243
BX,EAST 213 STREET,40.8772301,-73.858431
QN,ROCKAWAY BOULEVARD,40.6743101,-73.7985669
MN,543 2 AVENUE,40.7424693,-73.9779289
QN,228-32 MENTONE AVENUE,40.6669561,-73.7467863
BK,210 NOSTRAND AVENUE,40.6929818,-73.9523998
MN,103 EAST 29 STREET,40.7439112,-73.9830169
MN,109 WEST 138 STREET,40.8165665,-73.9401581
MN,1644 PARK AVENUE,40.7997293,-73.9433986
MN,338 WEST 53 STREET,40.7646263,-73.9864121
MN,EAST 28 STREET,40.7421378,-73.9809531
MN,124 LEXINGTON AVENUE,40.742934,-73.982566
BK,23 FROST STREET,40.7176567,-73.9510547
BX,3133 DECATUR AVENUE,40.8724155,-73.8772362
BX,VAN NEST AVENUE,40.8418419,-73.8694644
BX,2054 NEREID AVENUE,40.8994271,-73.8441172
BX,300 WEST 234 STREET,40.8832264,-73.9060064
BK,232 SMITH STREET,40.6838047,-73.9926699
BK,99 SPENCER STREET,40.6956893,-73.9551242
MN,132 EAST 29 STREET,40.7429009,-73.9817468
BX,BARRY STREET,40.8154394,-73.8923304
MN,574 5 AVENUE,40.7565638,-73.9790432
MN,2 WEST 47 STREET,40.7567203,-73.979321
MN,10 WEST 47 STREET,40.7568219,-73.9795592
BK,346 PARK AVENUE,40.6958294,-73.9632129
QN,22 AVENUE,40.7785295,-73.8137055
MN,542 WEST 29 STREET,40.7521219,-74.0036237
MN,576 5 AVENUE,40.7566571,-73.9789745
BX,BARRY STREET,40.815796,-73.8920589
QN,108 AVENUE,40.6921678,-73.8002222
QN,WEST DRIVE,40.7809518,-73.7518341
QN,38 AVENUE,40.7732612,-73.7468912
QN,41-79 GLENWOOD STREET,40.7734087,-73.7355683
MN,8 WEST 45TH STREET,40.755576,-73.9804764
MN,7 WEST 46 STREET,40.7564898,-73.9795341
MN,564 5 AVENUE,40.7563553,-73.9791623
BX,2811 SCHURZ AVENUE,40.8143828,-73.8180885
BK,CANTON COURT,40.5891826,-73.9226476
BK,GAIN COURT,40.5894919,-73.9255852
BK,EAST 94 STREET,40.65401,-73.9161285
BK,EAST 59 STREET,40.6536708,-73.9217295
QN,131-24 40 ROAD,40.7559901,-73.8356421
BK,BAY 50 STREET,40.586581,-73.9862179
MN,538 WEST 29 STREET,40.7520396,-74.0034288
MN,2 AVENUE,40.7454824,-73.9745283
MN,327 10 AVENUE,40.751477,-74.0018191
MN,407 PARK AVENUE,40.7599602,-73.9714473
MN,405 PARK AVENUE,40.7597242,-73.9716604
MN,246 EAST 39 STREET,40.7479224,-73.9741881
MN,579 3 AVENUE,40.7482659,-73.9759203
MN,4271 BROADWAY,40.8508264,-73.9357933
MN,8 EAST 54 STREET,40.7605566,-73.9748257
BK,BEVY COURT,40.594363,-73.9284604
BK,ASTER COURT,40.5931431,-73.9264669
BK,DARE COURT,40.5862275,-73.920192
BX,HAIGHT AVENUE,40.8487876,-73.8525818
QN,115 STREET,40.6756767,-73.8234672
QN,21-21 51 AVENUE,40.741137,-73.9485402
QN,419 BEACH 72 STREET,40.5931672,-73.8009973
MN,349 EAST 54 STREET,40.7567827,-73.9646952
MN,145 BROOME STREET,40.7162306,-73.9850404
BX,BRUCKNER BOULEVARD,40.8110715,-73.9003572
MN,324 BROOME STREET,40.719322,-73.9934957
BX,HEATH AVENUE,40.8775466,-73.9015051
MN,89 RIVINGTON STREET,40.7200024,-73.9888347
BX,1913 COLDEN AVENUE,40.8503237,-73.8583581
QN,BELL BOULEVARD,40.7775868,-73.7759587
MN,486 8 AVENUE,40.7523688,-73.9930088
MN,5 WEST 46 STREET,40.7564624,-73.9794655
QN,213 STREET,40.7729127,-73.7760972
QN,213 STREET,40.7728496,-73.7760865
MN,488 8 AVENUE,40.7523963,-73.9929114
MN,265 WEST 34 STREET,40.7522096,-73.9928645
BX,337 EAST 150 STREET,40.8175834,-73.9197158
MN,350 WEST 52 STREET,40.7640664,-73.9870332
MN,WEST 51 STREET,40.763446,-73.9863113
MN,245 WEST 34 STREET,40.7519488,-73.9921607
MN,136 WEST 44 STREET,40.7565647,-73.9847606
QN,69 AVENUE,40.7261584,-73.8422892
BX,HEATH AVENUE,40.8779992,-73.9011392
BX,PHILIP AVENUE,40.8300202,-73.818595
MN,8 WEST 70 STREET,40.7749698,-73.9776437
QN,70 AVENUE,40.7237824,-73.8409708
BX,HEATH AVENUE,40.8778318,-73.9012443
QN,128 AVENUE,40.6801626,-73.7682892
MN,168 EAST 68 STREET,40.767204,-73.9631193
BX,4019 PAULDING AVENUE,40.8863886,-73.8514641
MN,132 EAST 125 STREET,40.8042085,-73.9377635
MN,1811 PARK AVENUE,40.804566,-73.9389263
MN,1815 PARK AVENUE,40.8047004,-73.9388287
MN,EAST 125 STREET,40.8036013,-73.9366335
BX,HOLLYWOOD AVENUE,40.8302907,-73.8212899
MN,EAST 124 STREET,40.8033934,-73.9377824
MN,182 EAST 123 STREET,40.8024243,-73.9374293
MN,EAST 125 STREET,40.8038487,-73.9372907
MN,164 EAST 124 STREET,40.803223,-73.937378
QN,126 AVENUE,40.6810067,-73.7703702
QN,133 STREET,40.6908203,-73.8134602
MN,1710 LEXINGTON AVENUE,40.7929099,-73.9460914
MN,2000 2 AVENUE,40.7886763,-73.9435091
BX,1622 SEDDON STREET,40.8408341,-73.848848
MN,1602 LEXINGTON AVENUE,40.7894664,-73.9486076
BK,6118 15 AVENUE,40.6253547,-73.9954177
MN,20 EAST 129 STREET,40.808354,-73.939555
MN,13 EAST 128 STREET,40.8081785,-73.9399055
MN,66 EAST 129 STREET,40.8076257,-73.937829
MN,2000 MADISON AVENUE,40.8072892,-73.9397438
MN,6 EAST 130 STREET,40.8091252,-73.9394495
MN,4 EAST 130 STREET,40.8091472,-73.9395073
MN,2157 5 AVENUE,40.8105412,-73.938863
MN,5 AVENUE,40.8104808,-73.9389064
MN,2086 MADISON AVENUE,40.809849,-73.9379606
QN,BEACH 26 STREET,40.5956212,-73.7594545
MN,1578 LEXINGTON AVENUE,40.789044,-73.9491641
QN,ROCKAWAY BEACH BLVD,40.5758117,-73.8475939
MN,24 EAST 130 STREET,40.8089219,-73.9389801
MN,68 EAST 130 STREET,40.808276,-73.9374455
MN,64 EAST 130 STREET,40.80832,-73.9375538
MN,ST NICHOLAS AVENUE,40.8115573,-73.9515492
MN,WEST 126 STREET,40.811409,-73.9514445
MN,ST NICHOLAS AVENUE,40.8115902,-73.9514986
MN,WEST 128 STREET,40.8121249,-73.9503422
MN,ST NICHOLAS AVENUE,40.8144683,-73.9489171
MN,169 EAST 103 STREET,40.789943,-73.9464116
MN,167 EAST 103 STREET,40.7900419,-73.946462
MN,163 EAST 103 STREET,40.7901106,-73.9466281
BX,2175 STRANG AVENUE,40.8917478,-73.8364132
BK,EAST 1 STREET,40.5917326,-73.9697945
MN,103 WEST 82 STREET,40.7841613,-73.9743763
BK,BROADWAY,40.6805908,-73.9059134
MN,1646 PARK AVENUE,40.7997924,-73.9433552
QN,106-09 109 AVENUE,40.6793775,-73.8332098
MN,322 ST NICHOLAS AVENUE,40.8114915,-73.9517551
MN,328 ST NICHOLAS AVENUE,40.8116231,-73.9514516
MN,270 WEST 115 STREET,40.8032011,-73.9551709
MN,111 EAST 111 STREET,40.7963102,-73.945034
MN,1382 2 AVENUE,40.7681054,-73.9585195
MN,242 EAST 71 STREET,40.7681085,-73.9594329
MN,1341 2 AVENUE,40.7679465,-73.9593319
MN,157 EAST 108 STREET,40.7934114,-73.944408
MN,1347 2 AVENUE,40.7681276,-73.9591982
MN,2136 FREDERICK DOUGLASS BOULEVARD,40.8038599,-73.9553691
MN,1345 2 AVENUE,40.7680645,-73.9592452
MN,257 EAST 71 STREET,40.7684981,-73.9591691
QN,NASHVILLE BOULEVARD,40.6972423,-73.7444606
BX,SEDGWICK AVENUE,40.8526498,-73.9197132
QN,127 AVENUE,40.6806922,-73.770941
MN,156 EAST 108 STREET,40.793162,-73.9450547
MN,152 EAST 108 STREET,40.7932498,-73.9450763
MN,174 EAST 108 STREET,40.7929613,-73.9445239
MN,227 WEST 120 STREET,40.8067102,-73.9518742
MN,2262 8 AVENUE,40.8077041,-73.952567
MN,1733 LEXINGTON AVENUE,40.7933679,-73.9451737
MN,1731 LEXINGTON AVENUE,40.7933267,-73.9452062
MN,1723 LEXINGTON AVENUE,40.7931648,-73.9453219
MN,1725 LEXINGTON AVENUE,40.7932032,-73.945293
MN,143 EAST 111 STREET,40.7957031,-73.9439655
BK,FRANK COURT,40.5865084,-73.921549
BK,15 GAIN COURT,40.5865779,-73.9228018
MN,162 EAST 124 STREET,40.8032504,-73.937443
MN,136 WEST 90 STREET,40.7895157,-73.9720269
MN,WEST 87 STREET,40.7878413,-73.9718362
QN,6 ROAD,40.5948034,-73.7406001
MN,224 WEST 123 STREET,40.8079338,-73.950497
MN,WEST 131 STREET,40.8123636,-73.9440273
MN,WEST 130 STREET,40.8120073,-73.945133
MN,142 WEST 131 STREET,40.8120948,-73.9445694
MN,130 WEST 134 STREET,40.81401,-73.943307
MN,WEST 133 STREET,40.8132657,-73.9422961
MN,WEST 133 STREET,40.8132437,-73.9422455
QN,266 STREET,40.7368133,-73.7020177
BX,2415 JEROME AVENUE,40.8617954,-73.90219
MN,261 WEST 134 STREET,40.8156829,-73.9461054
MN,WEST 52 STREET,40.7640993,-73.9871126
BX,648 TAYLOR AVENUE,40.8188738,-73.8620885
BX,629 LELAND AVENUE,40.818949,-73.8607733
BX,1900 SEWARD AVENUE,40.8191764,-73.8581426
BX,1869 LACOMBE AVENUE,40.8155713,-73.8593136
MN,2150 2 AVENUE,40.7932803,-73.9400887
BX,519 BOLTON AVENUE,40.8161738,-73.8582249
BX,525A BOLTON AVENUE,40.8163136,-73.8581198
BX,1910 RANDALL AVENUE,40.8175211,-73.8579474
BX,628 BOLTON AVENUE,40.8186275,-73.8582052
BX,1920 RANDALL AVENUE,40.8175755,-73.8575933
BX,558 UNDERHILL AVENUE,40.8171351,-73.8588153
BX,560 UNDERHILL AVENUE,40.8172038,-73.8588333
MN,209 WEST 134 STREET,40.8150867,-73.9446933
MN,1985 3 AVENUE,40.7935671,-73.9428296
MN,203 WEST 135 STREET,40.815789,-73.944122
MN,618 WEST 114 STREET,40.8069376,-73.9659763
MN,21 PARK PLACE,40.713223,-74.0086175
MN,773 ST NICHOLAS AVENUE,40.8266194,-73.943448
MN,449 CONVENT AVENUE,40.8274183,-73.9438773
BX,529 BEACH AVENUE,40.8158254,-73.862915
BX,511 BEACH AVENUE,40.8153175,-73.8627968
BX,516 ST LAWRENCE AVENUE,40.8154112,-73.8631579
BX,525 TAYLOR AVENUE,40.8157419,-73.8619433
MN,451 CONVENT AVENUE,40.8274842,-73.9439026
BK,72 HANSON PLACE,40.6852212,-73.9746775
MN,223 WEST 148 STREET,40.824328,-73.938919
MN,WEST 148 STREET,40.8243939,-73.9390779
MN,WEST 148 STREET,40.8243609,-73.9389949
BX,522A ST LAWRENCE AVENUE,40.8156665,-73.8631971
BX,1810 RANDALL AVENUE,40.8168348,-73.8623854
BX,631 SOUNDVIEW AVENUE,40.8181008,-73.8629825
MN,COOPER STREET,40.8684283,-73.9225505
BX,1129 FINDLAY AVENUE,40.8308388,-73.9137808
MN,206 WADSWORTH AVENUE,40.8515748,-73.9341624
BX,MC GRAW AVENUE,40.8338432,-73.8665385
MN,CUMMING STREET,40.8666306,-73.9268261
MN,COOPER STREET,40.8684858,-73.9223877
MN,4849 BROADWAY,40.8668624,-73.9245842
BX,EAST 174 STREET,40.8345685,-73.869504
BX,COMMONWEALTH AVENUE,40.8345927,-73.8690558
BX,644 TAYLOR AVENUE,40.8188106,-73.8620742
QN,28 STREET,40.7762596,-73.9132882
BX,1841 LACOMBE AVENUE,40.8153721,-73.8602894
QN,16 ROAD,40.6017513,-73.8234934
QN,203 AVENUE,40.6021165,-73.8236184
BX,307 ALEXANDER AVENUE,40.8117046,-73.9243433
BX,846 OLMSTEAD AVENUE,40.8242493,-73.852105
BX,MICKLE AVENUE,40.8671288,-73.8409606
QN,DAVENPORT COURT,40.6533842,-73.8293465
BK,STARR STREET,40.7053011,-73.9233424
QN,133-27 122 STREET,40.6709766,-73.8175207
BX,DYRE AVENUE,40.8918134,-73.8304886
BK,MELBA COURT,40.5876084,-73.9247412
BK,DARE COURT,40.5886173,-73.9228534
QN,41-87 GLENWOOD STREET,40.7733233,-73.7354061
BK,5203 20 AVENUE,40.6236043,-73.9780618
BX,792 EAST 160 STREET,40.819948,-73.9036606
BX,755 BEACH AVENUE,40.8207096,-73.8640502
QN,55-44 66 STREET,40.7263153,-73.8988712
BK,51 STREET,40.6316207,-73.9899591
BK,59 STREET,40.625865,-73.9915847
BK,308 HALSEY STREET,40.6825111,-73.9416701
BK,EASTERN PARKWAY,40.6718984,-73.9132905
BK,KINGS HIGHWAY,40.6318554,-73.9303729
BK,CLEVELAND STREET,40.662407,-73.8798106
BK,332 WYONA STREET,40.6704621,-73.8928601
BK,659 BARBEY STREET,40.6663627,-73.8856141
QN,192 STREET,40.7500556,-73.7883297
BX,314 EAST 140 STREET,40.8113453,-73.9247664
BX,301 EAST 139 STREET,40.8110984,-73.9249473
BK,148 23 STREET,40.6620059,-73.9979924
QN,CRYDERS LANE,40.7874354,-73.8016842
BK,74 EMERSON PLACE,40.6954724,-73.96282
BK,559A 3 STREET,40.6697712,-73.9764678
BX,1517 ROSEDALE AVENUE,40.8383461,-73.8703025
BX,WEST 167TH STREET,40.8360999,-73.9248215
BX,242 WEST FORDHAM ROAD,40.8615743,-73.9104801
BK,EAST 39 STREET,40.6252557,-73.9378908
QN,191-49 FOOTHILL AVENUE,40.7176076,-73.7700241
BK,962 FRANKLIN AVENUE,40.6654521,-73.9604469
BK,102 3 STREET,40.677069,-73.9926886
BK,3 STREET,40.6768989,-73.9929951
BK,HULL STREET,40.6801184,-73.9089678
BK,SUTTER AVENUE,40.674275,-73.8622938
QN,182 PLACE,40.6681196,-73.7620876
BK,AVENUE C,40.6400952,-73.9794761
QN,112 ROAD,40.7043655,-73.7313807
BX,CROSBY AVENUE,40.8362396,-73.8273994
BX,EASTCHESTER ROAD,40.8626673,-73.8439539
QN,79 STREET,40.7298722,-73.8839176
BX,765 PROSPECT AVENUE,40.817661,-73.9028185
BX,247 WILLIS AVENUE,40.8097438,-73.9228211
BX,SPENCER AVENUE,40.9083812,-73.8992996
BX,EAST 219 STREET,40.8799934,-73.8513916
BX,2097 BUSSING AVENUE,40.8963987,-73.8413499
QN,136-18 HILLSIDE AVENUE,40.7037383,-73.8175717
QN,43-19 54 STREET,40.7430845,-73.9106104
QN,106-12 153 STREET,40.6954345,-73.8004613
BX,781 PROSPECT AVENUE,40.8183141,-73.902673
BX,779 PROSPECT AVENUE,40.8182373,-73.9027346
BX,1948 BRUCKNER BOULEVARD,40.8250174,-73.8583723
BX,227 ST ANNS AVENUE,40.8074565,-73.9174053
QN,156 STREET,40.7678848,-73.8083273
QN,32 AVENUE,40.7699228,-73.8211089
QN,23 AVENUE,40.7783945,-73.8408223
QN,193 STREET,40.7492351,-73.7869428
BX,4597 3 AVENUE,40.8559117,-73.8909708
BX,VAN NEST AVENUE,40.8440111,-73.8654628
BX,NETHERLAND AVENUE,40.8811323,-73.9131949
QN,255-21 IOWA ROAD,40.7704002,-73.7306883
BK,228 SUNNYSIDE AVENUE,40.6827086,-73.8892529
BX,COUNTRY CLUB ROAD,40.8428123,-73.8249753
BK,AVENUE I,40.6266717,-73.9721888
BK,NEPTUNE AVENUE,40.5821385,-73.9579654
BK,2366 ATLANTIC AVENUE,40.67581,-73.906688
QN,31-23 LINDEN PLACE,40.7687809,-73.8320003
QN,103 STREET,40.6832859,-73.8388824
QN,140 STREET,40.6842602,-73.8034621
QN,109 AVENUE,40.6870635,-73.8072544
QN,90 AVENUE,40.6884783,-73.8592825
QN,BEACH 141 STREET,40.5705283,-73.856385
QN,37 AVENUE,40.753503,-73.8625776
BK,356I OVINGTON AVENUE,40.6337621,-74.0251877
BK,REMSEN AVENUE,40.6573698,-73.9243778
QN,62 STREET,40.7509675,-73.9006492
BK,EAST 92 STREET,40.6401194,-73.9030951
QN,79 STREET,40.7300782,-73.8840796
BK,16 STREET,40.6673197,-73.9940523
BX,LODOVICK AVENUE,40.857632,-73.8369417
QN,59 STREET,40.7192085,-73.9079296
QN,70 AVENUE,40.7067179,-73.8791428
QN,247 STREET,40.7672342,-73.7409285
MN,WEST BROADWAY,40.7179523,-74.007085
BX,SWINTON AVENUE,40.8316263,-73.83152
QN,79 STREET,40.7295508,-73.8836584
QN,GRAND AVENUE,40.7336638,-73.8878296
BK,71 STREET,40.6362411,-74.0341673
QN,31 AVENUE,40.7680934,-73.9330644
BK,VARET STREET,40.7039858,-73.9359059
QN,451A DREW STREET,40.6801607,-73.8630316
QN,34 AVENUE,40.7523777,-73.89384
QN,62 STREET,40.7512767,-73.8994938
QN,36 STREET,40.7634458,-73.9190086
BX,2158 HOMER AVENUE,40.8215422,-73.8493759
QN,3-19 BEACH 49 STREET,40.5939123,-73.7791243
QN,130 STREET,40.6789421,-73.8108327
QN,116 AVENUE,40.6771588,-73.8129864
QN,126 STREET,40.6776742,-73.8126245
QN,134 STREET,40.677353,-73.8059196
QN,134 STREET,40.6784837,-73.8058551
QN,134 STREET,40.6778117,-73.8061454
BK,52 STREET,40.6296827,-73.988259
QN,175 PLACE,40.6950238,-73.7757168
BX,STRANG AVENUE,40.8897376,-73.843507
QN,177 STREET,40.6940215,-73.7726766
BX,MURDOCK AVENUE,40.889447,-73.8397969
QN,176 STREET,40.6934532,-73.7740056
BX,MURDOCK AVENUE,40.8898307,-73.8393439
QN,BAYVIEW AVENUE,40.637513,-73.7456838
QN,EDGEWOOD STREET,40.6554265,-73.7412042
QN,EDGEWOOD STREET,40.6547147,-73.7408069
QN,EDGEWOOD STREET,40.6549208,-73.7409214
QN,EDGEWOOD STREET,40.6540908,-73.7404597
QN,87 STREET,40.6486886,-73.8433624
BX,1047 WHITE PLAINS ROAD,40.8272653,-73.8605283
BX,2160 HOMER AVENUE,40.8215504,-73.8493073
BX,BOSTON ROAD,40.8647154,-73.8639494
BX,EAST 219 STREET,40.8808925,-73.8547997
BX,OLINVILLE AVENUE,40.8828075,-73.8655144
BX,WILLETT AVENUE,40.8827322,-73.8644948
BX,PAULDING AVENUE,40.8821932,-73.8545871
BX,4115 GUNTHER AVENUE,40.8922019,-73.8494256
BX,BARNES AVENUE,40.8894471,-73.8565026
BX,DECATUR AVENUE,40.8686896,-73.8839536
BX,BARNES AVENUE,40.8919703,-73.8550142
QN,28 STREET,40.7587936,-73.9319692
QN,25 STREET,40.7600754,-73.9320148
BX,2163 HOMER AVENUE,40.8219813,-73.8493171
QN,27 STREET,40.7711596,-73.9205227
QN,28 STREET,40.7702605,-73.9222278
QN,25-45E CRESCENT STREET,40.7717453,-73.9221142
QN,27 STREET,40.77125,-73.9203132
QN,27 STREET,40.771187,-73.9204577
QN,103 AVENUE,40.6835887,-73.8394766
QN,103 STREET,40.6823924,-73.8378678
QN,101-40A 106 STREET,40.6854734,-73.8368363
QN,101-45A 105 STREET,40.6853885,-73.8370096
QN,101 STREET,40.6844686,-73.840621
QN,GUY R BREWER BLVD,40.6988872,-73.7925998
QN,101 AVENUE,40.6893022,-73.8291716
QN,21 AVENUE,40.7774442,-73.9083293
QN,31 STREET,40.7746886,-73.9120266
QN,109 AVENUE,40.6877467,-73.8054531
QN,LAKEWOOD AVENUE,40.6874641,-73.8055296
QN,BRINKERHOFF AVENUE,40.6875008,-73.7997314
QN,111 AVENUE,40.6851536,-73.8058717
QN,140 STREET,40.6841503,-73.8034084
QN,142 STREET,40.6877687,-73.8039097
QN,139 STREET,40.6841135,-73.8043964
QN,109 AVENUE,40.6887455,-73.8036869
QN,BRINKERHOFF AVENUE,40.689341,-73.7973027
QN,SUTPHIN BOULEVARD,40.6912503,-73.7982633
QN,107 AVENUE,40.6991075,-73.7899773
QN,SUTPHIN BOULEVARD,40.6895981,-73.7967647
QN,BENTON STREET,40.6825164,-73.7557302
QN,FERNDALE AVENUE,40.6885639,-73.8018268
QN,WILLIAMSON AVENUE,40.6821675,-73.7555837
QN,86 AVENUE,40.7113676,-73.8018781
QN,218 STREET,40.6794012,-73.7519524
QN,134-32 217 STREET,40.6793291,-73.7528937
QN,NASHVILLE BOULEVARD,40.6867716,-73.7509695
QN,LINDEN BOULEVARD,40.6917292,-73.7642716
QN,180 STREET,40.6830906,-73.7612194
QN,BEACH 141 STREET,40.5706052,-73.856428
QN,NASHVILLE BOULEVARD,40.6836003,-73.7556109
QN,200 STREET,40.6908879,-73.7505899
QN,108 AVENUE,40.6991459,-73.7840374
QN,172 STREET,40.6989173,-73.7836126
QN,WREN PLACE,40.7003231,-73.7824034
QN,WREN PLACE,40.7003967,-73.7821075
QN,108 AVENUE,40.6998528,-73.7833679
QN,49 AVENUE,40.7458219,-73.8548703
QN,162-22 GLENN AVENUE,40.7111028,-73.8027445
QN,ROOSEVELT AVENUE,40.757503,-73.8379773
QN,GRAND AVENUE,40.7210577,-73.9069818
BK,EAST 94 STREET,40.6494332,-73.9108332
QN,40 ROAD,40.7558203,-73.8359096
QN,255 STREET,40.7775746,-73.7425745
QN,BEACH 130 STREET,40.5779427,-73.8504365
QN,217 STREET,40.7872961,-73.8187547
QN,144 PLACE,40.7762993,-73.8231823
QN,BELL BOULEVARD,40.7728006,-73.7749169
QN,29 ROAD,40.7717082,-73.8202377
QN,LAWRENCE STREET,40.7585608,-73.8348524
QN,146 STREET,40.7860758,-73.8194839
QN,WOODBINE STREET,40.7038225,-73.9059491
QN,213 STREET,40.773234,-73.7761683
QN,29 ROAD,40.771774,-73.8201725
QN,29 ROAD,40.7714413,-73.8215381
QN,29 ROAD,40.7714548,-73.8213973
QN,LUKE PLACE,40.7523957,-73.7610792
QN,45 DRIVE,40.7580683,-73.7728695
QN,HASPEL STREET,40.7328163,-73.8802934
QN,158 STREET,40.6711323,-73.7780358
BX,SEXTON PLACE,40.867803,-73.8483926
BX,SEXTON PLACE,40.8694342,-73.8469462
QN,46 ROAD,40.7557445,-73.7761982
QN,WOODSIDE AVENUE,40.7449197,-73.9025529
QN,UTOPIA PARKWAY,40.7766481,-73.793625
QN,WILLETS POINT BLVD,40.7815127,-73.8019582
QN,WILLETS POINT BLVD,40.7819565,-73.8014694
QN,UTOPIA PARKWAY,40.776654,-73.793856
QN,WILLETS POINT BLVD,40.7852872,-73.7959345
QN,GUY R BREWER BLVD,40.6763617,-73.7783429
QN,159 STREET,40.6732523,-73.7785695
MN,WEST END AVENUE,40.7796343,-73.9848926
MN,WEST 72 STREET,40.7805047,-73.9872611
BX,871 FOX STREET,40.8186427,-73.8955118
BX,869 FOX STREET,40.8185988,-73.8955589
BX,1660 EAST 172 STREET,40.8318138,-73.8729098
BX,865 FOX STREET,40.8184644,-73.8956313
BK,44 STREET,40.6413788,-73.9947392
BK,51 STREET,40.63842,-74.0015457
BK,52 STREET,40.6384639,-74.0016394
BK,52 STREET,40.6385215,-74.0017655
BK,52 STREET,40.6373111,-74.0000324
BK,TROY AVENUE,40.6382914,-73.9342251
BK,EAST 49 STREET,40.6455848,-73.9304378
BK,EAST 49 STREET,40.645486,-73.9304055
QN,102 STREET,40.6581139,-73.8314573
BK,CLARENDON ROAD,40.6445318,-73.9320316
BK,CLARENDON ROAD,40.6440777,-73.939711
BK,UTICA AVENUE,40.6616559,-73.9310843
BK,EAST 96 STREET,40.6544387,-73.9131114
BK,OSBORN STREET,40.6549756,-73.9116763
BK,EAST 94 STREET,40.6478067,-73.9087561
BX,CROES AVENUE,40.8357465,-73.8724469
QN,88 AVENUE,40.7307724,-73.7323242
QN,93 ROAD,40.7222323,-73.7318642
BX,SCHLEY AVENUE,40.8252778,-73.8188681
BX,LOGAN AVENUE,40.8262634,-73.8190533
QN,220 STREET,40.7216552,-73.7351242
QN,ALDERTON STREET,40.7189965,-73.8585398
QN,88 AVENUE,40.7307577,-73.7319309
BX,GIEGERICH PLACE,40.8145912,-73.802958
BX,DAVIS AVENUE,40.8145523,-73.8247967
BX,POST ROAD,40.9034751,-73.897672
BK,AVENUE M,40.6168145,-73.9012631
BK,EAST 68 STREET,40.6176779,-73.9097842
BK,IRA COURT,40.5908196,-73.9285866
BK,POST COURT,40.5857422,-73.9250097
QN,CALAMUS AVENUE,40.7347452,-73.8906422
BX,FIELDSTON ROAD,40.9071582,-73.9005568
BX,FIELDSTON ROAD,40.9046139,-73.9005859
BK,EAST 100 STREET,40.6414479,-73.8938147
QN,92 STREET,40.6903593,-73.8512264
QN,SPRINGFIELD BLVD,40.6549423,-73.7636375
BK,EAST 95 STREET,40.6345476,-73.8939194
QN,93 AVENUE,40.6890062,-73.8491561
BX,MINNIEFORD AVENUE,40.8554703,-73.7900872
BX,SHORE DRIVE,40.8203385,-73.8061313
QN,GLENWOOD STREET,40.7736265,-73.7359754
QN,44 AVENUE,40.7672502,-73.7431667
QN,CHURCH STREET,40.7674145,-73.7429784
BX,240 FOOD CENTER DRIVE,40.8091538,-73.8783066
BK,SUTTER AVENUE,40.6722361,-73.877255
BX,SEDDON STREET,40.8418776,-73.8513177
QN,91 STREET,40.767152,-73.8792245
QN,97-24 105 STREET,40.6874278,-73.8389229
QN,185 STREET,40.669277,-73.7590158
BX,SEYMOUR AVENUE,40.871303,-73.8467105
BK,HAMILTON AVENUE,40.671308,-73.9979488
BK,WILLOUGHBY AVENUE,40.6927979,-73.9593561
BK,289 WILLOUGHBY AVENUE,40.692765,-73.9596518
BK,WILLOUGHBY AVENUE,40.6927897,-73.9594462
BK,WILLOUGHBY AVENUE,40.6928198,-73.9591794
BK,DRIGGS AVENUE,40.7100412,-73.9613835
BK,DRIGGS AVENUE,40.7100961,-73.9615566
BX,1224 SOUTHERN BOULEVARD,40.829283,-73.8915203
BX,1175 HOE AVENUE,40.8282342,-73.8911679
BK,WEST 7 STREET,40.5990221,-73.9792186
BK,WEST 3 STREET,40.6005667,-73.975293
QN,73 STREET,40.7676409,-73.8963897
QN,77 STREET,40.7699407,-73.8931477
QN,ARCHER AVENUE,40.7036496,-73.7942585
QN,78 STREET,40.7678257,-73.8914868
MN,F D R DRIVE,40.7920984,-73.9370056
MN,2 AVENUE,40.7919907,-73.9410289
BK,CONDUIT BOULEVARD,40.6768945,-73.8677647
QN,WOODHAVEN BOULEVARD,40.6964197,-73.8532973
QN,89 STREET,40.6969401,-73.8567871
QN,MAYFIELD ROAD,40.7148721,-73.7922038
QN,CROYDON ROAD,40.7172829,-73.7896927
BX,EAST TREMONT AVENUE,40.8432212,-73.8482426
BX,POPLAR STREET,40.8444919,-73.8481168
BX,WASHINGTON AVENUE,40.8451712,-73.8995616
BK,FORT HILL PLACE,40.6127091,-74.0270526
BX,WASHINGTON AVENUE,40.8540652,-73.8947007
BX,BATHGATE AVENUE,40.8508324,-73.8952263
BX,EAST 175 STREET,40.8445411,-73.897806
BX,BATHGATE AVENUE,40.8481954,-73.8959787
BX,1218 SOUTHERN BOULEVARD,40.8291238,-73.8915025
QN,69 STREET,40.7489043,-73.8953722
QN,71 STREET,40.7496913,-73.8946022
QN,48 STREET,40.7306929,-73.9192973
QN,42-21 54 DRIVE,40.7312488,-73.9254954
QN,46 STREET,40.7335645,-73.9201598
QN,54 DRIVE,40.7294586,-73.9246279
MN,EAST 75 STREET,40.7707147,-73.9558896
BK,53 STREET,40.631997,-73.9926828
BK,54 STREET,40.6289802,-73.9899451
BK,52 STREET,40.631091,-73.9905969
QN,160 STREET,40.6753802,-73.7803506
QN,17 AVENUE,40.7833658,-73.8054229
QN,DORAN AVENUE,40.709949,-73.8624546
QN,28 AVENUE,40.7713936,-73.8476228
QN,60 STREET,40.7150326,-73.9064708
BX,TIER STREET,40.8481164,-73.7881188
BX,FORDHAM PLACE,40.8484897,-73.7837188
QN,KEW GARDENS ROAD,40.7052554,-73.822314
QN,87 AVENUE,40.7304377,-73.726585
BK,WOLCOTT STREET,40.6766047,-74.012528
BK,57 DOUGLASS STREET,40.6838486,-73.992778
BK,47 STREET,40.6418757,-73.9999784
BK,61 STREET,40.6369507,-74.0142428
BK,VANDERBILT AVENUE,40.6951259,-73.9697333
BK,VANDERBILT AVENUE,40.695178,-73.9697441
BK,47 STREET,40.6368113,-73.9925165
BK,FT HAMILTON PARKWAY,40.6412496,-73.9925556
BK,62 STREET,40.6254591,-73.9964444
BK,61 STREET,40.6223679,-73.9889375
BK,ABERDEEN STREET,40.6818868,-73.9064704
BX,BRUCKNER EXPRESSWAY,40.826148,-73.853781
QN,145 AVENUE,40.6642004,-73.7745517
BX,939 HAVEMEYER AVENUE,40.8268693,-73.847008
BX,599 COURTLANDT AVENUE,40.8177752,-73.9192893
BK,363 WYONA STREET,40.6699482,-73.8921472
BX,BAILEY AVENUE,40.8662796,-73.9081454
QN,220 STREET,40.6619135,-73.7593776
QN,THURSBY AVENUE,40.5947971,-73.8022924
QN,BEACH 72 STREET,40.5941226,-73.8010989
QN,BEACH 68 STREET,40.5953563,-73.7971055
QN,BEACH 69 STREET,40.5943011,-73.7979945
BX,2063 PITMAN AVENUE,40.8973918,-73.8429681
BX,4125 MONTICELLO AVENUE,40.8945934,-73.8398496
BX,PRATT AVENUE,40.8899411,-73.8339908
QN,ASTORIA BOULEVARD,40.7696319,-73.9108997
QN,101-61 132 STREET,40.6913651,-73.814288
QN,111 AVENUE,40.68148,-73.816962
QN,111 AVENUE,40.6846983,-73.8127381
QN,135 STREET,40.6776562,-73.8050427
QN,135 STREET,40.6755096,-73.8033581
QN,120 AVENUE,40.6758803,-73.8034652
QN,38 STREET,40.7390868,-73.9283374
BK,SHEEPSHEAD BAY ROAD,40.5868088,-73.9544053
BK,EAST 29 STREET,40.5848864,-73.9400849
BK,CANDA AVENUE,40.5848533,-73.9398041
QN,SPRINGFIELD BLVD,40.6742327,-73.7557498
QN,134 ROAD,40.6787958,-73.7524919
QN,98 STREET,40.7597183,-73.8706974
QN,199 STREET,40.6937008,-73.7528837
QN,65 PLACE,40.7450319,-73.8989619
QN,45 AVENUE,40.7420918,-73.8759823
QN,FRANCIS LEWIS BLVD,40.7672485,-73.7897335
QN,231 STREET,40.6784697,-73.736691
BK,RIDGE BOULEVARD,40.6301101,-74.0308569
BX,305 EAST 150 STREET,40.8178669,-73.9209258
BX,285 EAST 149 STREET,40.8174202,-73.9218982
BK,STERLING STREET,40.6622707,-73.9600667
QN,91 STREET,40.6634499,-73.8432124
QN,158 AVENUE,40.6601563,-73.8433463
QN,158 AVENUE,40.6608844,-73.8418416
BK,EAST 3 STREET,40.5941008,-73.9677878
BK,EAST 3 STREET,40.5980921,-73.9691039
BK,EAST 8 STREET,40.6018563,-73.9634519
QN,VAN WYCK EXPRESSWAY,40.675149,-73.802768
QN,LINCOLN STREET,40.6763343,-73.8073322
QN,130 STREET,40.6757239,-73.8083759
QN,VAN WYCK EXPRESSWAY,40.6769205,-73.8018182
BK,706A HANCOCK STREET,40.6849401,-73.9270543
QN,140 STREET,40.6773034,-73.8009878
QN,141 STREET,40.6758448,-73.8003505
QN,108 AVENUE,40.6925496,-73.8003942
BX,HOLLERS AVENUE,40.886789,-73.8203424
BX,RIDGE PLACE,40.8874818,-73.8090603
BX,MC OWEN AVENUE,40.8868154,-73.8179518
BX,BEECH TREE LANE,40.8858324,-73.8026709
BX,SECOR AVENUE,40.8899828,-73.8324246
BX,FLINT AVENUE,40.889659,-73.8180163
QN,NELLIS STREET,40.6819996,-73.7592655
BX,WEST STREET,40.8896449,-73.8177415
QN,76 STREET,40.742519,-73.8884678
BX,ARMAND PLACE,40.876363,-73.9007909
QN,79-42 78 AVENUE,40.7046658,-73.8699314
QN,84 STREET,40.7044411,-73.8654775
QN,45 AVENUE,40.7420042,-73.8762171
QN,93 STREET,40.6798282,-73.8454129
QN,87 DRIVE,40.7284203,-73.7152497
BK,NEW UTRECHT AVENUE,40.636408,-73.9952296
QN,118 AVENUE,40.6809173,-73.7896416
QN,84-10A 101 AVENUE,40.6816298,-73.8545954
QN,BUELL STREET,40.760814,-73.86179
QN,169 STREET,40.7112543,-73.7936615
BX,EAST 177 STREET,40.8265009,-73.8289603
BX,CLARENCE AVENUE,40.8316153,-73.8171163
BX,BARKLEY AVENUE,40.8326231,-73.8226677
QN,101 AVENUE,40.6939018,-73.8111941
BX,SHORE DRIVE,40.8276927,-73.813445
BX,GILLESPIE AVENUE,40.8396478,-73.8306468
QN,133 AVENUE,40.6711797,-73.8124084
QN,SUTTER AVENUE,40.6727491,-73.7974577
QN,116-26 121 STREET,40.6752478,-73.8177434
QN,126 STREET,40.6745325,-73.8115914
QN,124 STREET,40.6726007,-73.8152668
QN,124 STREET,40.6719907,-73.8149007
QN,116 STREET,40.675828,-73.8218697
QN,116 STREET,40.6755234,-73.8219642
QN,121 STREET,40.6744687,-73.817987
QN,123 STREET,40.6724086,-73.8153178
QN,75 STREET,40.727349,-73.8859677
QN,79 STREET,40.7281802,-73.8827624
BX,WESTCHESTER AVENUE,40.8384137,-73.8430097
BX,STEPHENS AVENUE,40.8108518,-73.8538904
QN,102 STREET,40.6579558,-73.8303872
BK,MC DONALD AVENUE,40.6079195,-73.973187
QN,169 STREET,40.6699457,-73.7706066
QN,219 STREET,40.766405,-73.763751
QN,26 STREET,40.7776222,-73.9149654
QN,215 STREET,40.7091171,-73.7423988
QN,105 AVENUE,40.6961137,-73.8027889
BX,ARNOW AVENUE,40.8677392,-73.8458076
BX,ARNOW AVENUE,40.8677304,-73.8453738
BX,ORLOFF AVENUE,40.8843491,-73.896602
BX,HERING AVENUE,40.8643349,-73.8535777
BX,930 FREEMAN STREET,40.8299717,-73.8912735
BX,272 EAST 151 STREET,40.818323,-73.9215755
QN,44 STREET,40.736887,-73.92209
QN,146-12 106 AVENUE,40.693794,-73.804213
QN,105 AVENUE,40.6933921,-73.8067204
QN,106 AVENUE,40.6948676,-73.8028178
QN,105 AVENUE,40.6951521,-73.80387
QN,149 STREET,40.7100002,-73.809731
QN,164 PLACE,40.6976286,-73.7902272
QN,134 ROAD,40.6770275,-73.7471555
BX,REYNOLDS STREET,40.8413387,-73.7860912
QN,52 AVENUE,40.7403208,-73.8680502
QN,DESARC ROAD,40.6734316,-73.8444868
QN,112 ROAD,40.7049268,-73.7343612
BK,81 STREET,40.6222404,-74.0202915
QN,95-11A 116 STREET,40.6911945,-73.8299637
BK,FLATBUSH AVENUE,40.6771016,-73.972074
QN,DORAN AVENUE,40.7095793,-73.8631695
QN,163 DRIVE,40.6521104,-73.8310111
QN,156 AVENUE,40.6642631,-73.8378434
QN,GETTYSBURG STREET,40.7307219,-73.7306935
QN,RANGE STREET,40.7328123,-73.7337412
QN,195 PLACE,40.7145237,-73.7651866
QN,RICARD STREET,40.7107872,-73.9074687
QN,HOOK CREEK BOULEVARD,40.6728083,-73.7277117
BX,CROTONA PLACE,40.8361427,-73.9014472
QN,GRAND CENTRL PARKWAY,40.7171544,-73.8007931
BX,BRONX RIVER AVENUE,40.8387498,-73.8705474
BX,CROSS BRONX EXPWY,40.8361211,-73.8687167
BX,CROSS BRONX EXPWY,40.8357877,-73.8675646
QN,112 ROAD,40.7044307,-73.7334831
QN,113 AVENUE,40.7037206,-73.7338069
BK,NELSON STREET,40.6775797,-74.0034142
QN,GEORGE STREET,40.6974444,-73.9035058
QN,ST FELIX AVENUE,40.6961329,-73.897763
BK,COLUMBIA HEIGHTS,40.7015305,-73.9949112
BK,EAST 81 STREET,40.6319628,-73.9076284
BK,JEWELL STREET,40.7258228,-73.9457993
BK,EAST 40 STREET,40.6326748,-73.9377001
BK,BEDELL LANE,40.6441412,-73.9107033
QN,214 PLACE,40.7203732,-73.7447688
QN,BENTON STREET,40.6852692,-73.7582441
QN,BENTON STREET,40.6853297,-73.7582836
QN,193 STREET,40.690585,-73.7578354
QN,193 STREET,40.6906674,-73.7578712
QN,120 AVENUE,40.6892187,-73.7529544
QN,NASHVILLE BOULEVARD,40.6894446,-73.7482695
QN,191-09 NASHVILLE BOULEVARD,40.6843804,-73.7545876
BX,EDISON AVENUE,40.8330711,-73.8266741
QN,CHICOT ROAD,40.676263,-73.8456374
QN,SUTTER AVENUE,40.6762312,-73.8464595
QN,88 STREET,40.6732251,-73.8480887
QN,247-58 87 DRIVE,40.7288627,-73.7176905
QN,87 DRIVE,40.728821,-73.7174633
QN,248-57 88 ROAD,40.7286498,-73.7170203
QN,87 DRIVE,40.7282923,-73.7145467
QN,247-42 87 DRIVE,40.7289602,-73.7182457
QN,247-50 87 DRIVE,40.7288989,-73.717896
QN,88 ROAD,40.7288,-73.7178675
QN,248-29 88 ROAD,40.728839,-73.7180766
QN,247 STREET,40.729273,-73.7204597
QN,WILLETS POINT BLVD,40.785591,-73.7954606
BX,CRESTON AVENUE,40.8647873,-73.8961805
BK,EAST 94 STREET,40.6350845,-73.8957128
BK,WARWICK STREET,40.6683518,-73.8848321
BK,LOGAN STREET,40.6670657,-73.8729065
QN,81-58 102 AVENUE,40.6805987,-73.8553872
QN,84-03 102 ROAD,40.6805319,-73.8545834
QN,LIBERTY AVENUE,40.6797605,-73.8545454
QN,LIBERTY AVENUE,40.6798072,-73.8545849
BX,HARPER AVENUE,40.8907285,-73.8337754
QN,212 STREET,40.7666139,-73.7748909
BX,LA SALLE AVENUE,40.8390405,-73.8319891
BX,HOBART AVENUE,40.8381674,-73.8280811
BK,LESTER COURT,40.5868875,-73.9262614
BK,86 STREET,40.5915204,-73.9781948
BK,EAST 17 STREET,40.6067475,-73.9556558
BK,481 DEKALB AVENUE,40.6908513,-73.9578788
BK,8779 21 AVENUE,40.5994934,-73.9995823
BX,FTELEY AVENUE,40.8298193,-73.8712441
BK,2689 ATLANTIC AVENUE,40.6761734,-73.8952231
BX,EAST 221 STREET,40.8844528,-73.8595837
BK,3 WOODSIDE AVENUE,40.6058853,-73.9719706
BK,WILLOUGHBY AVENUE,40.7071792,-73.9202275
BK,WEST 1 STREET,40.5929903,-73.9719328
BK,TROY AVENUE,40.6668333,-73.937178
BK,141 MONTGOMERY STREET,40.666569,-73.9598947
BX,1449 FERRIS PLACE,40.8398293,-73.8424679
BX,SAMPSON AVENUE,40.8206331,-73.8167346
BX,237 ROBINSON AVENUE,40.8138269,-73.8260305
QN,165 BEACH 115 STREET,40.5791197,-73.8360161
QN,BEACH CHANNEL DRIVE,40.5831332,-73.8344942
QN,113-28 ROCKAWAY BEACH BLVD,40.5805435,-73.8355122
BX,259 BUTTRICK AVENUE,40.81506,-73.8247015
BK,123 3 STREET,40.6770552,-73.991535
BK,11 5 STREET,40.6774672,-73.9959153
BX,1801 WATSON AVENUE,40.8282587,-73.8650176
BX,1243 ST LAWRENCE AVENUE,40.8311159,-73.8673354
QN,75-10 DITMARS BOULEVARD,40.768322,-73.8938182
QN,170-15 90 AVENUE,40.7090495,-73.790184
QN,90-37 170 STREET,40.707852,-73.7897802
BX,2668 SCHURZ AVENUE,40.8124558,-73.8232561
BX,2670 SCHURZ AVENUE,40.8125077,-73.8230934
MN,552 WEST 182 STREET,40.8492544,-73.932267
BK,235 PACIFIC STREET,40.6888056,-73.9912089
BK,171 4 AVENUE,40.6787805,-73.9817211
BK,PRESIDENT STREET,40.6779029,-73.9869958
BK,MEEKER AVENUE,40.7214537,-73.9415026
BX,257 BUTTRICK AVENUE,40.8149858,-73.8246547
BX,REVERE AVENUE,40.8188209,-73.8180474
BK,WOODPOINT ROAD,40.7178359,-73.9409863
QN,97-26 SUTPHIN BOULEVARD,40.6964176,-73.805554
QN,97-34 SUTPHIN BOULEVARD,40.6962637,-73.8054535
QN,148-12 ARCHER AVENUE,40.7008502,-73.8054545
QN,148-22 89 AVENUE,40.7041293,-73.8065486
BX,1102 WHITE PLAINS ROAD,40.828599,-73.860399
BK,33 NEVINS STREET,40.6876159,-73.9813942
BK,362 FULTON STREET,40.6915006,-73.9880281
BK,MALCOLM X BOULEVARD,40.6800142,-73.9286497
QN,146 STREET,40.6693255,-73.7923385
QN,FRANKTON STREET,40.6587047,-73.7273404
BK,STERLING PLACE,40.6750352,-73.9639814
BK,1141 BEDFORD AVENUE,40.6845889,-73.9538733
BK,MERIT COURT,40.5883422,-73.9261769
BK,219 SPENCER STREET,40.691613,-73.9543192
BK,GREENE AVENUE,40.6887238,-73.9503692
MN,225 WEST 140 STREET,40.8193044,-73.9427786
BK,724 HINSDALE STREET,40.6568711,-73.8971348
MN,108 WEST 139 STREET,40.8168107,-73.9399772
QN,107-25 89 STREET,40.6773945,-73.8481837
BK,757 ROCKAWAY PARKWAY,40.6512401,-73.9083946
BK,1301 ROCKAWAY PARKWAY,40.6477842,-73.9047813
QN,45 STREET,40.756313,-73.9162163
QN,11-24 JACKSON AVENUE,40.74332,-73.9505703
QN,NORTHERN BOULEVARD,40.7626087,-73.8324852
QN,135-01 35 AVENUE,40.7647921,-73.8315411
QN,35-18 LEAVITT STREET,40.7644208,-73.8291522
QN,7-45 WYCKOFF AVENUE,40.6992202,-73.9101535
MN,530 WEST 33 STREET,40.7539527,-74.0020321
MN,WEST 41 STREET,40.7590799,-73.9972494
BX,787 EAST 163 STREET,40.8228209,-73.9026881
BK,BUFFALO AVENUE,40.6731884,-73.9249222
BX,781 EAST 163 STREET,40.8228705,-73.902894
BX,994 TINTON AVENUE,40.8239926,-73.9022709
BX,802 EAST 168 STREET,40.8286614,-73.8991493
MN,28 WEST 130 STREET,40.8099552,-73.9414284
BX,3645 PALMER AVENUE,40.8843346,-73.8385109
QN,DITMARS BOULEVARD,40.7666866,-73.8654312
BX,1175 TINTON AVENUE,40.8285834,-73.9010284
BX,1145 TINTON AVENUE,40.8275764,-73.9013984
QN,53 AVENUE,40.7323172,-73.9224453
QN,54-36 44 STREET,40.7309897,-73.9238504
QN,53-11 44 STREET,40.7321912,-73.9227918
BX,2094 VALENTINE AVENUE,40.8528591,-73.89955
BX,ST LAWRENCE AVENUE,40.8585905,-73.8279307
BK,BAINBRIDGE STREET,40.6824161,-73.9204843
QN,170 STREET,40.7657104,-73.7952436
BK,2729 EAST 11 STREET,40.5844418,-73.9589216
BK,263 ST JAMES PLACE,40.6814248,-73.9632244
BK,1137 58 STREET,40.6322168,-74.0006017
BK,SURF AVENUE,40.5725284,-73.9987941
BK,1002 AVENUE N,40.6148778,-73.9641003
BK,BAY 23 STREET,40.6009344,-74.0027404
BK,BAY 38 STREET,40.5948818,-73.9912105
BK,24 28 AVENUE,40.5900558,-73.9850183
BK,308 COOPER STREET,40.6922095,-73.9026948
BK,EAST 2 STREET,40.6149023,-73.9734147
BK,882 THOMAS S BOYLAND ST,40.6587301,-73.9111884
BK,ALBANY AVENUE,40.6264761,-73.936074
BK,240 15 STREET,40.6649697,-73.9886096
BK,ALBANY AVENUE,40.6309535,-73.9371938
BK,EAST 86 STREET,40.6370876,-73.907942
BK,EAST 39 STREET,40.6399988,-73.9394733
BK,BROOKLYN AVENUE,40.6441122,-73.9427343
BK,580 MONTAUK AVENUE,40.6641652,-73.873568
BK,869 GLENMORE AVENUE,40.6760466,-73.8779834
BK,210 MONTAUK AVENUE,40.6739389,-73.878182
BX,PELL PLACE,40.8424282,-73.786019
BK,DICTUM COURT,40.5939571,-73.9288893
BK,40 FRANK COURT,40.5877278,-73.9225916
BK,GAIN COURT,40.5860614,-73.9222335
BK,1097 DUMONT AVENUE,40.6689377,-73.8780469
QN,88 AVENUE,40.7303584,-73.7266719
QN,56 ROAD,40.7241301,-73.9015876
QN,228 STREET,40.6565481,-73.7545206
BX,458 HOWE AVENUE,40.8159907,-73.8481024
BK,HEGEMAN AVENUE,40.6637188,-73.8822845
MN,27 WEST 124 STREET,40.8064321,-73.9438155
BX,429 BEACH AVENUE,40.8136454,-73.8623992
BX,3581 LACONIA AVENUE,40.8761716,-73.8548353
BK,EAST 14 STREET,40.6122276,-73.9595996
BK,GLENMORE AVENUE,40.6723052,-73.9004383
BX,EAST 221 STREET,40.8844721,-73.8596452
QN,TROUTMAN STREET,40.7110696,-73.9179107
BK,890A UNION STREET,40.6729597,-73.9722524
MN,144 WEST 129 STREET,40.8108657,-73.9455205
BK,1448 FULTON STREET,40.6797861,-73.9429055
BK,1906 OCEAN AVENUE,40.6153439,-73.9548432
BX,WELLMAN AVENUE,40.8413387,-73.8326447
BK,929 BEDFORD AVENUE,40.6921815,-73.9553429
BK,248 QUINCY STREET,40.6866246,-73.9515174
MN,121 WEST 126 STREET,40.8090571,-73.9458543
QN,44-11 54 AVENUE,40.7320264,-73.9227054
BK,1 WILL PLACE,40.6561087,-73.8948113
BK,AUTUMN AVENUE,40.675435,-73.8684021
MN,432 WEST 31ST STREET,40.7519244,-73.9993973
QN,95 STREET,40.6563549,-73.837513
BX,SWINTON AVENUE,40.828346,-73.8293784
BK,735 DREW STREET,40.672034,-73.861235
BX,1680 STILLWELL AVENUE,40.8559308,-73.8392811
MN,OLIVER STREET,40.7130724,-73.9979042
MN,6 CHATHAM SQUARE,40.7140028,-73.9983335
MN,8 WEST 30 STREET,40.7460691,-73.9873182
QN,118 ROAD,40.6825191,-73.7831213
BX,4136 BOYD AVENUE,40.8927214,-73.8499995
QN,143 AVENUE,40.6693279,-73.7623933
QN,BRISTOL AVENUE,40.6711643,-73.8364315
MN,WEST 86 STREET,40.7864144,-73.9731404
BX,2890 WELLMAN AVENUE,40.8411835,-73.8334475
QN,111 STREET,40.7557855,-73.8571731
BK,POST COURT,40.5857064,-73.9248622
BK,HUDSON AVENUE,40.7056297,-73.9808084
BX,9 DASH PLACE,40.8881814,-73.9036738
BX,FIELDSTON ROAD,40.8960557,-73.9034852
BX,WEST 246 STREET,40.8938786,-73.906136
QN,23 19 ROAD,40.5998411,-73.8218455
BX,CONNER STREET,40.8809762,-73.8224519
BX,1830 LAFAYETTE AVENUE,40.8212867,-73.862369
BX,188 EAST 135 STREET,40.8111249,-73.9322625
QN,128 STREET,40.6702589,-73.8115855
QN,129 STREET,40.6699775,-73.8107139
QN,WILLETS POINT BLVD,40.7770912,-73.8187897
QN,170 STREET,40.6996058,-73.7862899
QN,32 STREET,40.7597504,-73.9257596
QN,15-68 CLINTONVILLE STREET,40.7850281,-73.8097332
QN,103-08 91 STREET,40.6809741,-73.8484676
QN,56 DRIVE,40.7238673,-73.9023925
QN,43 AVENUE,40.7694488,-73.7431619
QN,ST FELIX AVENUE,40.6961056,-73.8978316
QN,80 ROAD,40.7131637,-73.83187
BX,BRINSMADE AVENUE,40.8265132,-73.8280353
BX,4214 DIGNEY AVENUE,40.8940353,-73.851447
BX,4157 DIGNEY AVENUE,40.8931488,-73.8515032
BK,LAKE PLACE,40.5949241,-73.978795
BK,AVENUE T,40.5985246,-73.975391
BX,4151 GUNTHER AVENUE,40.8931246,-73.849778
QN,26 AVENUE,40.7750087,-73.841668
BX,WESTCHESTER AVENUE,40.8372867,-73.8458493
QN,13 AVENUE,40.7868034,-73.8421167
QN,HAWTREE STREET,40.6725076,-73.8372357
QN,135-19 129 STREET,40.6680562,-73.810723
QN,141 STREET,40.6769064,-73.8000048
QN,174 STREET,40.6896732,-73.7751867
BK,SMITH STREET,40.6851496,-73.9919594
BK,CHAUNCEY STREET,40.6810291,-73.9275958
BK,HIGHLAND AVENUE,40.5729671,-73.9887837
BK,EAST 19 STREET,40.6191873,-73.9566237
BK,PROSPECT AVENUE,40.6647037,-73.9905813
BK,NOSTRAND AVENUE,40.6185871,-73.9458611
QN,164 ROAD,40.6516061,-73.8296646
BK,320A EAST 92 STREET,40.6576135,-73.9233827
BK,EAST 96 STREET,40.6647051,-73.926215
BK,LINDEN BOULEVARD,40.6541277,-73.9194764
BK,LINDEN BOULEVARD,40.6540547,-73.9172313
BK,EAST 89 STREET,40.6423098,-73.9099058
BK,PITKIN AVENUE,40.6698307,-73.9121433
MN,EAST 119 STREET,40.7978849,-73.93328
MN,451 EAST 119 STREET,40.7973682,-73.9320598
BK,1151 LORING AVENUE,40.6670343,-73.8693379
BK,AUTUMN AVENUE,40.6637059,-73.865484
QN,180 STREET,40.6950737,-73.7690235
BK,FORCE TUBE AVENUE,40.6839456,-73.8801323
BX,NEILL AVENUE,40.8517164,-73.8592841
BK,2832 LINDEN BOULEVARD,40.6690097,-73.859356
BK,WORTMAN AVENUE,40.6638465,-73.8660352
BX,DUDLEY AVENUE,40.8400177,-73.8339672
BX,CODDINGTON AVENUE,40.8390784,-73.8335503
QN,91 STREET,40.7658534,-73.8788333
QN,163 AVENUE,40.6528283,-73.839756
QN,64 STREET,40.7016812,-73.8928676
BX,BAYCHESTER AVENUE,40.9006406,-73.846415
QN,VAN DER LINN STREET,40.657256,-73.8323425
QN,97 STREET,40.6570771,-73.8357632
QN,163 ROAD,40.6529526,-73.8288683
QN,UTOPIA PARKWAY,40.790676,-73.794896
QN,163 DRIVE,40.6522655,-73.8301062
QN,COLEMAN SQUARE,40.6600315,-73.8307748
BX,2263 GLEASON AVENUE,40.8324517,-73.848802
BX,2200 HAVILAND AVENUE,40.8304551,-73.8499954
BK,27 AVENUE,40.5899272,-73.9887844
BK,27 AVENUE,40.5898366,-73.9887196
BK,915 PINE STREET,40.6626213,-73.8674902
QN,58-47 57TH STREET,40.7198568,-73.9121351
QN,58-41 57TH STREET,40.7197333,-73.9120667
BX,293 EAST 207 STREET,40.8757718,-73.8768431
BK,DUMONT AVENUE,40.6713958,-73.8578585
BK,27TH AVENUE,40.5898174,-73.9888745
BK,KINGS HIGHWAY,40.6370298,-73.9267932
BK,EAST 93 STREET,40.646328,-73.9096842
BK,WEST 9 STREET,40.6749091,-73.9990014
QN,97 AVENUE,40.6864225,-73.844388
BK,VAN SINDEREN AVENUE,40.6601915,-73.8992886
BK,LINCOLN AVENUE,40.6646769,-73.8649053
BK,CRESCENT STREET,40.6643176,-73.8675482
BK,LINDEN BOULEVARD,40.6689412,-73.8572437
BK,AMBER STREET,40.6691613,-73.857665
QN,132 STREET,40.7853141,-73.8369419
BX,EAST 221 STREET,40.8833277,-73.8575862
BX,HUGHES AVENUE,40.850758,-73.8890635
QN,225 STREET,40.6718774,-73.748015
QN,62-27 108 STREET,40.7369025,-73.8513715
BK,SAPPHIRE STREET,40.6712119,-73.857812
QN,149 STREET,40.6691241,-73.7902555
QN,129 STREET,40.7846647,-73.8397023
QN,39 STREET,40.7387706,-73.9274212
QN,LAKEWOOD AVENUE,40.687464,-73.8054647
QN,108 AVENUE,40.6926564,-73.8002785
QN,59 STREET,40.7503909,-73.9035446
QN,61 STREET,40.7514098,-73.90106
QN,156 STREET,40.6924158,-73.7945348
QN,120 AVENUE,40.6887575,-73.7554802
QN,117 ROAD,40.6915487,-73.7592959
QN,118 ROAD,40.6900425,-73.7596295
QN,120 AVENUE,40.6868882,-73.7593272
QN,87 STREET,40.6962726,-73.8585303
QN,WOODHAVEN BOULEVARD,40.6876213,-73.8479729
QN,26 STREET,40.777331,-73.9146625
QN,150 STREET,40.6957155,-73.8010951
QN,114 STREET,40.680921,-73.826435
QN,114 STREET,40.6884115,-73.8301223
BK,LEXINGTON AVENUE,40.6890275,-73.9371138
BK,ST MARKS AVENUE,40.6733939,-73.9244425
BK,PROSPECT PLACE,40.6732896,-73.9244282
BK,2035A WEST 12 STREET,40.5973045,-73.9831226
BK,AVENUE X,40.5908993,-73.9642824
BK,66 OCEAN COURT,40.5901857,-73.9644413
BK,EAST 7 STREET,40.6112584,-73.9671781
BK,TEHAMA STREET,40.6439083,-73.9826063
BK,CHURCH AVENUE,40.6421759,-73.9800952
QN,145 AVENUE,40.6642299,-73.7566911
QN,134-20 241 STREET,40.6731974,-73.7333087
QN,65 STREET,40.7385754,-73.9011152
QN,58 ROAD,40.7268344,-73.9024098
QN,96 STREET,40.6606086,-73.8370052
QN,165 AVENUE,40.6503038,-73.8288462
QN,164 DRIVE,40.6509977,-73.8284769
QN,164 AVENUE,40.6519779,-73.8286582
QN,104 STREET,40.6515454,-73.827625
BK,EAST 49 STREET,40.645448,-73.9311947
QN,6-17 129 STREET,40.7909981,-73.8386723
BK,EAST 53 STREET,40.6519232,-73.9271517
QN,SPRINGFIELD BLVD,40.6589493,-73.7607868
QN,SPRINGFIELD BLVD,40.6588395,-73.7608052
BX,SPENCER AVENUE,40.9102494,-73.8982259
BX,LURTING AVENUE,40.8665837,-73.8564687
QN,BAYVIEW AVENUE,40.6373062,-73.7452774
QN,247-34 87 DRIVE,40.7290242,-73.718599
BX,WALTON AVENUE,40.8193018,-73.9284389
QN,145 AVENUE,40.6651945,-73.7719927
QN,130 STREET,40.784863,-73.8382538
QN,14-13 133 PLACE,40.7857714,-73.8342794
QN,78 STREET,40.7105568,-73.8756082
BX,BURKE AVENUE,40.8733807,-73.8425583
BK,391 FLUSHING AVENUE,40.6988062,-73.9595291
QN,87 DRIVE,40.7289129,-73.7179861
BK,EAST 91 STREET,40.6561692,-73.9226384
BX,936 EAST 230 STREET,40.8889278,-73.8517405
BK,BARBEY STREET,40.6623428,-73.8840747
BK,HARING STREET,40.6011551,-73.9406357
BK,EAST 18 STREET,40.5982434,-73.9537961
BK,EAST 12 STREET,40.5929478,-73.9587147
BK,THOMAS STREET,40.7265603,-73.9291879
BX,MORGAN AVENUE,40.8619121,-73.8457018
BX,CENTRE STREET,40.843962,-73.7887176
BX,PELHAM PARKWAY,40.8582395,-73.8562048
QN,BROOKVILLE BOULEVARD,40.6696118,-73.7364845
QN,76 STREET,40.741101,-73.8895528
BK,1623 AVENUE P,40.6107719,-73.9570145
BK,SURF AVENUE,40.5738729,-73.9890823
BK,SURF AVENUE,40.5738866,-73.9890139
BK,170 NORTH 10 STREET,40.7191133,-73.9557866
QN,66 STREET,40.7360568,-73.8992786
BK,HARING STREET,40.6012182,-73.9406644
BK,EAST 18 STREET,40.5981473,-73.9537278
BK,EAST 18 STREET,40.598345,-73.9538177
QN,84 STREET,40.6565892,-73.8482635
QN,92 STREET,40.6596036,-73.8405939
BK,HAWTHORNE STREET,40.658396,-73.9484995
BX,4612 BRADLEY STREET,40.9096871,-73.8527325
BX,664 EAST 240 STREET,40.9023726,-73.8527957
BK,CLASSON AVENUE,40.6931361,-73.9611914
QN,53-40 METROPOLITAN AVENUE,40.7130083,-73.911686
QN,93 AVENUE,40.7067241,-73.7824799
QN,183 STREET,40.7079135,-73.7772497
QN,LINDEN BOULEVARD,40.6730859,-73.8466325
QN,MAURICE AVENUE,40.7263864,-73.9083165
BK,PLUMB 3 STREET,40.5851678,-73.928175
QN,145 ROAD,40.6638747,-73.7736264
QN,232 STREET,40.6628877,-73.7452879
BX,MICKLE AVENUE,40.8666668,-73.8403326
BX,AMETHYST STREET,40.8475689,-73.8684303
BX,BARNES AVENUE,40.8718263,-73.8633889
QN,71 STREET,40.705372,-73.8808007
BX,ST LAWRENCE AVENUE,40.8369442,-73.8684151
QN,56 DRIVE,40.7236568,-73.9067618
QN,122 STREET,40.6710516,-73.8180865
BK,JUNIUS STREET,40.6579743,-73.9000669
BX,RADCLIFF AVENUE,40.8650761,-73.8602863
BX,2546 HONE AVENUE,40.8641367,-73.8574899
BX,2310 WILLIAMSBRIDGE ROAD,40.8601427,-73.8571298
BX,ASTOR AVENUE,40.8601602,-73.8535724
BX,BARNES AVENUE,40.8618822,-73.8633478
BX,EAST 216 STREET,40.8796111,-73.8573121
BX,MATTHEWS AVENUE,40.8638222,-73.8629172
BX,EAST 214 STREET,40.8766411,-73.852784
BX,PAULDING AVENUE,40.8770684,-73.8563919
BX,EAST 214 STREET,40.8782835,-73.857955
BX,EAST 215 STREET,40.8766625,-73.8523211
BX,NEEDHAM AVENUE,40.8796479,-73.84953
BX,NEEDHAM AVENUE,40.87934,-73.8491582
BX,KINGSLAND AVENUE,40.8791894,-73.8452856
BX,MICKLE AVENUE,40.8799028,-73.8471969
QN,98 STREET,40.6903786,-73.8450278
BX,EAST 216 STREET,40.8781664,-73.8542885
BK,EAST 38 STREET,40.6311006,-73.9401983
QN,103-61 100 STREET,40.6817946,-73.840238
QN,87-27 118 STREET,40.6990683,-73.8311554
QN,111 AVENUE,40.6836737,-73.8122362
QN,116 AVENUE,40.682801,-73.7931294
QN,150 STREET,40.6966082,-73.8014675
QN,164 STREET,40.6806113,-73.7801567
QN,95-31 93 STREET,40.685813,-73.8483484
QN,94-08 94 STREET,40.6866905,-73.8477335
QN,30 STREET,40.755053,-73.932749
QN,31 STREET,40.7577567,-73.9284329
QN,36 AVENUE,40.7577834,-73.9317067
QN,25-43E CRESCENT STREET,40.771855,-73.9220166
BX,EAST 145 STREET,40.8136111,-73.9188211
QN,28 STREET,40.7589802,-73.9318102
QN,37 STREET,40.7638093,-73.9168061
QN,36 AVENUE,40.7583383,-73.9325941
QN,142 STREET,40.6850709,-73.8024754
QN,SUTPHIN BOULEVARD,40.6925393,-73.7992367
QN,PINEGROVE STREET,40.6903526,-73.8061126
QN,PINEGROVE STREET,40.6904048,-73.8061665
QN,ARLINGTON TERRACE,40.6917753,-73.8002306
QN,TUCKERTON STREET,40.6968986,-73.8011565
MN,528 WEST 187 STREET,40.8521209,-73.9293435
BX,MILES AVENUE,40.8208885,-73.8100064
QN,83 AVENUE,40.7115511,-73.8253957
QN,85 DRIVE,40.7095687,-73.8093895
QN,148 STREET,40.7099841,-73.8099727
QN,86 AVENUE,40.7087762,-73.8082051
QN,47 STREET,40.7354471,-73.9196632
QN,50 AVENUE,40.7374382,-73.9174597
QN,47 STREET,40.7421758,-73.91771
QN,89 AVENUE,40.7056003,-73.8032045
QN,144 STREET,40.7034787,-73.8114195
QN,146 STREET,40.704016,-73.8093549
QN,BEDELL STREET,40.688216,-73.7868709
QN,159 STREET,40.6870733,-73.7864058
QN,159 STREET,40.687156,-73.7865462
QN,BEDELL STREET,40.6868901,-73.785303
QN,159 STREET,40.688226,-73.7878192
QN,165 STREET,40.6868502,-73.7830351
QN,LAKEVIEW BLVD EAST,40.680386,-73.7843721
QN,NORTHERN BOULEVARD,40.7560089,-73.8851173
QN,84 STREET,40.759678,-73.8845154
QN,31 AVENUE,40.7591949,-73.8844837
QN,BELKNAP STREET,40.67447,-73.757656
QN,137 AVENUE,40.6757968,-73.7581883
QN,SPRINGFIELD BLVD,40.6743369,-73.7557169
QN,193 STREET,40.6869824,-73.7545492
QN,222 STREET,40.6685425,-73.7543611
QN,CRANDALL AVENUE,40.6759877,-73.7615224
QN,NASHVILLE BOULEVARD,40.6868932,-73.7500856
QN,NASHVILLE BOULEVARD,40.6870916,-73.7504851
QN,NASHVILLE BOULEVARD,40.6870397,-73.7505682
QN,120 AVENUE,40.688127,-73.75717
QN,120 AVENUE,40.6881571,-73.7571339
QN,150 STREET,40.6703488,-73.7890404
QN,140 AVENUE,40.6721531,-73.7536521
QN,194 STREET,40.6870126,-73.7545671
QN,193 STREET,40.6864418,-73.7546233
QN,118 AVENUE,40.6932916,-73.7515149
QN,HANNIBAL STREET,40.70221,-73.7689411
QN,187 STREET,40.7044203,-73.7693122
QN,LIBERTY AVENUE,40.7043152,-73.768923
QN,LUKE PLACE,40.7525456,-73.7605373
QN,CORONA AVENUE,40.7443095,-73.8592584
QN,MERRICK BOULEVARD,40.6981662,-73.7855949
QN,MERRICK BOULEVARD,40.6984067,-73.7864741
QN,108 AVENUE,40.6985294,-73.7860806
QN,MERRICK BOULEVARD,40.6983649,-73.7861641
QN,180 STREET,40.7005938,-73.7775266
QN,174 STREET,40.6982591,-73.7809965
QN,174 STREET,40.697814,-73.7807599
QN,174 STREET,40.6992733,-73.7817289
QN,WREN PLACE,40.7003068,-73.7824937
QN,173 STREET,40.6994253,-73.7822513
QN,WREN PLACE,40.7002932,-73.7825658
QN,172 STREET,40.6987139,-73.7834654
QN,171 STREET,40.698648,-73.7849117
QN,EDGERTON BOULEVARD,40.7155333,-73.7875375
QN,219 STREET,40.6813773,-73.7493419
QN,183 STREET,40.7101465,-73.7780213
QN,183 STREET,40.7102497,-73.7774547
QN,184 PLACE,40.7098897,-73.7758075
QN,52 AVENUE,40.7381701,-73.8764804
QN,BROADWAY,40.7369927,-73.8765872
QN,QUEENS BOULEVARD,40.7375882,-73.8790688
QN,52 AVENUE,40.7384095,-73.8745638
QN,201 STREET,40.7190969,-73.7627101
QN,93 ROAD,40.7212561,-73.7382176
BK,RUBY STREET,40.6734997,-73.8612392
QN,218 STREET,40.6813022,-73.7501498
QN,133 AVENUE,40.6809369,-73.7500394
QN,226 STREET,40.6767925,-73.7439117
QN,MILLS LANE,40.6672755,-73.7510351
QN,MILLS LANE,40.667017,-73.7508233
QN,223 STREET,40.668688,-73.7530917
QN,150 STREET,40.6695696,-73.7892268
QN,223 STREET,40.6685195,-73.7526021
QN,224 STREET,40.6682953,-73.7517198
QN,60 AVENUE,40.7341932,-73.8668716
QN,63 DRIVE,40.7270378,-73.8646707
QN,ROCKAWAY BOULEVARD,40.6732026,-73.7916378
QN,GREENWAY NORTH,40.7176797,-73.8441959
QN,147 STREET,40.6713851,-73.7913984
QN,147 STREET,40.6694941,-73.7914836
QN,148 STREET,40.6689474,-73.7911897
QN,148 STREET,40.6725981,-73.7897904
QN,SUTTER AVENUE,40.6718756,-73.790957
QN,LEFFERTS BOULEVARD,40.6693474,-73.8217608
QN,120 STREET,40.6712026,-73.8198272
QN,122 STREET,40.671454,-73.817368
QN,135 AVENUE,40.6700065,-73.8167627
QN,126 STREET,40.6700727,-73.8135759
QN,ASCAN AVENUE,40.7170617,-73.8439088
QN,122 PLACE,40.6730819,-73.815853
QN,123RD STREET,40.6716628,-73.8154498
QN,121 STREET,40.6749817,-73.817827
QN,128 STREET,40.671562,-73.8111889
QN,117 STREET,40.6756591,-73.8209508
QN,COLDEN STREET,40.7472133,-73.8162328
QN,103 STREET,40.6777914,-73.8354022
BX,STRANG AVENUE,40.8906595,-73.8393238
QN,108 STREET,40.6771846,-73.8314668
QN,148-13 WILLETS POINT BLVD,40.7768868,-73.8180104
QN,28 AVENUE,40.771603,-73.8029047
QN,CRANDALL AVENUE,40.6756668,-73.7616245
QN,28 AVENUE,40.7780614,-73.7702775
QN,25 DRIVE,40.7733444,-73.7972817
QN,29 AVENUE,40.7769697,-73.7692594
QN,BELL BOULEVARD,40.7718438,-73.7740862
QN,210 STREET,40.7709806,-73.7776236
MN,EAST 76 STREET,40.7719557,-73.9568455
MN,EAST 76 STREET,40.7713761,-73.9557917
MN,SECOND AVENUE,40.7721966,-73.9553615
QN,156 STREET,40.7675226,-73.8083789
QN,149 STREET,40.768446,-73.8175388
QN,32 AVENUE,40.7699509,-73.8233183
QN,193 STREET,40.7603791,-73.7885893
QN,179 STREET,40.6934508,-73.7686469
QN,199 STREET,40.7526147,-73.7814999
QN,47 AVENUE,40.7529194,-73.781535
QN,199 STREET,40.7527026,-73.7815357
BX,870 EAST 147 STREET,40.8102024,-73.9047332
BX,2003 CRUGER AVENUE,40.850625,-73.8671013
BX,532 TIMPSON PLACE,40.8110196,-73.903818
BX,536 TIMPSON PLACE,40.8110909,-73.9037818
BX,CLARENCE AVENUE,40.8301768,-73.8152051
BX,EAST 191 STREET,40.8592978,-73.8845051
BX,DR KAZIMIROFF BLVD,40.8659995,-73.8836185
QN,45 AVENUE,40.7420316,-73.8761448
BX,STEDMAN PLACE,40.8667339,-73.8494182
BX,ARNOW AVENUE,40.8673074,-73.8493121
QN,161 STREET,40.6767239,-73.7811429
QN,43 AVENUE,40.7412147,-73.8797009
QN,161 STREET,40.6763441,-73.780625
QN,161 STREET,40.6765903,-73.7801627
QN,CROSS BAY BOULEVARD,40.6739984,-73.8434724
QN,CHICOT ROAD,40.6762714,-73.8457095
QN,ARION ROAD,40.6712042,-73.8475669
QN,PITKIN AVENUE,40.6729754,-73.8461065
QN,133 AVENUE,40.6746892,-73.8468524
MN,RIVERSIDE DRIVE,40.8550745,-73.9395234
MN,CHITTENDEN AVENUE,40.8562787,-73.9380691
QN,GOLD ROAD,40.6736672,-73.8441329
QN,130 AVENUE,40.6701772,-73.7928261
BX,2009 BRONXDALE AVENUE,40.8499039,-73.8653894
BX,1953 WALLACE AVENUE,40.8493848,-73.8650398
MN,308 EAST 119 STREET,40.798504,-73.9359377
BX,PARK AVENUE,40.8506995,-73.8969868
QN,84-50 ABINGDON ROAD,40.7063074,-73.8300658
QN,58 STREET,40.7161441,-73.9098096
QN,58-50 59 STREET,40.7196868,-73.90882
QN,DESARC ROAD,40.6745965,-73.8473537
MN,WEST 145 STREET,40.8273646,-73.9526217
BX,1927A HOLLAND AVENUE,40.8487268,-73.8656773
QN,59 AVENUE,40.7189792,-73.9094667
QN,FLUSHING AVENUE,40.7182158,-73.9090637
QN,60 LANE,40.7195842,-73.9041736
QN,59 AVENUE,40.7186966,-73.9061951
QN,122 STREET,40.6802628,-73.8178955
QN,60 ROAD,40.715878,-73.9065706
QN,FLUSHING AVENUE,40.7152815,-73.9123359
QN,140 STREET,40.6761539,-73.8013121
BK,84 79 STREET,40.6298315,-74.0357924
BK,PIONEER STREET,40.6779526,-74.0102606
BK,PIONEER STREET,40.6780377,-74.010412
BK,DIKEMAN STREET,40.6777709,-74.0154233
BK,VAN DYKE STREET,40.6756466,-74.0142511
BK,450 VAN BRUNT STREET,40.675048,-74.0159814
BK,HUNTINGTON STREET,40.6762595,-73.9993294
BK,HAMILTON AVENUE,40.6751397,-74.0003425
BK,TOMPKINS PLACE,40.6855313,-73.9960518
BK,352I OVINGTON AVENUE,40.6338197,-74.0253174
BK,354I OVINGTON AVENUE,40.6337895,-74.0252489
BK,358I OVINGTON AVENUE,40.6337319,-74.0251264
BK,6 AVENUE,40.6363055,-74.0155542
BK,38 STREET,40.639492,-73.983202
BK,GELSTON AVENUE,40.6208092,-74.0259753
BK,BERGEN STREET,40.6799013,-73.9725812
BK,PACIFIC STREET,40.6762843,-73.9290106
BK,76 STREET,40.6098026,-73.9921846
BK,HOPE STREET,40.7113908,-73.9518745
BK,FULTON STREET,40.6803029,-73.9390149
BK,LEWIS AVENUE,40.6799742,-73.9352259
BK,LEWIS AVENUE,40.6797049,-73.9345989
BK,BAY 19 STREET,40.6059738,-74.0032592
BK,CROPSEY AVENUE,40.6004757,-74.007944
BK,ST MARKS AVENUE,40.6741618,-73.9234322
BK,WEST 13 STREET,40.5858915,-73.9821858
BK,AVENUE Z,40.5846295,-73.9863444
BK,86 STREET,40.58989,-73.9782457
BK,AVENUE X,40.5849717,-73.9801267
BK,2600 11 STREET,40.5864922,-73.979831
BK,WEST 13 STREET,40.5858311,-73.9820706
BK,2618 WEST 15 STREET,40.5841571,-73.9841591
BK,LINCOLN PLACE,40.6697124,-73.9233328
BK,1695A ST JOHNS PLACE,40.6704708,-73.920567
BK,1679 ST JOHNS PLACE,40.6705344,-73.921241
BK,BRIGHTON BEACH AVE,40.5781153,-73.9598254
BK,WEST 11 STREET,40.5856333,-73.9807277
BK,MALCOLM X BOULEVARD,40.6811902,-73.9262436
BK,PROSPECT PLACE,40.672797,-73.9147133
BK,SOMERS STREET,40.6794888,-73.9076491
BK,HOWARD AVENUE,40.6853256,-73.9206791
BK,SOUTH 5 STREET,40.7068783,-73.9517876
BK,CHAUNCEY STREET,40.681116,-73.9260814
BK,MAC DONOUGH STREET,40.6839642,-73.9206483
QN,125 STREET,40.6707382,-73.814331
BK,366 SOUTH 3 STREET,40.7087451,-73.952688
BK,814 EAST 13 STREET,40.6289587,-73.9642909
BK,818 EAST 15 STREET,40.6294137,-73.9624821
BK,AVENUE R,40.6057484,-73.955462
BK,AVENUE M,40.6181576,-73.9554321
BK,EAST 17 STREET,40.6114006,-73.9573995
BK,BEDFORD AVENUE,40.6030194,-73.9475447
BK,CLAY STREET,40.7362765,-73.9561974
BX,YOUNG AVENUE,40.860293,-73.8480012
BK,EAST 17 STREET,40.6062204,-73.955404
BK,QUENTIN ROAD,40.6081863,-73.9568289
BK,NORTH 1 STREET,40.7150504,-73.9615682
BK,GLENWOOD ROAD,40.6333374,-73.9514984
BK,EAST 17 STREET,40.601941,-73.9545894
BK,EAST 45 STREET,40.6192632,-73.9319313
BK,RYDER STREET,40.6185415,-73.9370397
BK,FLATBUSH AVENUE,40.6181816,-73.9317595
BK,EAST 35 STREET,40.6136038,-73.9375198
BK,EAST 35 STREET,40.6083024,-73.9306387
BK,SCHENECTADY AVENUE,40.6217513,-73.929663
BK,SCHENECTADY AVENUE,40.6217212,-73.9296918
BK,2187 FLATBUSH AVENUE,40.6168631,-73.9300679
BK,EAST 52 STREET,40.6198378,-73.9246868
BK,UTICA AVENUE,40.6228694,-73.9267655
BK,2434 RALPH AVENUE,40.6186198,-73.9176678
QN,79 STREET,40.7301304,-73.8841228
BK,ALBANY AVENUE,40.6419961,-73.9377347
BK,EAST 37 STREET,40.6504858,-73.9432297
BK,EAST 37 STREET,40.6503787,-73.943219
BK,EAST 34 STREET,40.646578,-73.9448294
BK,BROOKLYN AVENUE,40.6495938,-73.9433782
BK,EAST 34 STREET,40.6458616,-73.9447652
BK,EAST 49 STREET,40.6593453,-73.9319841
BK,FLATLANDS AVENUE,40.6227906,-73.9325689
QN,58 STREET,40.7377662,-73.9084416
BK,EAST 95 STREET,40.6335681,-73.8914457
QN,108 AVENUE,40.7082402,-73.732173
BK,LINDEN BOULEVARD,40.667095,-73.8745429
BK,ATKINS AVENUE,40.6644466,-73.8748579
BK,BERRIMAN STREET,40.6644525,-73.8752868
BK,ELTON STREET,40.6608923,-73.8776111
BK,ATKINS AVENUE,40.6656326,-73.8750828
BK,ATKINS AVENUE,40.6657287,-73.8751547
BK,ATKINS AVENUE,40.6656793,-73.8751187
BK,ASHFORD STREET,40.660773,-73.879035
BK,HEGEMAN AVENUE,40.6625648,-73.886583
BK,HEGEMAN AVENUE,40.6623588,-73.8864392
BK,ASHFORD STREET,40.6653143,-73.8830531
BK,VAN SICLEN AVENUE,40.663246,-73.8870685
BK,SCHENCK AVENUE,40.6631267,-73.885735
BK,JEROME STREET,40.663781,-73.8840686
BK,769 BARBEY STREET,40.6636001,-73.8843465
BX,1301 EAST 224 STREET,40.8812262,-73.843404
BK,WARWICK STREET,40.6669127,-73.8839406
BX,PAULDING AVENUE,40.8705006,-73.8588286
BX,PURITAN AVENUE,40.8366202,-73.8323783
QN,150 ROAD,40.6561045,-73.7642064
QN,183 STREET,40.6553108,-73.7639822
QN,DAVENPORT COURT,40.6535149,-73.8304886
QN,CHURCH STREET,40.6573082,-73.8323639
QN,102 STREET,40.6572662,-73.829906
QN,102 STREET,40.6582053,-73.8301956
QN,102 STREET,40.6560294,-73.83063
QN,RUSSELL STREET,40.6558925,-73.8308718
QN,FIRST STREET,40.6539799,-73.8312443
QN,RUSSELL STREET,40.6558185,-73.8309873
QN,BAYVIEW AVENUE,40.6567512,-73.8324987
QN,RAU COURT,40.6539789,-73.8287431
QN,BRANCH CHANNEL,40.6552444,-73.8307005
QN,BROADWAY,40.6553338,-73.8317526
QN,RUSSELL STREET,40.6553652,-73.8306605
QN,1 STREET,40.6548102,-73.8303015
QN,241 STREET,40.66838,-73.7355449
QN,CHURCH STREET,40.6565145,-73.8320091
QN,161 AVENUE,40.6562084,-73.8348211
QN,BAYVIEW AVENUE,40.6559524,-73.832443
QN,165 AVENUE,40.6504112,-73.8290514
QN,104 STREET,40.6502359,-73.8293113
QN,98 STREET,40.6585392,-73.8351685
QN,163 ROAD,40.6529499,-73.830782
QN,RAU COURT,40.6540684,-73.8298025
QN,PEDESTRIAN WAY,40.6502794,-73.8290193
QN,165 AVENUE,40.6503935,-73.8282478
QN,165 AVENUE,40.6504696,-73.8277359
QN,165 AVENUE,40.6503174,-73.8287561
QN,102-11A 159 DRIVE,40.6591549,-73.8301283
QN,102 STREET,40.6571118,-73.8294595
QN,RUSSELL STREET,40.6564728,-73.8298179
QN,RUSSELL STREET,40.6562396,-73.8298906
QN,RUSSELL STREET,40.6562863,-73.8299193
QN,6 BROADWAY,40.6583043,-73.8303107
BX,3123 KINGSLAND AVENUE,40.8725267,-73.8422602
BX,HENRY HUDSON PARKWAY,40.9005955,-73.9069114
BX,HENRY HUDSON PARKWAY,40.9002333,-73.9070892
BX,NETHERLAND AVENUE,40.9008785,-73.9073053
BX,ARLINGTON AVENUE,40.9010108,-73.9080431
BX,NETHERLAND AVENUE,40.9035546,-73.9073088
QN,MADISON STREET,40.7307403,-73.8793518
QN,102 STREET,40.6570789,-73.8294812
QN,79 STREET,40.7294409,-73.883572
BK,HENDRICKSON STREET,40.6172595,-73.9319261
QN,79 STREET,40.7293254,-73.8833665
QN,MADISON STREET,40.731749,-73.8806345
QN,78 STREET,40.7279916,-73.8834951
QN,MADISON STREET,40.731246,-73.8799895
QN,GRAND AVENUE,40.7334085,-73.8877542
QN,76 STREET,40.7280036,-73.8845125
QN,75 STREET,40.7274039,-73.8859712
BX,4452 WILDER AVENUE,40.9011984,-73.8448329
BK,CARROLL STREET,40.6832806,-74.0052713
QN,94 STREET,40.766751,-73.8763516
BK,92 HAMILTON AVENUE,40.6836071,-74.006353
QN,10 STREET,40.7633241,-73.9398955
QN,48 AVENUE,40.7384189,-73.8949159
BX,MINNIEFORD AVENUE,40.8557313,-73.7902382
BK,ROCKAWAY PARKWAY,40.6531821,-73.9101686
BX,BARKLEY AVENUE,40.8318159,-73.8243249
QN,220 STREET,40.7207912,-73.735391
QN,50 AVENUE,40.7372108,-73.8944415
BK,IVAN COURT,40.5862597,-73.9231766
BK,NOEL AVENUE,40.5858358,-73.9214525
BK,JUST COURT,40.5861693,-73.9234647
BK,NOEL AVENUE,40.5857918,-73.921323
BK,PLUMB BEACH AVENUE,40.5858136,-73.9210709
BX,TYNDALL AVENUE,40.910133,-73.9001074
BX,WEST 258 STREET,40.9061863,-73.9034343
BX,WEST 258 STREET,40.9057228,-73.9038763
BX,WEST 261 STREET,40.9095245,-73.9009874
BX,PAUL AVENUE,40.8787315,-73.8885756
BX,WEST 260 STREET,40.9080473,-73.9004144
BX,TYNDALL AVENUE,40.9075898,-73.9013593
BX,FIELDSTON ROAD,40.9078634,-73.9002953
BX,SUTHERLAND STREET,40.8564865,-73.7889561
QN,SPRINGFIELD BLVD,40.6548462,-73.7636523
BX,CITY ISLAND AVENUE,40.8526993,-73.789214
BX,930 CASTLE HILL AVENUE,40.8263235,-73.849376
BK,1556 EAST 19 STREET,40.6121629,-73.9553604
QN,BEACH 146 STREET,40.5722381,-73.8629973
QN,COUCH PLACE,40.7612665,-73.863742
BX,BUCKLEY STREET,40.8397301,-73.784546
QN,88 AVENUE,40.7301579,-73.7255001
BX,BUCKLEY STREET,40.8398406,-73.7863779
BX,KING AVENUE,40.8582451,-73.7900206
BX,MINNIEFORD AVENUE,40.8539423,-73.7890474
BK,FLORENCE AVENUE,40.5916544,-73.9249527
BX,MINNIEFORD AVENUE,40.8540676,-73.789994
BX,CITY ISLAND AVENUE,40.8564576,-73.7911397
BX,KING AVENUE,40.8565843,-73.7899174
BX,DITMARS STREET,40.8503513,-73.7855526
BX,PELL PLACE,40.8422404,-73.786887
BX,PELL PLACE,40.8422594,-73.7868002
BX,FORDHAM PLACE,40.8469554,-73.7836985
BX,FORDHAM PLACE,40.8483276,-73.7836542
BX,TIER STREET,40.8476183,-73.7904228
BX,REVILLE STREET,40.8492391,-73.7852345
BX,MINNIEFORD AVENUE,40.8465292,-73.7847444
QN,149 AVENUE,40.652945,-73.7472684
BX,FORDHAM STREET,40.8486906,-73.7839784
BK,WEST STREET,40.5943899,-73.9710716
BX,MINNIEFORD AVENUE,40.8539964,-73.7886206
BX,MERRY AVENUE,40.8430657,-73.8292539
BX,EDISON AVENUE,40.8428375,-73.8327277
QN,BROOKVILLE BOULEVARD,40.6679259,-73.7373959
QN,HOOK CREEK BOULEVARD,40.6730744,-73.727671
QN,HOOK CREEK BOULEVARD,40.6664776,-73.7295218
QN,BROOKVILLE BOULEVARD,40.6709481,-73.7350805
QN,246 STREET,40.6678814,-73.731232
QN,241 STREET,40.6701947,-73.7345139
QN,149 AVENUE,40.652942,-73.7471675
QN,148 ROAD,40.6548065,-73.7475496
QN,232 STREET,40.6569501,-73.7487381
QN,228 STREET,40.6561859,-73.7545616
QN,228 STREET,40.6580318,-73.7539349
QN,227 STREET,40.6568518,-73.7553412
QN,148 DRIVE,40.653204,-73.7477611
QN,235 STREET,40.6539147,-73.7476323
QN,149 AVENUE,40.65296,-73.7478774
QN,231 STREET,40.6552314,-73.751044
QN,229 STREET,40.6562225,-73.7537325
BX,EAST 167 STREET,40.8294946,-73.9076108
BK,REMSEN AVENUE,40.6556529,-73.9222029
BK,POWELL STREET,40.6727949,-73.9050376
BX,SEDGWICK AVENUE,40.8579611,-73.9162726
QN,COUCH PLACE,40.7611672,-73.8633198
QN,145 ROAD,40.6626339,-73.7749246
QN,153 WAY,40.6663859,-73.7834694
BX,2252 BRUCKNER BOULEVARD,40.8269336,-73.8478895
BX,BRUNER AVENUE,40.8764158,-73.8402224
BX,BURKE AVENUE,40.8727303,-73.8446679
BX,MICKLE AVENUE,40.8728162,-73.8432575
BX,KINGSLAND AVENUE,40.8726605,-73.8417645
BX,SEYMOUR AVENUE,40.8716593,-73.846283
BK,NICHOLS AVENUE,40.6833667,-73.8678384
BX,EASTCHESTER ROAD,40.8717304,-73.8440881
MN,667 WEST 187 STREET,40.8541267,-73.9329091
BX,DRAKE STREET,40.806768,-73.8803374
BK,BATCHELDER STREET,40.5858341,-73.9363829
QN,BEACH 143 STREET,40.569941,-73.8587223
QN,LUCAS STREET,40.6828015,-73.7542762
QN,BEACH 142 STREET,40.5702502,-73.8579154
QN,BEACH 143 STREET,40.5719517,-73.8598843
QN,BEACH 147 STREET,40.5727907,-73.8660918
BX,WILCOX AVENUE,40.8343669,-73.8197431
MN,NAGLE AVENUE,40.8608813,-73.9281701
BX,HUSSON AVENUE,40.8105821,-73.8511925
QN,CHANNEL ROAD,40.5724944,-73.8661824
QN,BEACH 148 STREET,40.5680952,-73.8621024
BX,BURNET PLACE,40.8149927,-73.8930573
BX,BRYANT AVENUE,40.8117737,-73.8851005
QN,CHANNEL ROAD,40.574366,-73.8634933
BX,BARRY STREET,40.8156699,-73.8922867
QN,NASSAU ROAD,40.7755058,-73.7392102
QN,106 AVENUE,40.7022814,-73.7830895
BX,HARDING PARK,40.8069866,-73.8555714
BK,1910 OCEAN AVENUE,40.6152533,-73.9548253
BK,FORD STREET,40.5849219,-73.9348141
BX,THIERIOT AVENUE,40.8143709,-73.8608334
BX,HARDING PARK,40.8057792,-73.8558016
BX,THIERIOT AVENUE,40.8146592,-73.8609051
BX,HARDING PARK,40.8065171,-73.855399
QN,GUY R BREWER BLVD,40.6712529,-73.7737095
BX,HARDING PARK,40.8066059,-73.8561682
BX,BOLTON AVENUE,40.8068062,-73.8561533
QN,GUY R BREWER BLVD,40.6717257,-73.7740684
BX,2226 BAYCHESTER AVENUE,40.8603677,-73.8269897
BX,CAMBRELENG AVENUE,40.8565461,-73.8830169
BX,ARTHUR AVENUE,40.8569444,-73.8860636
BK,NICHOLS AVENUE,40.6833008,-73.8678205
BX,801 ZEREGA AVENUE,40.824199,-73.8431516
BX,EAST 153 STREET,40.8248464,-73.9288882
QN,157 AVENUE,40.6628704,-73.8470417
BX,4121 PAULDING AVENUE,40.8885855,-73.8502295
QN,164 PLACE,40.7169941,-73.8017315
BX,EAST 171 STREET,40.8363402,-73.9012481
QN,165 STREET,40.7170593,-73.8013633
QN,102 STREET,40.6639779,-73.8322571
BK,4 AVENUE,40.6730555,-73.9855836
BX,2345 QUIMBY AVENUE,40.8270395,-73.8449516
BX,2114 HERMANY AVENUE,40.8241333,-73.851585
BK,PACIFIC STREET,40.6777959,-73.954581
BX,CALHOUN AVENUE,40.8331209,-73.8306815
BX,EDWARDS AVENUE,40.8369017,-73.835341
BX,BRUCKNER BOULEVARD,40.8308238,-73.8326965
BX,BRUCKNER BOULEVARD,40.830791,-73.8327761
BX,BRUCKNER BOULEVARD,40.8308731,-73.8325843
BX,BRUCKNER BOULEVARD,40.8330254,-73.8291532
BX,REVERE AVENUE,40.8331159,-73.8291168
BX,REVERE AVENUE,40.8332175,-73.8291527
BX,GIFFORD AVENUE,40.8309397,-73.8331262
BX,BRUCKNER BOULEVARD,40.8307582,-73.8328592
BX,BRUCKNER BOULEVARD,40.830936,-73.8324324
BX,2162 STORY AVENUE,40.8251307,-73.8502531
BX,2174 STORY AVENUE,40.8252343,-73.8497434
BK,1476 EAST 33 STREET,40.6167331,-73.9432008
QN,100 STREET,40.7536,-73.8681142
BX,4076 MURDOCK AVENUE,40.8930849,-73.8405874
QN,78 STREET,40.66804,-73.8564418
QN,149-15 SAPPHIRE STREET,40.6681745,-73.856474
BX,2231 SOUTHERN BOULEVARD,40.8485785,-73.8832405
MN,2805 FREDRICK DOUGLASS BL,40.8256543,-73.9402294
BK,242 DEAN STREET,40.684759,-73.9839982
QN,11-40 31 AVENUE,40.7687857,-73.9340493
QN,11-09 BROADWAY,40.7675431,-73.9354801
BK,64 STREET,40.6247619,-73.9983357
BK,65 STREET,40.6252038,-74.0008105
BX,2308 ANDREWS AVENUE NORTH,40.8612999,-73.9071183
BK,1711 DEAN STREET,40.676099,-73.9312532
BK,287 KINGSTON AVENUE,40.6699072,-73.941883
BK,564 WILSON AVENUE,40.6906827,-73.9085387
BK,1260 CONEY ISLAND AVENUE,40.6268182,-73.9659276
BK,11 CHURCH AVENUE,40.6415917,-73.9830681
BK,KIMBALL STREET,40.6187197,-73.9367622
BK,EAST 65 STREET,40.6169826,-73.912202
BK,EAST 42 STREET,40.6262205,-73.9355051
BK,124 OXFORD STREET,40.5801671,-73.9382963
BK,274 ASHFORD STREET,40.6757307,-73.8857351
BK,GOTHAM AVENUE,40.5901516,-73.9269635
BK,LACON COURT,40.5894035,-73.9289229
BK,BEACON COURT,40.5878362,-73.9206329
BK,MARINE PARKWAY,40.6139969,-73.9439019
MN,7 AVENUE,40.8176958,-73.9424115
QN,134 STREET,40.6699732,-73.8048669
QN,132-12 ROCKAWAY BOULEVARD,40.6744901,-73.8058955
QN,88 AVENUE,40.7303723,-73.7267765
BX,EDSON AVENUE,40.8698805,-73.8342253
QN,85 ROAD,40.7238791,-73.7726361
BK,83 STREET,40.623365,-74.0243588
QN,65 AVENUE,40.7200467,-73.86449
QN,130 AVENUE,40.6794763,-73.7668711
QN,DITMARS BOULEVARD,40.7682714,-73.8986126
QN,21 AVENUE,40.7700004,-73.8953571
QN,ROCKAWAY BOULEVARD,40.6826683,-73.8532014
BX,DYRE AVENUE,40.8868277,-73.8314344
QN,130 STREET,40.7914557,-73.8381511
BX,ROCHAMBEAU AVENUE,40.8736237,-73.8803906
BX,BRISTOW STREET,40.8315535,-73.8951266
BX,TOMLINSON AVENUE,40.8523939,-73.8545077
QN,126 STREET,40.70635,-73.8255572
BX,PAULDING AVENUE,40.8468433,-73.8538837
BX,RADCLIFF AVENUE,40.844074,-73.8539367
BX,NEILL AVENUE,40.8550173,-73.8519715
BX,PAULDING AVENUE,40.8649722,-73.8584065
QN,90 AVENUE,40.6881519,-73.8617459
QN,23 AVENUE,40.7696276,-73.9055024
QN,43 STREET,40.7617535,-73.9130869
QN,47 STREET,40.7596247,-73.9110502
QN,95 AVENUE,40.6956632,-73.8141066
QN,46 STREET,40.7588166,-73.9131485
QN,111 AVENUE,40.6823944,-73.813783
QN,NASHVILLE BOULEVARD,40.6940719,-73.7455907
QN,186 STREET,40.704863,-73.7710851
QN,109 AVENUE,40.6980256,-73.7823064
QN,173 STREET,40.7001657,-73.78332
QN,228 STREET,40.6926642,-73.7336203
QN,72 STREET,40.7319469,-73.8920288
QN,104 AVENUE,40.7100397,-73.7525634
BK,DEVOE STREET,40.71379,-73.9463177
BK,EAST 18 STREET,40.5984493,-73.9538356
BK,SCOTT AVENUE,40.7081794,-73.9218494
BK,WEST 23 STREET,40.5728875,-73.9891688
BK,CARROLL STREET,40.666844,-73.9366409
BX,WALLACE AVENUE,40.8466664,-73.8640586
BX,HONE AVENUE,40.8561384,-73.8594989
BX,HONE AVENUE,40.8514054,-73.8563425
BK,EAST 16 STREET,40.5909258,-73.9538336
BK,EAST 52 STREET,40.6197857,-73.9247193
BX,SPENCER AVENUE,40.9069735,-73.8996056
QN,63 PLACE,40.7283821,-73.9019746
QN,149 STREET,40.7977995,-73.820113
QN,90 STREET,40.6632966,-73.8435408
QN,160 AVENUE,40.6589604,-73.8303991
QN,164 AVENUE,40.6516844,-73.8306338
QN,GRAND AVENUE,40.7340263,-73.8879697
BX,GUNTHER AVENUE,40.8606011,-73.8364789
BX,1976 NEEDHAM AVENUE,40.8822255,-73.8400112
QN,ROCKAWAY BEACH BLVD,40.5950209,-73.769222
BX,EAST 133 STREET,40.8021663,-73.9158696
BX,EAST 211 STREET,40.8740653,-73.8538962
BK,AVENUE Z,40.5899452,-73.9352196
BX,BURKE AVENUE,40.8722894,-73.8474929
BK,CHERRY STREET,40.7245653,-73.9344899
BK,AMBER STREET,40.6704992,-73.8585742
BX,FIELDSTON ROAD,40.8913335,-73.905192
BK,AVENUE Y,40.5865942,-73.9823944
QN,120 ROAD,40.6870009,-73.7568136
QN,196 STREET,40.7050119,-73.7606107
BK,SULLIVAN STREET,40.6789238,-74.0142951
BK,HENRY STREET,40.6785569,-74.0018675
BK,SMITH STREET,40.6851359,-73.9919702
BK,8 AVENUE,40.6442801,-74.0006414
QN,111 STREET,40.7489289,-73.8547805
QN,205 STREET,40.7120859,-73.7544604
BK,WEBSTER PLACE,40.6624855,-73.9869736
BK,78 EBONY COURT,40.5946004,-73.9306134
BK,81 STREET,40.6193894,-74.0149163
BK,BARTLETT PLACE,40.5900682,-73.9253397
QN,96 STREET,40.6977935,-73.8501207
QN,92 STREET,40.6904967,-73.8513343
QN,165 AVENUE,40.6489668,-73.8401004
BX,MARINE STREET,40.84013,-73.7855891
BX,MARINE STREET,40.8405687,-73.7853383
BX,KIRBY STREET,40.8507076,-73.7852875
QN,110-05 34 AVENUE,40.7567974,-73.8586689
QN,35 AVENUE,40.7557392,-73.859689
QN,109 STREET,40.7552282,-73.8593111
BX,PELL PLACE,40.8418533,-73.7868521
QN,SANCHO STREET,40.721526,-73.7708295
BK,15 STREET,40.6663752,-73.9901774
QN,55 STREET,40.7436359,-73.9101261
BX,EAST 166 STREET,40.8257612,-73.9002557
BX,BUCHANAN PLACE,40.8585195,-73.9070535
BX,BRUNER AVENUE,40.8934042,-73.8473685
BX,4136 HILL AVENUE,40.8949839,-73.8403586
BK,GRANT AVENUE,40.6807805,-73.8672523
QN,BENNETT COURT,40.6773682,-73.7601439
QN,MERRICK BOULEVARD,40.6984037,-73.7863839
QN,245 STREET,40.6734184,-73.7291945
BX,3 AVENUE,40.8160996,-73.9173513
BX,WEST 261 STREET,40.9096708,-73.9019423
BK,DUMONT AVENUE,40.6705122,-73.8671862
BX,RESERVOIR OVAL,40.8761886,-73.8790662
QN,32 AVENUE,40.7704021,-73.8204614
QN,ILION AVENUE,40.7013922,-73.7676528
QN,139 STREET,40.677887,-73.8019811
MN,206 GARAGE 1 AVENUE,40.7301325,-73.9829049
MN,EAST 39 STREET,40.7477301,-73.9735133
MN,WEST 46 STREET,40.7569264,-73.9803389
BX,PELHAM SHORE ROAD,40.8114035,-73.8262139
BX,GRAFF AVENUE,40.8154595,-73.8238948
BX,BRINSMADE AVENUE,40.8159325,-73.8209311
BX,EAST 163 STREET,40.8227686,-73.9024678
BX,CALHOUN AVENUE,40.8229272,-73.8216963
BX,REVERE AVENUE,40.821253,-73.8199774
BX,FRANKLIN AVENUE,40.8340971,-73.9005504
BX,ROOSEVELT AVENUE,40.8256199,-73.8217361
QN,LINCOLN STREET,40.6760377,-73.8072574
QN,23 AVENUE,40.776943,-73.9169955
BX,LA SALLE AVENUE,40.8386814,-73.8323478
BX,ELLSWORTH AVENUE,40.8253861,-73.8145066
BX,VINCENT AVENUE,40.8346284,-73.8202303
BX,DEAN AVENUE,40.8324682,-73.8166225
BX,CLARENCE AVENUE,40.8326037,-73.8172762
BX,WILCOX AVENUE,40.8332409,-73.8192945
BX,CLARENCE AVENUE,40.8309519,-73.8158678
BX,SHORE DRIVE,40.8306948,-73.8147339
BX,ROHR PLACE,40.8219342,-73.836928
BX,PHILIP AVENUE,40.8318763,-73.8154967
BX,PHILIP AVENUE,40.8318319,-73.8152438
BX,VINCENT AVENUE,40.8276985,-73.8153312
BX,666 SHORE DRIVE,40.8277969,-73.8133544
BX,WILCOX AVENUE,40.8278149,-73.8143191
BX,SULLIVAN PLACE,40.8295678,-73.824179
BX,THROGS NECK BLVD,40.8313369,-73.8216232
BX,EDISON AVENUE,40.8272063,-73.8217463
BX,EDISON AVENUE,40.8270155,-73.8208326
QN,ST JAMES AVENUE,40.7395863,-73.8789966
BX,BAISLEY AVENUE,40.8351639,-73.8294512
BX,BRADFORD AVENUE,40.8366345,-73.830893
BX,LA SALLE AVENUE,40.8388708,-73.832351
QN,58 ROAD,40.720673,-73.9063691
QN,93 STREET,40.6798583,-73.8453118
QN,127 STREET,40.7861015,-73.8406161
QN,207 STREET,40.7185135,-73.7567166
QN,21 STREET,40.7817035,-73.9148086
BK,902 EAST 93 STREET,40.6466547,-73.9098387
QN,ALBERT ROAD,40.6704123,-73.8424282
QN,MERRILL STREET,40.6837249,-73.7707863
QN,32 AVENUE,40.758528,-73.8740242
QN,95 STREET,40.759354,-73.8738855
QN,135 AVENUE,40.6761566,-73.7467838
QN,220 STREET,40.6763028,-73.7509004
QN,135 AVENUE,40.6767532,-73.7485157
QN,212 STREET,40.7207793,-73.7497024
BK,HARBOR VIEW TERRACE,40.629007,-74.0389083
BK,55 STREET,40.6292549,-73.992085
BK,57 STREET,40.6288927,-73.9935874
BK,EAST 1 STREET,40.5944446,-73.9703118
BK,74 STREET,40.6134972,-73.9940823
BK,AVENUE D,40.648052,-73.9101179
BX,KINSELLA STREET,40.8456339,-73.8613933
BK,EAST 94 STREET,40.6478698,-73.908828
BK,WILLOUGHBY STREET,40.6640598,-73.9177631
BK,918 HOPKINSON AVENUE,40.6579202,-73.9109804
BK,HOPKINSON AVENUE,40.660413,-73.9117448
BK,EAST 93 STREET,40.6456211,-73.9078185
BK,EAST 94 STREET,40.6456585,-73.9066365
BK,EAST 94 STREET,40.6478651,-73.909819
BK,CLARENDON ROAD,40.6449382,-73.923664
BK,DITMAS AVENUE,40.642341,-73.92264
BK,ROCKAWAY PARKWAY,40.642262,-73.8986635
BK,ROCKAWAY PARKWAY,40.6396142,-73.8966822
BK,EAST 95 STREET,40.6388358,-73.8978796
BK,6A MATTHEWS PLACE,40.6336003,-73.8965293
BK,NORWOOD AVENUE,40.684613,-73.8805386
BX,BRUNER AVENUE,40.8902763,-73.8460881
BK,OLD SCHENCK PLACE,40.6340068,-73.896907
BK,EAST 95 STREET,40.6368032,-73.8962974
BK,EAST 96 STREET,40.6373132,-73.8956985
BK,EAST 96 STREET,40.6373764,-73.895774
BK,ETNA STREET,40.6854147,-73.8807354
QN,BENTLEY ROAD,40.6545571,-73.7477056
QN,BENTLEY ROAD,40.6545101,-73.7475436
QN,148-82 BROOKVILLE BOULEVARD,40.6529523,-73.7468683
BK,EAST 93 STREET,40.6487478,-73.9119224
BX,NEILL AVENUE,40.8520065,-73.8586365
BK,FOSTER AVENUE,40.6429056,-73.9175189
QN,ST FELIX AVENUE,40.6960782,-73.8979001
BX,WEST 250 STREET,40.8950932,-73.89809
BK,LINDEN BOULEVARD,40.6573518,-73.8945282
BK,MALTA STREET,40.6546953,-73.8920637
BK,MALTA STREET,40.6560635,-73.8934094
MN,F D R DRIVE,40.7615827,-73.9552639
MN,FDR DRIVE,40.7654789,-73.9519906
MN,FDR DRIVE,40.7653609,-73.9520954
MN,FDR DRIVE,40.7655393,-73.9519401
MN,FDR DRIVE,40.7654213,-73.9520448
QN,SEABURY STREET,40.7326833,-73.8739251
QN,SUTTER AVENUE,40.6724057,-73.8084683
MN,WEST 14 STREET,40.7396114,-74.0009455
MN,RIVERSIDE DRIVE,40.8430361,-73.9447352
BX,GILES PLACE,40.8811849,-73.8970336
BX,RADCLIFF AVENUE,40.8440412,-73.8540488
BX,PAULDING AVENUE,40.8466381,-73.8543901
BX,UNIVERSITY AVENUE,40.860964,-73.9057811
BX,UNIVERSITY AVENUE,40.860303,-73.9064075
BX,1068 RHINELANDER AVENUE,40.8508881,-73.855364
BX,LURTING AVENUE,40.8497253,-73.8539388
BX,LURTING AVENUE,40.8482755,-73.8534829
QN,SMITH STREET,40.6846075,-73.7800101
QN,LAKEVIEW BLVD EAST,40.6803119,-73.7843471
QN,212 STREET,40.7435513,-73.7633412
BX,UNIVERSITY AVENUE,40.8584105,-73.9081201
BX,BUCHANAN PLACE,40.8584426,-73.9070391
BX,WEST 238 STREET,40.8828076,-73.8977399
BX,FT INDEPENDENCE ST,40.8825065,-73.8986626
BX,SEDGWICK AVENUE,40.8823918,-73.8961892
BK,2312 AVENUE U,40.5995091,-73.948012
BX,HERING AVENUE,40.8483534,-73.8479164
BX,YATES AVENUE,40.8480435,-73.8480906
BX,CORLEAR AVENUE,40.8842017,-73.9038098
BX,HERING AVENUE,40.8535426,-73.8513097
BX,HERING AVENUE,40.8536797,-73.8511865
BX,WILLIAMSBRIDGE ROAD,40.8546362,-73.8543979
BX,EAST 217 STREET,40.881814,-73.8632454
BX,EAST 215TH STREET,40.8804518,-73.8624888
BX,EAST 215 STREET,40.8804708,-73.8623296
BX,DOUGLAS AVENUE,40.8880298,-73.917034
BX,INDEPENDENCE AVENUE,40.8846779,-73.916134
BX,DOUGLAS AVENUE,40.8953288,-73.9144857
BX,PALISADE AVENUE,40.8924621,-73.9164714
BX,799I WEST 254 STREET,40.9043057,-73.9131972
BX,WEST 246 STREET,40.8925299,-73.9153646
BX,HADLEY AVENUE,40.8931154,-73.9128609
BX,MORGAN AVENUE,40.8615031,-73.8457136
BK,548 BELMONT AVENUE,40.6713288,-73.8892682
BX,BOUCK AVENUE,40.864103,-73.8503678
BX,BOUCK AVENUE,40.861449,-73.8504894
BX,BRONX PARK SOUTH,40.8472932,-73.8824838
BX,MOHEGAN AVENUE,40.8462099,-73.883317
BX,EAST 178 STREET,40.8422517,-73.8830529
BK,EAST 52 STREET,40.6310648,-73.9259387
BK,EAST 45 STREET,40.6502947,-73.9347863
BK,COYLE STREET,40.6040385,-73.938015
BK,EAST 35 STREET,40.6104146,-73.9329884
BK,EAST 43 STREET,40.6306172,-73.9346362
BK,EAST 54 STREET,40.6337372,-73.9242676
QN,262 STREET,40.7328454,-73.7045756
BK,EAST 55 STREET,40.6341816,-73.9239537
BK,EAST 56 STREET,40.6180702,-73.920651
BK,EAST 56 STREET,40.6163052,-73.9204622
BK,NEWPORT STREET,40.6591997,-73.9115806
BK,EAST 34 STREET,40.6443739,-73.9447051
QN,11 AVENUE,40.7887311,-73.8256086
QN,WHITESTONE EXPWY,40.7870553,-73.8245694
QN,137 STREET,40.7876186,-73.8324042
BK,CRESCENT STREET,40.6799233,-73.871411
QN,JUNIPER AVENUE,40.7489877,-73.8205264
BX,CHATTERTON AVENUE,40.82755,-73.8576731
BX,LELAND AVENUE,40.8357283,-73.8637051
QN,BEACH 45 STREET,40.5980914,-73.7771011
QN,POINT BREEZE PLACE,40.6109895,-73.7716339
BX,KEARNEY AVENUE,40.8402252,-73.8239702
QN,59 DRIVE,40.722269,-73.8921599
QN,70 STREET,40.7238321,-73.8907215
QN,69 STREET,40.7231131,-73.8937243
QN,57 ROAD,40.7270451,-73.892466
QN,252 STREET,40.7404655,-73.7168257
QN,252 STREET,40.7407842,-73.7169435
QN,BEACH 44 STREET,40.5981008,-73.7762692
QN,104-11A 88 AVENUE,40.6947148,-73.842616
QN,FABER TERRACE,40.6108718,-73.7663183
QN,75 STREET,40.676176,-73.8613273
QN,BEACH 25 STREET,40.5995989,-73.761003
BX,LELAND AVENUE,40.8356578,-73.8644967
BK,ROYCE STREET,40.6246086,-73.9064354
QN,45 STREET,40.7731945,-73.9007135
BX,REEDS MILL LANE,40.8818521,-73.8317833
QN,250 STREET,40.7615273,-73.7311068
QN,CONCORD STREET,40.769965,-73.7300546
QN,CALDWELL AVENUE,40.7234446,-73.8930707
QN,46 ROAD,40.7547247,-73.7768332
QN,73 AVENUE,40.7483073,-73.7305574
BK,EAST 56 STREET,40.6176918,-73.921253
BX,VYSE AVENUE,40.8283266,-73.8902283
QN,78 AVENUE,40.7212821,-73.8153411
QN,60 AVENUE,40.7229576,-73.8888974
QN,70 AVENUE,40.7306891,-73.819237
QN,77 STREET,40.6624792,-73.8565943
QN,32 AVENUE,40.7573723,-73.8899445
QN,BLAKE AVENUE,40.6727891,-73.8591786
QN,DUMONT AVENUE,40.6716829,-73.8591629
QN,78 STREET,40.6692148,-73.8565186
QN,75 STREET,40.6716814,-73.8601723
QN,128 AVENUE,40.6802841,-73.7700158
BX,931 ROGERS PLACE,40.8221612,-73.8983606
QN,WEST END DRIVE,40.771053,-73.7317038
BX,CROMWELL AVENUE,40.8424309,-73.9191545
BX,CROMWELL AVENUE,40.8423623,-73.9192161
BX,CROMWELL AVENUE,40.8423706,-73.9193136
BK,EAST 39 STREET,40.6502649,-73.9405667
BX,MORRIS AVENUE,40.8699154,-73.8942417
BX,BILLINGSLEY TERRACE,40.8535266,-73.9175759
BX,WEST 179 STREET,40.8556112,-73.9156538
BX,WEST 179 STREET,40.8551232,-73.9126324
BX,ANDREWS AVENUE,40.8550738,-73.9127156
BX,EDISON AVENUE,40.8477524,-73.8321045
BX,MULFORD AVENUE,40.8486509,-73.8347264
BX,WHITE PLAINS ROAD,40.859667,-73.8678894
BX,HOLLERS AVENUE,40.8843255,-73.8283921
BX,DE LAVALL AVENUE,40.8849138,-73.8290126
BX,WRIGHT AVENUE,40.8812047,-73.8339764
BX,HUNTER AVENUE,40.8812959,-73.8343595
BX,3536 PEARTREE AVENUE,40.8861408,-73.8254218
BX,3417 WRIGHT AVENUE,40.8810837,-73.8337609
BK,EAST 42 STREET,40.6306177,-73.9355765
QN,135 STREET,40.6876049,-73.8093369
BK,EAST 26 STREET,40.6033896,-73.9466009
QN,133 STREET,40.690133,-73.8127625
QN,VAN SICLEN STREET,40.6885041,-73.813665
QN,133 STREET,40.690425,-73.813382
QN,VAN WYCK EXPRESSWAY,40.6876537,-73.8089582
QN,131 STREET,40.688375,-73.8136365
QN,LIBERTY AVENUE,40.6877587,-73.8195625
QN,129 STREET,40.6884532,-73.8161423
QN,127 STREET,40.6889861,-73.8181313
QN,126 STREET,40.6888466,-73.8184598
QN,144 STREET,40.6758248,-73.7952276
QN,146 STREET,40.6761668,-73.7930598
QN,145 STREET,40.6757666,-73.7949249
QN,ROCKAWAY BOULEVARD,40.6739005,-73.7935499
QN,ROCKAWAY BOULEVARD,40.6739954,-73.7944329
QN,148 STREET,40.6806711,-73.793154
QN,119 AVENUE,40.6794482,-73.7923358
QN,PERSHING CRESCENT,40.7117314,-73.8177698
QN,THORNTON PLACE,40.7230187,-73.8594188
QN,52 STREET,40.7445271,-73.912633
QN,178 PLACE,40.6787452,-73.7636757
QN,172 STREET,40.6799826,-73.7716068
QN,127 AVENUE,40.6803463,-73.7709025
QN,WALDRON STREET,40.7391785,-73.8518355
QN,VAN DOREN STREET,40.7397542,-73.8512966
QN,FARMERS BOULEVARD,40.6777448,-73.7630664
QN,VAN DOREN STREET,40.7398716,-73.8529382
QN,103 STREET,40.7408191,-73.8577212
QN,JUNCTION BOULEVARD,40.7378894,-73.8660162
QN,71 STREET,40.7295927,-73.8928913
QN,72 STREET,40.7314726,-73.8925924
QN,BEACH 44 STREET,40.5970109,-73.7761433
QN,NORTON AVENUE,40.5982083,-73.7779001
QN,70 AVENUE,40.7306756,-73.8194139
QN,74 6 ROAD,40.5951166,-73.7407033
QN,QUEENS BOULEVARD,40.7321105,-73.8627011
QN,MAIN STREET,40.7405788,-73.8248144
QN,63 ROAD,40.7397453,-73.8308899
QN,63 ROAD,40.739762,-73.8310667
QN,POWER ROAD,40.7316893,-73.8571634
QN,251 STREET,40.7683785,-73.7359601
QN,NORTHERN BOULEVARD,40.7688891,-73.7360158
BK,EAST 28 STREET,40.6060044,-73.9446217
QN,BROWVALE LANE,40.7690072,-73.7360226
QN,OVERLOOK ROAD,40.7670223,-73.7252543
QN,254 STREET,40.7657329,-73.7266856
QN,LITTLE NECK PARKWAY,40.7666009,-73.7269853
QN,43 STREET,40.7738702,-73.9012144
QN,51 AVENUE,40.7652499,-73.7313986
QN,VAN ZANDT AVENUE,40.7656128,-73.7316607
QN,THEBES AVENUE,40.7662996,-73.7343005
QN,RUSHMORE TERRACE,40.7652923,-73.7330879
QN,COZINE AVENUE,40.6636619,-73.8563647
QN,FAIRFIELD PLACE,40.6634453,-73.8565238
BK,AVENUE I,40.6304033,-73.9258134
BK,3508 AVENUE J,40.6271789,-73.9414231
BK,EVERGREEN AVENUE,40.6990345,-73.9314928
BK,EAST 54 STREET,40.6509897,-73.9266878
BK,2319 NOSTRAND AVENUE,40.628112,-73.9467937
BK,EAST 52 STREET,40.6108414,-73.922129
QN,177 STREET,40.6625382,-73.7695579
BK,4912 AVENUE L,40.6232791,-73.927925
BK,ALBANY AVENUE,40.626424,-73.9360705
BK,1898 OCEAN AVENUE,40.6155306,-73.9548791
BK,97 BAY 40 STREET,40.5953097,-73.9883478
BK,1411 AVENUE U,40.5990927,-73.95677
BK,EAST 21 STREET,40.5978303,-73.9503575
BK,4614 AVENUE L,40.6231024,-73.9307242
BK,1664 EAST 48 STREET,40.619934,-73.9292254
BK,SCHENECTADY AVENUE,40.6199672,-73.9295964
BK,AVENUE L,40.6231622,-73.9297876
BK,1542 EAST 48 STREET,40.6228986,-73.9295393
BK,EAST 48 STREET,40.6216908,-73.9294109
BK,4515 AVENUE N,40.6189224,-73.9312473
BK,EAST 51 STREET,40.6264703,-73.9263797
BK,EAST 22 STREET,40.6106763,-73.9512592
BK,EAST 22 STREET,40.6110332,-73.9513274
BK,EAST 52ND STREET,40.6199944,-73.9248488
BK,1753 EAST 51 STREET,40.6175821,-73.9254386
BK,EAST 48 STREET,40.6292336,-73.9296443
BK,1187 EAST 29 STREET,40.6222162,-73.9467299
BK,2652 NOSTRAND AVENUE,40.619965,-73.9459177
BK,1771 EAST 19 STREET,40.6069719,-73.9537649
BK,EAST 55 STREET,40.618236,-73.9222501
BK,1578 EAST 55 STREET,40.6179862,-73.9222216
BK,1575 EAST 55 STREET,40.6181615,-73.9216378
BK,1520 EAST 56 STREET,40.6183505,-73.9211801
BK,EAST 56 STREET,40.6178538,-73.9212708
BK,BEVY COURT,40.5921574,-73.9260071
BK,AVENUE W,40.5943314,-73.9593332
BK,182 ELTON STREET,40.6791442,-73.8847558
BK,7001 AVENUE U,40.619823,-73.9081243
BK,EAST 24 STREET,40.607225,-73.9487011
BK,2037 EAST 23 STREET,40.6010464,-73.9484862
BK,194 VERONICA PLACE,40.6455029,-73.9529887
BK,190 VERONICA PLACE,40.6455715,-73.9529958
BK,2262 CHURCH AVENUE,40.6503351,-73.9565494
BK,2321 SNYDER AVENUE,40.6487975,-73.9550332
BK,16 ERASMUS STREET,40.6497528,-73.9554903
BX,PAUL AVENUE,40.8796253,-73.8875363
QN,202 STREET,40.7124568,-73.7585387
BK,AVENUE V,40.5967693,-73.953347
BK,2303 EAST 13 STREET,40.594015,-73.9570973
BK,FORCE TUBE AVENUE,40.6838936,-73.8802911
BK,COYLE STREET,40.5895526,-73.9351984
BK,1410 EAST 45 STREET,40.6362655,-73.9338596
BK,180 NORTH 3 STREET,40.7152145,-73.9597789
BK,BERRY STREET,40.7181868,-73.9591205
BX,EAST 216 STREET,40.878407,-73.8535648
BK,87 WYTHE AVENUE,40.7213319,-73.9580039
BK,NORTH 9 STREET,40.7202179,-73.9590399
BK,EAST 54 STREET,40.6476628,-73.9263275
BK,LORING AVENUE,40.6687139,-73.8576227
BK,139 ERASMUS STREET,40.6499267,-73.9510792
BK,EAST 11 STREET,40.5902995,-73.9598613
BK,997 ROGERS AVENUE,40.6458345,-73.9516299
BK,EAST 11 STREET,40.590176,-73.9598506
BK,204 BEDFORD AVENUE,40.7171739,-73.9587496
BK,164 METROPOLITAN AVENUE,40.7156131,-73.9616472
BK,61 KENT AVENUE,40.7220104,-73.9595367
BK,104 HILL STREET,40.6788562,-73.869513
BK,UTICA AVENUE,40.6454991,-73.9293569
BK,1719 NOSTRAND AVENUE,40.6440573,-73.9485286
BK,274 EAST 32 STREET,40.6439798,-73.9472062
QN,48 AVENUE,40.7387739,-73.9053982
BK,EAST 51 STREET,40.6449087,-73.9289359
BK,EAST 51 STREET,40.6454577,-73.9289929
BK,3491 BEDFORD AVENUE,40.617307,-73.9495938
BK,536 LINDEN BOULEVARD,40.6530225,-73.9389317
BK,851 ALBANY AVENUE,40.6530143,-73.9390398
BK,200 EAST 39TH STREET,40.6523376,-73.9413613
BK,1106 UTICA AVENUE,40.6455873,-73.9300847
BK,EAST 49 STREET,40.6474596,-73.9306485
BK,378 GREENPOINT AVENUE,40.7314432,-73.9439978
BK,2481 EAST 13 STREET,40.5901445,-73.9563509
BK,EAST 16 STREET,40.5909504,-73.9535455
BK,136 EAST 38 STREET,40.6540756,-73.9424879
BK,774 NEW YORK AVENUE,40.6549151,-73.947421
BK,309 LENOX ROAD,40.6545591,-73.949126
BK,EAST 35 STREET,40.6303688,-73.9422705
BK,GRAFTON STREET,40.6611855,-73.9170314
BK,1633 EAST 16 STREET,40.6099898,-73.9573032
QN,67-07 BEACH CHANNEL DRIVE,40.5925774,-73.7964875
BK,EAST 39 STREET,40.6496256,-73.9410718
BK,TROY AVENUE,40.6488047,-73.9355733
BK,EAST 48 STREET,40.6494506,-73.9323798
BK,BROOKLYN AVENUE,40.6419299,-73.9424983
BK,EAST 26 STREET,40.6034445,-73.9466117
BK,4035 BEDFORD AVENUE,40.603538,-73.9469969
BK,1 WORTMAN AVENUE,40.6532236,-73.8915147
BK,818 BARBEY STREET,40.6622466,-73.8840028
BK,EAST 55 STREET,40.6535913,-73.9260182
BK,EAST 54 STREET,40.6529657,-73.9263217
BK,GLENWOOD ROAD,40.645939,-73.9006218
MN,1384 2 AVENUE,40.7681713,-73.9584725
MN,1807 PARK AVENUE,40.8044891,-73.9389842
BK,PACIFIC STREET,40.6770802,-73.9436613
BK,EBONY COURT,40.5913701,-73.9266489
BK,EAST 15 STREET,40.6194906,-73.9604381
BK,REMSEN AVENUE,40.6408693,-73.9071441
BK,13 AVENUE,40.6223381,-74.0059329
BK,ROCKAWAY PARKWAY,40.6423205,-73.8996867
BK,9410 FLATLANDS AVENUE,40.6422213,-73.9023966
BK,EAST 95 STREET,40.6444576,-73.9048221
BK,140 REMSEN AVENUE,40.6604935,-73.9288616
QN,43-35 54 STREET,40.7426509,-73.9106976
BK,EAST 26 STREET,40.6065409,-73.9471962
MN,335 5 AVENUE,40.747787,-73.984658
BK,1102 SHEEPSHEAD BAY ROAD,40.5927528,-73.958416
BK,482 THOMAS S BOYLAND,40.668594,-73.9137058
QN,25-08 ERICSSON STREET,40.7653111,-73.8674664
MN,254 3 AVENUE,40.7374503,-73.9845088
BK,NEWPORT STREET,40.6591536,-73.9087261
BK,CHESTER STREET,40.6585414,-73.9085684
BK,114 LOTT AVENUE,40.6574606,-73.9093988
BK,LINDEN BOULEVARD,40.6694769,-73.8575562
BK,502 NEW LOTS AVENUE,40.663251,-73.8893645
BK,504 NEW LOTS AVENUE,40.6632757,-73.8893104
BK,508 NEW LOTS AVENUE,40.6633058,-73.8892491
BK,851 BEDFORD AVENUE,40.6948634,-73.9560155
BK,10021 AVENUE N,40.6374989,-73.8888127
BK,559 EAST 96 STREET,40.6548155,-73.9140912
BK,556 ROCKAWAY PARKWAY,40.6550074,-73.9138279
BK,CHURCH AVENUE,40.6559457,-73.9132608
BK,HENDRIX STREET,40.6656287,-73.8872951
BK,VAN SICLEN AVENUE,40.6665823,-73.8884722
BK,200 GRAFTON STREET,40.6632943,-73.9181569
BK,45 DUMONT AVENUE,40.6629046,-73.9182764
BK,39 DUMONT AVENUE,40.6628855,-73.9184206
BK,942 DUMONT AVENUE,40.66767,-73.8837338
BK,RIVERDALE AVENUE,40.6605787,-73.9130566
BK,1328 ROCKAWAY PARKWAY,40.6469855,-73.9047716
BK,1556 EAST 95 STREET,40.6345119,-73.8939302
BK,SHEPHERD AVENUE,40.6734696,-73.8809334
BK,341 SHEPHERD AVENUE,40.6762145,-73.8810295
BK,638 HOWARD AVENUE,40.6664603,-73.9199878
BK,ESSEX STREET,40.679592,-73.8823683
BK,ROST PLACE,40.635002,-73.895576
BK,EAST 94 STREET,40.6350265,-73.895403
BK,80 GOTHAM AVENUE,40.5906749,-73.9255947
QN,75-82 177 STREET,40.7263517,-73.7912841
BK,EAST 19 STREET,40.5935021,-73.9511457
BK,35 98 STREET,40.6658533,-73.9234634
BK,ARLINGTON AVENUE,40.6809674,-73.8826615
BK,929 EAST 84 STREET,40.6369461,-73.9094915
BK,2998 FULTON STREET,40.6799121,-73.8840442
BK,FULTON STREET,40.6804593,-73.8823271
BK,EAST 98 STREET,40.6405325,-73.8952611
BK,2863 ATLANTIC AVENUE,40.6772924,-73.8884868
BK,EAST 86 STREET,40.6385875,-73.9095397
QN,206-11 HOLLIS AVENUE,40.707656,-73.7506822
QN,SUTTER AVENUE,40.6721722,-73.80189
QN,155 STREET,40.6827628,-73.7886803
QN,183 STREET,40.7388582,-73.7904726
BK,37 HIGHLAND PLACE,40.6845537,-73.8816168
BK,JAMAICA AVENUE,40.6857524,-73.8808214
QN,SPRINGFIELD LANE,40.6601774,-73.7600579
BK,230 HINSDALE STREET,40.6695192,-73.900374
BK,BEDFORD AVENUE,40.6062696,-73.9481616
BK,HYMEN COURT,40.5866631,-73.9231041
BK,150 WEST STREET,40.7322401,-73.9593428
BK,1537 EAST 98 STREET,40.6360703,-73.8902923
BK,EAST 98 STREET,40.6354034,-73.8903907
MN,562 WEST 171 STREET,40.8424343,-73.9378832
BK,DICTUM COURT,40.5942043,-73.9291627
BK,FORD STREET,40.5896628,-73.9357888
BK,2644 COYLE STREET,40.5888062,-73.9355268
BK,LAFAYETTE AVENUE,40.6924904,-73.9306197
BK,395 VAN SINDEREN AVENUE,40.6673514,-73.9011378
QN,24-53 47 STREET,40.7663802,-73.9049438
BK,SUNNYSIDE AVENUE,40.6836941,-73.8893811
BK,269 JEROME STREET,40.6753422,-73.8869939
BX,899 TELLER AVENUE,40.8256421,-73.9161145
BX,882 MORRIS AVENUE,40.8258739,-73.9179425
BX,294 EAST 163RD STREET,40.8267459,-73.9167635
BX,282 EAST 164TH STREET,40.8279698,-73.9164151
BX,294 EAST 164 STREET,40.8278131,-73.916072
BK,AVENUE L,40.6393928,-73.8946611
BK,633 GLENMORE AVENUE,40.6747547,-73.886894
BX,MOSHOLU AVENUE,40.9054411,-73.8986746
BK,374 ASHFORD STREET,40.673076,-73.8851772
QN,106 AVENUE,40.7082448,-73.7282667
BK,ASHFORD STREET,40.6741055,-73.8854422
BK,2318 PITKIN AVENUE,40.6730337,-73.8868644
BK,2358 PITKIN AVENUE,40.6732325,-73.8852346
BK,330 JEROME STREET,40.6737449,-73.8871264
QN,248-31 88 ROAD,40.7288195,-73.7179685
QN,66-48 JAY AVENUE,40.7280896,-73.8970826
BK,862 BELMONT AVENUE,40.6731008,-73.8773147
BK,65 DOVER STREET,40.5804388,-73.9494813
BK,803 GLENMORE AVENUE,40.6756651,-73.8805798
BK,696 LIBERTY AVENUE,40.6760118,-73.8841231
BK,465 CLEVELAND STREET,40.6732146,-73.8838395
BK,545 CONEY ISLAND AVENUE,40.6443393,-73.9699941
BK,50 HINCKLEY PLACE,40.6443503,-73.9698176
QN,32 STREET,40.7556468,-73.929767
BK,45 AMHERST STREET,40.5807585,-73.9523574
QN,53-13 BEACH CHANNEL DRIVE,40.5948548,-73.7840362
BK,MILFORD STREET,40.6785936,-73.8778129
BK,169 MILFORD STREET,40.6755022,-73.8770291
BK,175 MILFORD STREET,40.6753429,-73.8769897
QN,59 STREET,40.6936771,-73.8955165
BK,ABBEY COURT,40.5882536,-73.920888
BK,96 RYERSON STREET,40.6948639,-73.9655394
BK,82 STREET,40.6119437,-74.0037206
BK,72 STREET,40.6201479,-74.0030042
BK,144 CAMBRIDGE PLACE,40.6830222,-73.9629495
BK,ATKINS AVENUE,40.671296,-73.878486
BK,137 KINGS HIGHWAY,40.6061761,-73.9863147
BK,JEFFERSON AVENUE,40.683567,-73.9455632
BK,BAY 23 STREET,40.6032016,-74.001066
BK,1769 DEAN STREET,40.6759907,-73.929202
BK,WEST 15 STREET,40.5860126,-73.9845403
BK,CROPSEY AVENUE,40.5877699,-73.9897101
BK,896 BELMONT AVENUE,40.6733351,-73.8756884
BK,DITMAS AVENUE,40.636832,-73.96865
BK,885 BELMONT AVENUE,40.6736542,-73.8763547
BK,503 NEW JERSEY AVENUE,40.667037,-73.8933054
BK,SUTTER AVENUE,40.6722279,-73.8773271
BK,267 18 STREET,40.6625957,-73.9905023
BK,482 LOGAN STREET,40.674258,-73.8763572
BK,7 POST COURT,40.5859807,-73.9246314
BK,HYMEN COURT,40.5865807,-73.9230142
BK,KAY COURT,40.5882989,-73.9270627
BK,SEBA AVENUE,40.5872128,-73.9241116
BK,HYMEN COURT,40.5887918,-73.9253303
BK,FANE COURT,40.5935458,-73.9297143
BK,HYMEN COURT,40.5861277,-73.9228275
BX,3524 GRACE AVENUE,40.8815243,-73.840673
BK,36 WYONA STREET,40.6784485,-73.8948806
BK,183 SACKMAN STREET,40.6736929,-73.9056383
BK,2118 HARING STREET,40.5999778,-73.9411012
BK,DOSCHER STREET,40.6761891,-73.8726583
BK,899 SHEFFIELD AVENUE,40.6557192,-73.8892725
MN,2015 5 AVENUE,40.8060909,-73.9421362
BX,1025 HARDING PARK,40.8074299,-73.8566866
BX,WICKHAM AVENUE,40.8695234,-73.837896
BX,1112 SWINTON AVENUE,40.8316289,-73.831408
BK,25 DITMARS STREET,40.6968974,-73.9333955
BK,2690 PITKIN AVENUE,40.6750144,-73.8727435
QN,181-30 144 AVENUE,40.6676343,-73.7623489
BK,62 MADISON STREET,40.683783,-73.9566646
QN,120 STREET,40.7043333,-73.8315099
BK,PLUMB 3 STREET,40.5863429,-73.9288074
BK,977 GLENMORE AVENUE,40.6766352,-73.8740058
BK,260 55 STREET,40.6452201,-74.0185255
BK,702 HART STREET,40.6992281,-73.9250732
BK,704 HART STREET,40.6992637,-73.9249866
QN,SOUTH CONDUIT AVENUE,40.6697921,-73.8528693
QN,164 ROAD,40.6514427,-73.830584
BK,BARBEY STREET,40.677669,-73.8890594
BK,WEST 6 STREET,40.5932934,-73.9772544
BK,430 PROSPECT AVENUE,40.659798,-73.9838168
BK,19 NORTH HENRY STREET,40.7196566,-73.9428678
BK,214 WALWORTH STREET,40.6921563,-73.9540556
BK,661 PINE STREET,40.6691173,-73.8691067
BK,HOMECREST AVENUE,40.5837792,-73.9560202
BK,2953 CONEY ISLAND AVENUE,40.584368,-73.9597677
BK,793 AUTUMN AVENUE,40.6692513,-73.8662839
BK,AUTUMN AVENUE,40.6693062,-73.8662982
BX,810 EAST 169 STREET,40.8296489,-73.8984937
BK,WORTMAN AVENUE,40.6644357,-73.8652158
BX,WISSMAN AVENUE,40.8200381,-73.8103088
QN,150 STREET,40.6968115,-73.8015679
BK,EAST 21 STREET,40.6336608,-73.9571367
QN,BROADWAY,40.6553317,-73.8321887
QN,HAZEN STREET,40.7694043,-73.8978888
BK,FRANKLIN AVENUE,40.6970766,-73.9582499
QN,104 AVENUE,40.7123581,-73.7396737
BX,BELL AVENUE,40.8926344,-73.834494
QN,NASHVILLE BOULEVARD,40.6834634,-73.7557917
BX,PALMER AVENUE,40.8607699,-73.82615
BK,MORGAN AVENUE,40.7108951,-73.932267
BX,FILLMORE STREET,40.843558,-73.8676286
QN,41 AVENUE,40.7504122,-73.8578668
QN,170 STREET,40.7169062,-73.7954333
QN,91 AVENUE,40.7177282,-73.7527441
QN,68 DRIVE,40.7256488,-73.8449782
QN,64 ROAD,40.7370678,-73.828111
BK,19 AVENUE,40.6033497,-74.0037021
QN,219 STREET,40.7103119,-73.7366807
BK,HARING STREET,40.6013006,-73.9406787
BK,DEVOE STREET,40.7136434,-73.9500152
BX,SHORE DRIVE,40.8198777,-73.8062988
MN,188 GRAND STREET,40.7195006,-73.997096
MN,1343 2 AVENUE,40.7680041,-73.9592885
BK,103 SANDFORD STREET,40.6958917,-73.9533462
BK,4001 4 AVENUE,40.6517156,-74.0066203
BK,3824 KINGS HIGHWAY,40.6218957,-73.9372455
QN,145-113 GUY R BREWER BLVD,40.6632874,-73.7681388
BK,3902 13 AVENUE,40.6405986,-73.9866392
BK,220 BROADWAY,40.7093082,-73.9609763
BK,EATON COURT,40.5875901,-73.9219149
BX,4452 PARK AVENUE,40.8537309,-73.895276
QN,101-03 BEACH 31 STREET,40.5935604,-73.7636928
BK,845 BELMONT AVENUE,40.6733844,-73.8781974
BX,4057 AMUNDSON AVENUE,40.892954,-73.8372964
BK,208 NOSTRAND AVENUE,40.6930367,-73.9524106
BK,MARCY AVENUE,40.6862444,-73.948305
MN,11 WEST 46 STREET,40.7565475,-73.9796676
BX,461 EAST 135 STREET,40.8064908,-73.9220663
BX,1391 FRANKLIN AVENUE,40.8339984,-73.9006156
BX,1537 MORRIS AVENUE,40.8422539,-73.9098989
BX,711 EAST 241 STREET,40.9032329,-73.8494947
BX,2083 BUSSING AVENUE,40.8962678,-73.8419435
BX,BEECH TREE LANE,40.8844624,-73.7992611
QN,135-11 HILLSIDE AVENUE,40.7041767,-73.8188148
QN,181-14 150 DRIVE,40.6554804,-73.7650232
QN,136-24 221 STREET,40.6755486,-73.7499262
QN,POWER ROAD,40.7598736,-73.8697081
BK,1614 SHORE BOULEVARD,40.5806064,-73.9384543
BK,BURNETT STREET,40.5998156,-73.9307232
MN,MARKET STREET,40.7139698,-73.9948417
BK,CARROLL STREET,40.6832476,-74.0051956
QN,146 STREET,40.6728456,-73.7915705
BK,599 BARBEY STREET,40.6678946,-73.8860044
BK,943 DUMONT AVENUE,40.6680929,-73.8838521
BK,636 CLEVELAND STREET,40.6688471,-73.8832524
BK,961 DUMONT AVENUE,40.6681992,-73.8831237
BK,959 DUMONT AVENUE,40.6681855,-73.8832031
BK,479 WARWICK STREET,40.6717969,-73.885183
BX,4074 MURDOCK AVENUE,40.8930189,-73.8405623
BK,14 COLES STREET,40.6794571,-74.0048564
BX,2108 EDENWALD AVENUE,40.8935256,-73.8397364
BX,4061 MONTICELLO AVENUE,40.8928276,-73.8391738
BX,HAVILAND AVENUE,40.8304759,-73.8491208
BX,3542 WEBSTER AVENUE,40.8801237,-73.8706983
QN,35 STREET,40.7701148,-73.9142205
BX,327 CONCORD AVENUE,40.8070481,-73.9108785
QN,31-42 41 STREET,40.7600055,-73.917392
BK,2641 FORD STREET,40.5889298,-73.9356131
BK,813 LOGAN STREET,40.6660136,-73.8721335
QN,25-18 21 STREET,40.7742942,-73.9247396
BX,415 EAST 173 STREET,40.8430112,-73.9028574
BK,496 NEW LOTS AVENUE,40.6631825,-73.8895124
BK,498 NEW LOTS AVENUE,40.6632072,-73.8894655
BK,500 NEW LOTS AVENUE,40.6632291,-73.889415
BK,COYLE STREET,40.5884767,-73.9352859
BK,AVENUE Z,40.5899123,-73.9354321
QN,BEACH 9 STREET,40.6046959,-73.7455999
QN,175 PLACE,40.6948405,-73.7759843
BX,VIRGINIA AVENUE,40.8284741,-73.8592538
BK,102 LINWOOD STREET,40.683407,-73.8848962
QN,127-19 150 AVENUE,40.6655839,-73.8128927
BK,EAST 87 STREET,40.6317343,-73.9001494
QN,77 STREET,40.6622047,-73.8565481
MN,6 WEST 57 STREET,40.7630598,-73.9749186
BK,FANE COURT,40.5918044,-73.9277718
BK,BEACON COURT,40.5886688,-73.9218669
BK,ROYCE STREET,40.6249935,-73.9072598
BX,3514 ROMBOUTS AVENUE,40.8841956,-73.8296184
QN,SEAGIRT BOULEVARD,40.5963213,-73.7648461
BK,3568 NOSTRAND AVENUE,40.5969121,-73.9415576
BK,BRIGHTON 11 STREET,40.580719,-73.9568035
BX,5439 FIELDSTON ROAD,40.9026965,-73.9018585
BK,CELESTE COURT,40.5941984,-73.9285181
BK,NOVA COURT,40.5877394,-73.9235529
QN,431 BEACH 43 STREET,40.5966385,-73.7751975
BK,FRANK COURT,40.5884255,-73.9233685
QN,69-60 44 AVENUE,40.7409428,-73.8934937
BK,76 DICTUM COURT,40.5942757,-73.9292454
BX,FISH AVENUE,40.8648238,-73.8474919
BX,PELHAM PARKWAY,40.858907,-73.8480911
BX,PURDY STREET,40.8399951,-73.8538047
BK,217 19 STREET,40.6631311,-73.9928992
BK,648 5 AVENUE,40.6627056,-73.9923298
BK,57 STREET,40.6339707,-74.0029111
QN,138-07 35 AVENUE,40.7654247,-73.8287201
BK,GATES AVENUE,40.689096,-73.9275546
BK,1119 LAFAYETTE AVENUE,40.6929849,-73.9267931
BK,32 KOSSUTH PLACE,40.6935146,-73.9267348
BK,555 KOSCIUSZKO STREET,40.6930213,-73.9325159
BK,KEEN COURT,40.5880779,-73.9248739
BK,EBONY COURT,40.5915791,-73.9272679
BK,BAY 11 STREET,40.6086495,-74.0103255
BK,LAFAYETTE AVENUE,40.6912482,-73.9373641
BK,201 BAY 13 STREET,40.6054244,-74.0105087
BX,422 EAST 143 STREET,40.8116933,-73.9197988
BX,416 EAST 143 STREET,40.8117675,-73.9199757
BX,420 EAST 143 STREET,40.811718,-73.9198602
BX,350 WILLIS AVENUE,40.8113976,-73.9208612
BK,60 BOX STREET,40.7371897,-73.9541256
BK,1073 LAFAYETTE AVENUE,40.6926488,-73.9292708
BK,929A LAFAYETTE AVENUE,40.6920071,-73.934832
BK,619 KOSCIUSZKO STREET,40.693272,-73.9295334
BK,925 LAFAYETTE AVENUE,40.6919442,-73.9353838
BK,432 PULASKI STREET,40.6939305,-73.9336185
BK,464 KOSCIUSZKO STREET,40.6922024,-73.9356035
BK,BEACON COURT,40.5899843,-73.9230247
BK,289 WALLABOUT STREET,40.7021641,-73.9483323
BK,1227 57 STREET,40.6314867,-73.9978672
BK,1345 71 STREET,40.622039,-74.0036959
BK,119 GAIN COURT,40.5894537,-73.9258625
BK,28 CELESTE COURT,40.5926657,-73.9268167
BX,1722 NEREID AVENUE,40.897837,-73.8516808
QN,108 STREET,40.7590049,-73.8615122
BK,66 STREET,40.6287416,-74.0074069
BK,MADISON STREET,40.6877236,-73.9275381
BK,74 STREET,40.615479,-73.9983864
BK,MERMAID AVENUE,40.5766915,-73.9862956
BK,3017 WEST 12 STREET,40.5750216,-73.9793845
BK,300 CHAUNCEY STREET,40.681181,-73.9206408
BX,MORRIS AVENUE,40.8116294,-73.926995
BK,EAST 23 STREET,40.6037367,-73.9495789
BK,331 GRAND STREET,40.7127511,-73.9561408
BX,EAST 180 STREET,40.8519338,-73.8961102
QN,159 STREET,40.6696331,-73.7763609
BX,2255 EAST TREMONT AVENUE,40.8423946,-73.8564667
BK,EATON COURT,40.5879334,-73.9222926
BK,LACON COURT,40.5893543,-73.9292938
BK,LACON COURT,40.5896232,-73.9291675
BK,EATON COURT,40.5881919,-73.9229007
BK,BEACON COURT,40.5902922,-73.923676
BK,34 LACON COURT,40.5906395,-73.9303114
BK,FANE COURT,40.5911949,-73.9274916
BK,FLORENCE AVENUE,40.5894717,-73.9283108
BK,GOTHAM AVENUE,40.5896635,-73.9277165
BX,WALDO AVENUE,40.8966461,-73.9005979
BK,BEACON COURT,40.5865344,-73.9194859
BK,GARLAND COURT,40.594994,-73.9323953
BK,CELESTE COURT,40.5944373,-73.9287843
BK,KEEN COURT,40.5881492,-73.9247622
BK,18 MELBA COURT,40.5872517,-73.9249144
BK,FRANK COURT,40.5860357,-73.9206998
BK,EATON COURT,40.5861125,-73.9205809
BK,FANE COURT,40.5951721,-73.9319199
QN,50-69 41 STREET,40.7360158,-73.9244906
BK,GARLAND COURT,40.595153,-73.9321431
BK,BAY 16 STREET,40.6076343,-74.0050024
BK,EAST 23 STREET,40.6031932,-73.9494748
BK,COYLE STREET,40.5887977,-73.9350191
BK,DICTUM COURT,40.5918176,-73.9269004
BK,ASTER COURT,40.5919702,-73.9251612
BK,EAST 89 STREET,40.6517976,-73.9197928
BK,22 GARLAND COURT,40.5913187,-73.9278659
QN,BRINKERHOFF AVENUE,40.7076308,-73.7357066
BK,EATON COURT,40.5877631,-73.9221019
QN,UNION HALL STREET,40.6969669,-73.7931503
BK,FANE COURT,40.5949549,-73.9312827
BK,CANTON COURT,40.5871251,-73.9203601
BK,8420 18 AVENUE,40.6083151,-74.0015991
BK,700 SCHENCK AVENUE,40.6631734,-73.8857674
BK,GERRITSEN AVENUE,40.587995,-73.9200566
BK,KNIGHT COURT,40.5909577,-73.9300159
BK,CANTON COURT,40.5900947,-73.9239787
BK,DARE COURT,40.5892406,-73.9232308
BK,DARE COURT,40.5891227,-73.9234073
BK,644 GEORGIA AVENUE,40.660739,-73.894649
BK,371 JEROME STREET,40.6726077,-73.886292
BK,190 ELTON STREET,40.6788752,-73.8846877
BK,CHESTNUT STREET,40.67837,-73.8740638
BK,764 CRESCENT STREET,40.6689192,-73.8686853
BK,1120 57TH STREET,40.6326834,-74.0007818
BK,69 VANDERBILT AVENUE,40.6956941,-73.9700503
BK,85 ADELPHI STREET,40.6952445,-73.9719727
BK,267 MALCOLM X BOULEVARD,40.6832724,-73.9288625
BK,77 VANDERBILT AVENUE,40.6954525,-73.969917
BK,75 VANDERBILT AVENUE,40.6955267,-73.9699458
BK,VANDERBILT AVENUE,40.695071,-73.9697225
BK,VANDERBILT AVENUE,40.6950161,-73.9697117
QN,60 ROAD,40.7286656,-73.8745064
BK,794 EAST 93 STREET,40.6487425,-73.9120738
BK,EAST 45 STREET,40.64887,-73.9346327
BK,ATLANTIC AVENUE,40.6828105,-73.9712171
BK,ATLANTIC AVENUE,40.682827,-73.9713
BK,ATLANTIC AVENUE,40.6827775,-73.9709792
BK,ATLANTIC AVENUE,40.6828077,-73.9711234
BK,EATON COURT,40.5893675,-73.9242099
BK,CANTON COURT,40.5897624,-73.9236046
BK,100 CANTON COURT,40.5897896,-73.9233237
BK,HYMEN COURT,40.5892945,-73.9258878
BX,WEST 256 STREET,40.9042134,-73.9040775
BX,DITMARS STREET,40.8492726,-73.7884947
BK,1126 BLAKE AVENUE,40.6703466,-73.8762671
BK,15 AVENUE,40.6172521,-74.004697
BK,CUMBERLAND STREET,40.6841063,-73.9723018
BK,BAY RIDGE PARKWAY,40.616308,-74.0013867
BK,BAY RIDGE PARKWAY,40.6189429,-74.0046179
BX,600 HUNTS POINT AVENUE,40.8128043,-73.8836393
BK,700 3 AVENUE,40.6636857,-73.9985618
QN,POWELLS COVE BLVD,40.7992183,-73.8217345
QN,ELIZABETH ROAD,40.5961527,-73.7912553
BK,63 FLATBUSH AVENUE EXT,40.6969294,-73.9846444
QN,208 BEACH 31 STREET,40.5949954,-73.763432
BX,1256 NELSON AVENUE,40.8390418,-73.9241387
BK,1124 BLAKE AVENUE,40.6703357,-73.8763393
BK,1102 FLUSHING AVENUE,40.7054487,-73.9264945
BK,11 WILSON AVENUE,40.7035572,-73.9303268
BK,SCHENCK AVENUE,40.6621323,-73.8850014
BK,1444 67 STREET,40.6224645,-73.9993444
BK,1672 86 STREET,40.608691,-74.0057264
BK,6710 15 AVENUE,40.6220556,-73.9988257
BK,1238 58TH STREET,40.6305425,-73.9987499
BK,1340 60 STREET,40.6279349,-73.9975575
BK,1261 60TH STREET,40.629494,-73.9991101
BK,CELESTE COURT,40.5916304,-73.9260581
BK,KANE STREET,40.687697,-74.0005228
BK,19 AVENUE,40.6260995,-73.9790697
BK,209 FRANKLIN AVENUE,40.6923031,-73.9573009
QN,149 BEACH 112 STREET,40.5793435,-73.8331932
BK,53 STREET,40.6223993,-73.97772
BK,CLASSON AVENUE,40.6930922,-73.9611842
QN,193 STREET,40.7171665,-73.7690732
BK,459 20 STREET,40.6574514,-73.9849851
QN,105-02 160 STREET,40.7002481,-73.7969486
BK,1211 BEDFORD AVENUE,40.681833,-73.9533488
BK,181 MONROE STREET,40.6855816,-73.9516119
BK,61 MARION STREET,40.6799154,-73.928621
BK,MARION STREET,40.6798907,-73.9286895
MN,836 AVENUE OF THE AMER,40.746665,-73.9897794
QN,152-34 13 AVENUE,40.7898543,-73.8086902
BX,PENNYFIELD AVENUE,40.8114684,-73.8050011
QN,11 AVENUE,40.7888712,-73.8256443
BK,CRESCENT STREET,40.6743357,-73.8696156
BK,64 STREET,40.6249513,-73.9977701
BK,802 HERKIMER STREET,40.6782016,-73.9268418
BX,MIDDLETOWN ROAD,40.8438547,-73.8282615
QN,98 STREET,40.6570702,-73.8348118
BX,BRINSMADE AVENUE,40.8156431,-73.8201334
BX,GRAFF AVENUE,40.814899,-73.8235603
QN,113 STREET,40.6762589,-73.8254412
QN,67 AVENUE,40.7350544,-73.8015947
BK,55 STREET,40.6287387,-73.990255
QN,157 STREET,40.6710079,-73.7790276
QN,47 AVENUE,40.7431632,-73.938582
BK,GLENWOOD ROAD,40.6480532,-73.8983412
BX,MORRIS AVENUE,40.8246036,-73.9186414
QN,95 STREET,40.6566515,-73.8375844
BX,POST ROAD,40.8938681,-73.8969887
BX,WESTERVELT AVENUE,40.8585252,-73.8397304
QN,220 STREET,40.6630824,-73.7591968
QN,70 AVENUE,40.7066813,-73.8782339
QN,ROCKAWAY BEACH BLVD,40.5895276,-73.7932167
BK,FT HAMILTON PARKWAY,40.6340228,-74.0033507
BK,502 LEFFERTS AVENUE,40.6624702,-73.944564
BK,1339 48 STREET,40.6350737,-73.9902288
BK,67 STREET,40.6247345,-74.0021326
QN,20-02 26 STREET,40.7819055,-73.9097314
MN,572 5 AVENUE,40.7565007,-73.9790901
QN,CEDAR LANE,40.7725069,-73.7508835
QN,118-14 29 AVENUE,40.7718486,-73.849167
BK,83 STREET,40.6213702,-74.0209288
BK,1514 58 STREET,40.6268807,-73.9926869
BK,1284 65 STREET,40.6258955,-74.0019309
BK,64 STREET,40.6247949,-73.9983897
QN,112 ROAD,40.7042669,-73.7279763
BK,CELESTE COURT,40.5947919,-73.9295761
QN,UNION HALL STREET,40.7028375,-73.7975322
BK,EAST 18 STREET,40.6193058,-73.9579564
BK,7 BAY 49 STREET,40.5891938,-73.9840931
BX,WALTON AVENUE,40.8289078,-73.9233951
QN,87-74 112 STREET,40.6953584,-73.8356798
MN,570 5 AVENUE,40.7564486,-73.9791262
BX,WATERBURY AVENUE,40.8370249,-73.8332121
MN,311 EAST 103 STREET,40.7885278,-73.9428737
MN,WEST 122 STREET,40.8069945,-73.9490492
BX,958 EAST 233 STREET,40.8906927,-73.8496677
BX,1891 LACOMBE AVENUE,40.8157318,-73.858168
BX,514 SOUNDVIEW AVENUE,40.8160965,-73.8601254
BX,1879 HARRISON AVENUE,40.8523425,-73.9122782
BX,1850 FOWLER AVENUE,40.8484972,-73.8595403
BX,2034 PAULDING AVENUE,40.8534727,-73.8590527
BX,1075 MACE AVENUE,40.8632629,-73.8567109
BX,WEST 262 STREET,40.9104735,-73.8970896
BX,949 EAST 226 STREET,40.8863157,-73.8524081
BX,875 EAST 242 STREET,40.9049953,-73.845562
BX,2041 EDENWALD AVENUE,40.8934822,-73.8421454
BK,67 STREET,40.6237875,-74.001549
BK,68 STREET,40.6237463,-74.002237
QN,83-18 122 STREET,40.7050614,-73.8301916
QN,185-10 MERRICK BOULEVARD,40.6794555,-73.756805
QN,112-31 39 AVENUE,40.7533524,-73.8539624
QN,NANSEN STREET,40.7117817,-73.8507999
BK,50 CLIFTON PLACE,40.6876444,-73.9628244
BK,302 GRAND AVENUE,40.6875071,-73.9627956
QN,133-45 39 AVENUE,40.7597604,-73.8330013
QN,28-43 216 STREET,40.7772545,-73.7703127
MN,235 EAST 77 STREET,40.7726309,-73.9568812
BX,822 EAST 165 STREET,40.8240571,-73.9007605
BX,VAN NEST AVENUE,40.8470139,-73.8541797
QN,34 AVENUE,40.776425,-73.7477313
QN,236 STREET,40.7725991,-73.7503633
QN,87 DRIVE,40.7277578,-73.7115471
BX,4284 NAPIER AVENUE,40.8973343,-73.874528
MN,2238A AMSTERDAM AVENUE,40.842101,-73.9356861
BX,182 WEST 239 STREET,40.8852597,-73.898926
QN,60 STREET,40.7154057,-73.906225
BX,232 EAST 201 STREET,40.8722351,-73.8860157
QN,LITTLE NECK PARKWAY,40.7533433,-73.7222211
BK,48 STREET,40.6483197,-74.0130921
BK,222 8 STREET,40.670547,-73.9878336
BK,22 STREET,40.6589039,-73.9904272
BK,86 STREET,40.6152804,-74.0153656
QN,CENTRAL AVENUE,40.6062751,-73.7510464
QN,BEACH 12 STREET,40.5990078,-73.7464498
QN,UNION TURNPIKE,40.7448565,-73.7154682
QN,CROSS BAY BOULEVARD,40.6068138,-73.8189098
BK,JEFFERSON AVENUE,40.6849523,-73.9335228
BK,111 BAY 46 STREET,40.590056,-73.9866421
BK,AVENUE Z,40.5850626,-73.982204
BK,2703 STILLWELL AVENUE,40.5814723,-73.9820177
BK,WEST 15 STREET,40.5809566,-73.9837531
BK,149 BAY 52 STREET,40.5833999,-73.987061
BK,1309 EAST NEW YORK AVENUE,40.6689218,-73.9191522
BK,43 BRIGHTON 3 STREET,40.5801536,-73.9649074
BK,1905 FULTON STREET,40.6790069,-73.9203081
BK,701 MONROE STREET,40.6882047,-73.9288068
BK,EAST 31 STREET,40.6229676,-73.9454361
BK,1550 NEW YORK AVENUE,40.6349458,-73.9452858
BK,EAST 96 STREET,40.6547633,-73.9140336
BK,353 ROCKAWAY AVENUE,40.6714107,-73.9108831
BK,8 TRUCKLEMANS LANE,40.6432561,-73.8992025
MN,336 EAST 105 STREET,40.7891063,-73.9415298
BK,1123 56 STREET,40.6335233,-73.9997442
BK,711 WILLIAMS AVENUE,40.6582617,-73.8960334
BK,395 WARWICK STREET,40.6740262,-73.885756
BK,DUMONT AVENUE,40.6705013,-73.8672547
BK,WALWORTH STREET,40.6958648,-73.9547887
QN,GUY R BREWER BLVD,40.6636717,-73.7681447
QN,162-44 96 STREET,40.6531218,-73.8357369
BK,193 ST JAMES PLACE,40.6837854,-73.9635548
BK,WASHINGTON AVENUE,40.6840465,-73.9646256
BK,521 WASHINGTON AVENUE,40.6826164,-73.964428
BK,480 GRAND AVENUE,40.6817098,-73.9617821
QN,ABERDEEN ROAD,40.7206656,-73.7858688
BK,GARLAND COURT,40.5909618,-73.9278591
BK,DARE COURT,40.5876996,-73.9215187
BK,LEFFERTS PLACE,40.682086,-73.9622109
BK,CANTON COURT,40.5904681,-73.9240755
BK,37 JOVAL COURT,40.5911223,-73.9299545
BK,114 NOEL AVENUE,40.5895163,-73.9250955
QN,166-15 CROSS ISLE PKWY S SR,40.7864707,-73.7962595
BK,FRANK COURT,40.5898813,-73.9249835
BK,13 NOEL AVENUE,40.586344,-73.9220172
BK,ASTER COURT,40.5930689,-73.9263842
BK,45 CAMBRIDGE PLACE,40.6857478,-73.9629624
QN,37-16 28 STREET,40.7558881,-73.9339285
BX,2271 CHATTERTON AVENUE,40.8288077,-73.8474805
QN,2-21 27 AVENUE,40.7752717,-73.9343209
QN,229 STREET,40.6595504,-73.7517271
BX,WHITTIER STREET,40.8121912,-73.8827155
BX,1211 FRANKLIN AVENUE,40.8301066,-73.9041012
MN,WADSWORTH TERRACE,40.8549114,-73.9324854
BX,1126 LONGWOOD AVENUE,40.8143095,-73.8933799
QN,426 BEACH 67 STREET,40.5936441,-73.7959045
BK,DEAN STREET,40.6798225,-73.9652479
BX,1261 RYAWA AVENUE,40.80497,-73.885618
BX,427 BOLTON AVENUE,40.8142025,-73.8577522
BK,77 STREET,40.6261627,-74.0205016
QN,41-91 GLENWOOD STREET,40.7732599,-73.7352873
BK,AVENUE T,40.6104593,-73.9254033
BK,1141 BROADWAY,40.6935405,-73.9286641
QN,181-07 JAMAICA AVENUE,40.7089305,-73.7793816
BX,1797 MANSION STREET,40.8381949,-73.8676429
QN,39-15 212TH STREET,40.7643734,-73.7730755
BK,710 DRIGGS AVENUE,40.7135404,-73.9602488
BX,ADAMS STREET,40.8402422,-73.8698976
BK,59 GARNET STREET,40.6742943,-73.9981398
BK,2716 FULTON STREET,40.6774298,-73.8944748
BK,VAN SICKLEN STREET,40.591874,-73.9759767
BX,890 EAST 169 STREET,40.8283403,-73.8960747
BK,1105 STANLEY AVENUE,40.6654749,-73.8690093
BK,731 FOUNTAIN AVENUE,40.6625235,-73.8683627
BX,THROGS NECK EXPWY,40.8182688,-73.8092805
BK,76 STREET,40.6228426,-74.0128097
BK,3041 BRIGHTON 7 STREET,40.5787854,-73.960761
BK,15 AVENUE,40.6133379,-74.0072792
BK,72 STREET,40.6201808,-74.0030618
BK,15 AVENUE,40.6132967,-74.0071387
BK,1116 57TH STREET,40.6327712,-74.0009295
BK,163 ERASMUS STREET,40.6500225,-73.9503619
BK,1538 47 STREET,40.6327347,-73.9857653
BK,1508 48 STREET,40.6325839,-73.9870299
BK,1323 50 STREET,40.6342284,-73.9918466
BK,1315 52 STREET,40.6332157,-73.9932194
BK,1555 51 STREET,40.630572,-73.9873041
BK,1427 51 STREET,40.632296,-73.9901752
BK,51 STREET,40.6325869,-73.9900599
BK,335 TOMPKINS AVENUE,40.6864813,-73.9442736
BK,EVANS STREET,40.7028355,-73.9804774
BK,55 STREET,40.6292604,-73.9920922
BK,57 STREET,40.6296476,-73.9955832
BK,1560 55 STREET,40.6279153,-73.9898624
BK,1346 55 STREET,40.6308196,-73.9946824
BK,12 AVENUE,40.6372506,-73.9937955
BK,57 STREET,40.6288076,-73.9934433
BK,5714 NEW UTRECHT AVENUE,40.6296311,-73.9962749
BK,5601 13 AVENUE,40.6308745,-73.9960947
BK,1410 59 STREET,40.6276851,-73.9955256
BK,BAY 23 STREET,40.601099,-74.0025568
BK,BAY 23 STREET,40.6009755,-74.0026936
BK,5907 17 AVENUE,40.6235619,-73.9888796
BK,1160 40 STREET,40.6414415,-73.9896189
BK,1164 40 STREET,40.6413757,-73.9895072
BK,1118 42 STREET,40.641203,-73.9922241
BK,900A GREENE AVENUE,40.6903778,-73.9319561
BK,1168 41 STREET,40.6410107,-73.9904117
BK,66 STREET,40.6273364,-74.0049355
BK,66 STREET,40.6278854,-74.0058433
BK,1137 61 STREET,40.6305122,-74.0024174
BK,1611 63 STREET,40.6218412,-73.9921832
BK,243 MADISON STREET,40.6851057,-73.9492253
BK,MACON STREET,40.6811386,-73.9470867
BK,TROY AVENUE,40.6642918,-73.9374291
BK,1047 61 STREET,40.6316897,-74.0043701
BK,1045 61 STREET,40.6317226,-74.0044242
BK,67 STREET,40.6186408,-73.9923853
BK,MACON STREET,40.6811358,-73.9471191
BK,GRAVESEND BAY,40.581188,-74.0081073
BK,13 AVENUE,40.64087,-73.9839907
BK,MARCY AVENUE,40.6808529,-73.9466398
BK,MACON STREET,40.6811359,-73.9472309
BK,GRAVESEND BAY,40.5812182,-74.0078265
BK,12 AVENUE,40.6422344,-73.9862533
BK,37 STREET,40.6438074,-73.9880835
BK,708 MONROE STREET,40.6877845,-73.9283854
BK,1237 57 STREET,40.6312286,-73.9974457
BK,1243 57 STREET,40.6313659,-73.997669
BK,1169 58 STREET,40.6317474,-73.9998271
BK,37 STREET,40.6437552,-73.987997
BK,66 STREET,40.6213418,-73.9950001
BK,1063 FULTON STREET,40.6821481,-73.9592075
BK,16 SPENCER PLACE,40.6814273,-73.9548021
BK,1189 FULTON STREET,40.6810427,-73.9540272
BK,BUSHWICK AVENUE,40.6819014,-73.904199
BK,31 STEWART STREET,40.6805975,-73.9041395
BK,1163 FULTON STREET,40.6812984,-73.9550906
BK,CLASSON AVENUE,40.6821917,-73.958335
BK,1817 74 STREET,40.6138979,-73.9947486
BK,1363 49 STREET,40.6342063,-73.990301
BK,1065 FULTON STREET,40.6821179,-73.9591426
BK,387A TOMPKINS AVENUE,40.6843402,-73.9438427
BK,5 SPENCER PLACE,40.6817949,-73.9543368
BK,1560 50 STREET,40.6307586,-73.9869546
BK,19599 LEFFERTS PLACE,40.6805385,-73.9559636
BK,324 HART STREET,40.6941253,-73.9384541
BK,140 PUTNAM AVENUE,40.6831541,-73.9556194
BK,230 PULASKI STREET,40.6929388,-73.9422957
BK,271 HANCOCK STREET,40.6833034,-73.9453687
BK,BAY 23 STREET,40.6008904,-74.0027909
BK,201 HALSEY STREET,40.6825677,-73.9452431
BK,571 CLASSON AVENUE,40.6813134,-73.9583031
BK,201A HALSEY STREET,40.6825759,-73.9451782
BK,LEFFERTS PLACE,40.6808006,-73.9597708
BK,73 STREET,40.6114493,-73.990099
BK,2075 FULTON STREET,40.6784559,-73.910012
BK,883 MYRTLE AVENUE,40.6958287,-73.9473635
BK,78 STREET,40.6066953,-73.9902258
BK,206 BAY 40 STREET,40.5934792,-73.990973
BK,63 IRVING PLACE,40.6832105,-73.9596468
BK,386 CLASSON AVENUE,40.6869791,-73.9599401
BK,414 CLASSON AVENUE,40.6857631,-73.9596813
BK,IRVING PLACE,40.6832491,-73.9603282
BK,74 STREET,40.6134258,-73.9948855
BK,463A HANCOCK STREET,40.6842462,-73.9371616
BK,HANCOCK STREET,40.6837741,-73.9372233
BK,426 HALSEY STREET,40.6830575,-73.9369356
BK,GATES AVENUE,40.687337,-73.9428774
BK,GATES AVENUE,40.6872851,-73.943321
BK,GATES AVENUE,40.6864686,-73.9463829
BK,1338 47 STREET,40.6353591,-73.9901171
BK,GATES AVENUE,40.687296,-73.9432236
BK,GATES AVENUE,40.6864768,-73.9463108
BK,343 MONROE STREET,40.6864208,-73.9440753
BK,799 GREENE AVENUE,40.6903417,-73.9360633
BK,JEFFERSON AVENUE,40.6864235,-73.9247451
BK,MADISON STREET,40.6864645,-73.9333591
BK,MALCOLM X BOULEVARD,40.6888975,-73.9305261
BK,BAY 44 STREET,40.5917277,-73.9880424
BK,BAY 43 STREET,40.5918485,-73.9883772
BK,645 MADISON STREET,40.6871742,-73.9312634
BK,129 BAY 44 STREET,40.5916179,-73.9874987
BK,154 27 AVENUE,40.5906161,-73.9879202
BK,2705 HARWAY AVENUE,40.5901412,-73.9877186
BK,2703 HARWAY AVENUE,40.5901741,-73.9877762
BK,53 28 AVENUE,40.5892488,-73.9850688
BK,39 BAY 49 STREET,40.5886421,-73.9845325
BK,22 28 AVENUE,40.5901271,-73.9850254
BK,18 28 AVENUE,40.5901518,-73.9849174
BK,BAY 46 STREET,40.5900999,-73.9865953
BK,69 BAY 47 STREET,40.5898829,-73.9856628
BK,2728 BATH AVENUE,40.5909479,-73.9858462
BK,688 JEFFERSON AVENUE,40.6853921,-73.9300033
BK,BAY 49 STREET,40.5894216,-73.9844387
BK,638 HANCOCK STREET,40.6845961,-73.930087
BK,129A BAY 44 STREET,40.5914943,-73.9875095
BK,85A UTICA AVENUE,40.6759694,-73.9301682
BK,1776 PACIFIC STREET,40.6762843,-73.9290467
BK,1771 DEAN STREET,40.6759852,-73.9291371
BK,1773 DEAN STREET,40.6759824,-73.9290794
BK,1740 BERGEN STREET,40.6744754,-73.9245026
BK,ROCHESTER AVENUE,40.6766785,-73.9272869
BK,61 BUFFALO AVENUE,40.6767563,-73.9245397
BK,1792 DEAN STREET,40.6754661,-73.9285608
BK,1978 ATLANTIC AVENUE,40.6766837,-73.9226254
BK,604 HANCOCK STREET,40.6844651,-73.9312266
BK,JEFFERSON AVENUE,40.6849441,-73.9335841
BK,482 LEXINGTON AVENUE,40.6885467,-73.9413259
BK,116 VAN BUREN STREET,40.6900726,-73.9411082
BK,155 BUFFALO AVENUE,40.6740309,-73.924759
BK,1742 BERGEN STREET,40.6744726,-73.9244413
BK,HALSEY STREET,40.6834098,-73.9337335
BK,JEFFERSON AVENUE,40.6849386,-73.9336382
BK,UTICA AVENUE,40.67679,-73.9300988
BK,HERKIMER STREET,40.6781297,-73.9261028
BK,1610 BERGEN STREET,40.6747146,-73.9295386
BK,WEST 16 STREET,40.5852442,-73.9853398
BK,GREENE AVENUE,40.6897851,-73.9370734
BK,243 MARCUS GARVEY BLVD,40.6894979,-73.9390678
BK,WEST 7 STREET,40.5900653,-73.976557
BK,2295 WEST 8 STREET,40.5922643,-73.9783458
BK,AVENUE X,40.5898814,-73.9762511
BK,HALSEY STREET,40.6843906,-73.9306353
BK,WEST 16 STREET,40.5862762,-73.985534
BK,STILLWELL AVENUE,40.5850682,-73.9834065
BK,LEXINGTON AVENUE,40.6885576,-73.9412393
BK,1713 DEAN STREET,40.6760962,-73.9311883
BK,BERGEN STREET,40.6748866,-73.9326172
BK,214 LEWIS AVENUE,40.6890464,-73.9365657
BK,747 GREEN AVENUE,40.6900987,-73.9384182
BK,PACIFIC STREET,40.6764537,-73.9321974
BK,HARWAY AVENUE,40.5896828,-73.9880104
BK,58 BROOKLYN AVENUE,40.6779808,-73.9444033
BK,BAY 50 STREET,40.5865371,-73.9862648
BK,DE KALB AVENUE,40.6926676,-73.938066
BK,90 BAY 50 STREET,40.5868692,-73.9859191
BK,926 DEKALB AVENUE,40.6926048,-73.938607
BK,KOSCIUSKO STREET,40.6922947,-73.9388092
BK,859 LAFAYETTE AVENUE,40.6916137,-73.9382509
BK,857 LAFAYETTE AVENUE,40.6916055,-73.9383194
BK,BAY 23 STREET,40.6008465,-74.0028377
BK,2099 SHORE PARKWAY,40.5852418,-73.988382
BK,4302 WESTSHORE AVENUE,40.5857172,-73.9992259
BK,HARWAY AVENUE,40.5909347,-73.9901165
BK,2665 MILL ROAD,40.5894579,-73.9892634
BK,HARWAY AVENUE,40.5896526,-73.9879564
BK,20 DRIVE,40.5996195,-74.0041772
BK,HUNTER AVENUE,40.5856733,-73.9976346
BK,GRANT SQUARE,40.6765351,-73.9523647
BK,DEAN STREET,40.677328,-73.9513367
BK,ROGERS AVENUE,40.6757583,-73.9522175
BK,EASTERN PARKWAY,40.6692106,-73.948949
BK,1201 PRESIDENT STREET,40.6683053,-73.9500708
BK,BAY 23 STREET,40.6033663,-74.000144
BK,EASTERN PARKWAY,40.6694,-73.9489164
BK,BAY 23 STREET,40.6038548,-73.9995931
BK,BAY 26 STREET,40.6014916,-73.998754
BK,23 LEWIS AVENUE,40.6971742,-73.9375677
BK,453A PULASKI STREET,40.6945527,-73.9322728
BK,43 LEWIS AVENUE,40.6963369,-73.93728
BK,356 VERNON AVENUE,40.6958206,-73.9366999
BK,20 STUYVESANT AVENUE,40.6959074,-73.9349364
BK,2835 WEST 17 STREET,40.5779649,-73.9847078
BK,2841 WEST 17 STREET,40.5778551,-73.9846862
BK,1605 MERMAID AVENUE,40.5769574,-73.9840097
BK,354 STOCKTON STREET,40.6973115,-73.9375965
BK,441 PULASKI STREET,40.6944845,-73.9328534
BK,2118 MERMAID AVENUE,40.5759863,-73.988506
BK,EAST 9 STREET,40.6217707,-73.966312
BK,WEST 19 STREET,40.5777757,-73.9864034
BK,47 ROCHESTER AVENUE,40.6775842,-73.9272643
BK,2304 MERMAID AVENUE,40.5756901,-73.9905543
BK,WEST 23 STREET,40.5765876,-73.9905038
BK,796 HERKIMER STREET,40.6781852,-73.9270113
BK,50 ROCHESTER AVENUE,40.6775626,-73.9277835
BK,332 RALPH AVENUE,40.6777098,-73.9220654
BK,EMPIRE BOULEVARD,40.6638713,-73.947432
BK,19 KANE PLACE,40.6775543,-73.9234464
BK,52 BUFFALO AVENUE,40.6773549,-73.9249572
BK,428 EMPIRE BOULEVARD,40.6638385,-73.9477492
BK,434 EMPIRE BOULEVARD,40.6639702,-73.9475184
BK,336 RALPH AVENUE,40.6776193,-73.9220727
BK,17 LAMONT COURT,40.6635979,-73.9438746
BK,540 EMPIRE BOULEVARD,40.6638809,-73.9443213
BK,19 LAMONT COURT,40.6635266,-73.9438602
BK,922 LAFAYETTE AVENUE,40.6914695,-73.935496
BK,65 BAY 35 STREET,40.5982771,-73.9912569
BK,159 STUYVESANT AVENUE,40.6896017,-73.9330927
BK,600 CROWN STREET,40.6652525,-73.9374715
BK,114 MALCOLM X BOULEVARD,40.6897073,-73.9307163
BK,659 QUINCY STREET,40.6892665,-73.9326063
BK,1333 PROSPECT PLACE,40.6736018,-73.9321715
BK,BAY 53 STREET,40.5826725,-73.9869784
BK,BAY 53 STREET,40.5826423,-73.9872808
BK,1736 HART PLACE,40.5797492,-73.9861978
BK,2743 WEST 19 STREET,40.5795927,-73.9859278
BK,1667 52 STREET,40.6285022,-73.9853879
BK,3707 CYPRESS AVENUE,40.5791296,-74.0037763
BK,1527 SURF AVENUE,40.5757194,-73.9833548
BK,2900 MERMAID AVENUE,40.5768144,-73.9817958
BK,STILLWELL AVENUE,40.5830123,-73.9828418
BK,1427 HART PLACE,40.5826995,-73.9837995
BK,2730 WEST 15 STREET,40.5810087,-73.9837639
BK,4500 BEACH 45 STREET,40.5754154,-74.0114363
BK,BEACH RESERVATION,40.5748172,-74.0097552
BK,2700 STILLWELL AVENUE,40.5810992,-73.9826982
BK,2706 WEST 16 STREET,40.580696,-73.9848224
BK,2737 WEST 16 STREET,40.5805531,-73.9841168
BK,2710 WEST 16 STREET,40.5805917,-73.9847684
BK,2753 WEST 15 STREET,40.5804514,-73.9830152
BK,177 BAY 52 STREET,40.583282,-73.9881123
BK,MERMAID AVENUE,40.5750344,-74.0029986
BK,179 BAY 52 STREET,40.5831914,-73.9881771
BK,2766 WEST 16 STREET,40.5793757,-73.9844987
BK,2773 WEST 16 STREET,40.5797407,-73.9839622
BK,2771 WEST 16 STREET,40.5798203,-73.9839766
BK,WEST 16 STREET,40.5798752,-73.9839874
BK,HIGHLAND AVENUE,40.5779574,-74.0079737
BK,155 BAY 52 STREET,40.5833752,-73.9872771
BK,NEPTUNE AVENUE,40.5789884,-73.9824972
BK,WEST 15 STREET,40.5776407,-73.982494
BK,178 BAY 53 STREET,40.5829169,-73.9884724
BK,1517 MERMAID AVENUE,40.5770534,-73.9833761
BK,CONEY ISLAND AVENUE,40.5819005,-73.9818232
BK,WEST 6TH STREET,40.5804417,-73.9750376
BK,NAUTILUS AVENUE,40.5759702,-74.0069799
BK,OCEANIC AVENUE,40.5753197,-74.0066415
BK,ROCHESTER AVENUE,40.6654067,-73.9288528
BK,BEACH RESERVATION,40.5787749,-74.0124665
BK,5017 OCEAN VIEW AVENUE,40.5792088,-74.0107278
BK,4314 MANHATTAN AVENUE,40.5788301,-74.0093418
BK,319 TROY AVENUE,40.6675659,-73.9366366
BK,EASTERN PARKWAY,40.6699281,-73.9398391
BK,703 EASTERN PARKWAY,40.6699774,-73.9450804
BK,285 KINGSTON AVENUE,40.6699648,-73.9418794
BK,1617 50 STREET,40.6303384,-73.9854127
BK,1520 SURF AVENUE,40.5750387,-73.9829698
BK,1507 BOARDWALK WEST,40.5743222,-73.9825308
BK,2015 BOARDWALK WEST,40.5739001,-73.9867389
BK,LINCOLN PLACE,40.670476,-73.9378955
BK,1106 SURF AVENUE,40.5752137,-73.9790173
BK,3030 WEST 12 STREET,40.5743547,-73.9799175
BK,1104 SURF AVENUE,40.5752082,-73.9789129
BK,1110 SURF AVENUE,40.5752302,-73.979154
BK,1108 SURF AVENUE,40.5752164,-73.9790893
BK,1124 SURF AVENUE,40.5752247,-73.97937
BK,1234 STERLING PLACE,40.6716068,-73.9378368
BK,983 ST JOHNS PLACE,40.6716575,-73.9457243
BK,3006 SEA PLACE,40.5722979,-73.9982794
BK,3602 SURF AVENUE,40.572619,-74.0015082
BK,3616 SURF AVENUE,40.5726766,-74.001771
BK,SURF AVENUE,40.5724653,-73.9989417
BK,SURF AVENUE,40.5725476,-73.9986538
BK,SURF AVENUE,40.5724927,-73.9983154
BK,ALBANY AVENUE,40.6742316,-73.939262
BK,PROSPECT PLACE,40.6740095,-73.9396227
BK,341 TROY AVENUE,40.6666628,-73.9365113
BK,ST MARKS AVENUE,40.6741691,-73.9405094
BK,PROSPECT PLACE,40.6740067,-73.9395614
BK,PROSPECT PLACE,40.6740039,-73.9395001
BK,PROSPECT PLACE,40.6730623,-73.9342016
BK,UNION STREET,40.6678452,-73.9354432
BK,UNION STREET,40.6682179,-73.9344083
BK,BERGEN STREET,40.6745778,-73.9177249
BK,EAST NEW YORK AVENUE,40.6646547,-73.9289509
BK,2178 DEAN STREET,40.6747601,-73.9155256
QN,BEECH AVENUE,40.759533,-73.8102717
BK,217 BUFFALO AVENUE,40.6717007,-73.924978
QN,152 STREET,40.7912808,-73.8098309
BK,175 BUFFALO AVENUE,40.6733557,-73.9248211
BK,1564 ST JOHNS PLACE,40.6700328,-73.9263569
BK,EASTERN PARKWAY,40.6681435,-73.9250252
BK,CRESCENT STREET,40.6608522,-73.8661998
BK,ST MARKS AVENUE,40.6736095,-73.9225749
BK,PROSPECT PLACE,40.6730139,-73.9226368
QN,76 STREET,40.7411036,-73.8893724
QN,MALBA DRIVE,40.7884358,-73.8244935
QN,4 8 AVENUE MALBA,40.7912496,-73.8248364
BK,ST MARKS AVENUE,40.6735529,-73.9240782
BK,LEXINGTON AVENUE,40.6896744,-73.9355627
QN,167 STREET,40.6952639,-73.7864986
BX,VICTOR STREET,40.8466399,-73.8672755
BX,2546 HONE AVENUE,40.8642026,-73.8574862
BX,RHINELANDER AVENUE,40.8472842,-73.8666706
QN,120 STREET,40.6871774,-73.7598129
QN,115 ROAD,40.6872633,-73.7867117
BK,14 AVENUE,40.6416024,-73.9809962
BK,BEACH 45 STREET,40.5753441,-74.0106552
BK,ROCHESTER AVENUE,40.6649098,-73.9288281
QN,135 AVENUE,40.6686176,-73.783545
QN,138 ROAD,40.6738869,-73.754482
BX,EAGLE AVENUE,40.8149394,-73.9111569
QN,12 STREET,40.7748375,-73.9289453
QN,140 AVENUE,40.6725073,-73.7601794
BX,VICTOR STREET,40.8470079,-73.867488
QN,163 STREET,40.7879067,-73.7996677
QN,BAYVIEW AVENUE,40.656559,-73.8324199
QN,181 STREET,40.6615989,-73.7652431
QN,64 STREET,40.7404369,-73.9018089
BK,1485 EASTERN PARKWAY,40.6702912,-73.918772
BK,1481 EASTERN PARKWAY,40.6702583,-73.9189018
QN,122 AVENUE,40.6766651,-73.789381
QN,MAYDA ROAD,40.6578616,-73.7365705
QN,133 AVENUE,40.6691814,-73.7930959
BK,1811 ST JOHNS PLACE,40.6700295,-73.9174277
QN,179 STREET,40.6968636,-73.7719168
QN,31 STREET,40.772496,-73.9162537
QN,116 AVENUE,40.6827819,-73.7931979
BK,CONEY ISLAND AVENUE,40.6398567,-73.9685549
QN,FLYNN CANAL,40.6548383,-73.8307447
QN,BROADWAY,40.6554603,-73.8319001
BK,BRIGHTON 8 STREET,40.5790982,-73.9606456
BX,2011 BOGART AVENUE,40.8516284,-73.8614242
QN,87 ROAD,40.7162583,-73.7761684
BK,1707 ST JOHNS PLACE,40.6702181,-73.9202357
QN,HORACE HARDING EXPRE,40.740656,-73.7905067
QN,88 AVENUE,40.7306206,-73.7284641
QN,97 AVENUE,40.6829566,-73.8576356
QN,175 STREET,40.6638886,-73.7723179
QN,145 DRIVE,40.6629426,-73.7728186
BX,1009 VAN NEST AVENUE,40.8471521,-73.8549926
BK,306 UNION STREET,40.6814964,-73.99417
QN,22 AVENUE,40.7776942,-73.8000343
QN,HILLMEYER AVENUE,40.5970049,-73.8044608
BX,1509 MORRIS AVENUE,40.8414386,-73.9097699
BX,933 EAST 224 STREET,40.8850247,-73.8537961
BX,4250 BOYD AVENUE,40.8952424,-73.8510102
BK,238 OCEAN VIEW AVENUE,40.5786496,-73.9654554
QN,30-71 29 STREET,40.7657384,-73.9242006
BK,ALBANY AVENUE,40.6321035,-73.9371603
BK,444 HOWARD AVENUE,40.67254,-73.9199229
QN,110-18 LIBERTY AVENUE,40.684384,-73.8313692
BK,AVENUE M,40.6180989,-73.9601724
BK,1139 EAST 15 STREET,40.6218128,-73.960552
BK,486 HOWARD AVENUE,40.6712912,-73.9200649
QN,SUTPHIN BOULEVARD,40.7053601,-73.8088786
BK,PARK PLACE,40.6718401,-73.9161818
BK,1831 PARK PLACE,40.671813,-73.9166144
BK,2939 BRIGHTON 5 STREET,40.5802327,-73.963237
BK,21 BRIGHTON 7 WALK,40.5808304,-73.9612134
BK,8 BRIGHTON 4 PLACE,40.5796509,-73.9635685
BK,13 BRIGHTON 5 PLACE,40.5797907,-73.9628916
BK,2941 BRIGHTON 5 STREET,40.5801257,-73.9631974
BK,35 BRIGHTON 3 WALK,40.5800219,-73.9649759
BK,36 BRIGHTON 3 WALK,40.5800438,-73.9648678
BK,37 BRIGHTON 3 WALK,40.5800658,-73.964767
BK,25 BRIGHTON 5 LANE,40.5801558,-73.963057
BK,29 BRIGHTON 5 WALK,40.5802629,-73.9630965
BK,2952 BRIGHTON 8TH STREET,40.5804022,-73.9610913
BK,32 BRIGHTON 4 WALK,40.5802302,-73.9640506
BK,34 BRIGHTON 4 WALK,40.5802905,-73.9637697
BK,149 ROCKAWAY AVENUE,40.677685,-73.9104962
BK,401 SUMPTER STREET,40.6814798,-73.9090489
BK,MAC DOUGAL STREET,40.6803405,-73.9086935
QN,109-17 175 STREET,40.6987753,-73.7796352
BK,2097 ATLANTIC AVENUE,40.6766144,-73.9103931
BK,27 BRIGHTON 4 WALK,40.5801313,-73.9637122
QN,CYPRESS AVENUE,40.6959812,-73.8999775
BK,24 PLEASANT PLACE,40.6767213,-73.9102054
BK,AVENUE X,40.5909597,-73.9642212
QN,71-09 CYPRESS HILLS STREET,40.7018288,-73.8922867
QN,147 ROAD,40.65664,-73.7329568
QN,ST FELIX AVENUE,40.6962699,-73.8974274
BK,DESMOND COURT,40.5905335,-73.9617515
BK,914 MADISON STREET,40.6879058,-73.9208311
QN,BOW STREET,40.716841,-73.8451106
BK,HOWARD AVENUE,40.6886117,-73.921436
BK,1376 BROADWAY,40.6891197,-73.9218393
BK,838 MONROE STREET,40.688456,-73.922554
BK,888 HANCOCK STREET,40.6857561,-73.9199286
BK,832 HALSEY STREET,40.6849086,-73.9208527
BK,HOWARD AVENUE,40.6812765,-73.9198691
BK,1919 FULTON STREET,40.6789461,-73.9196556
BK,1937 FULTON STREET,40.6789426,-73.9185524
BK,685 MAC DONOUGH STREET,40.6841029,-73.9187804
BX,3209 CONNER STREET,40.8809788,-73.8223543
BK,95 MAC DOUGAL STREET,40.6796725,-73.9182702
BK,261 MARION STREET,40.6811029,-73.9189031
QN,42 ROAD,40.7592544,-73.7845247
BK,175 SUMPTER STREET,40.680359,-73.9187742
BK,PILLING STREET,40.6832197,-73.9086607
BX,STRANG AVENUE,40.8916715,-73.8367968
BK,1895 FULTON STREET,40.6789908,-73.9208561
BK,14 MOFFAT STREET,40.6833743,-73.9097242
BK,88 GRANITE STREET,40.6840685,-73.9060996
BK,1361 53 STREET,40.6320354,-73.9927476
BK,1381 BUSHWICK AVENUE,40.6852822,-73.910093
BX,4085 MONTICELLO AVENUE,40.8933741,-73.8393823
BK,EVERGREEN AVENUE,40.6845484,-73.9055725
QN,208 STREET,40.7533029,-73.7726403
BK,1379 BUSHWICK AVENUE,40.6853674,-73.9102443
BK,88 SUMPTER STREET,40.6795596,-73.9217099
BK,187 CHAUNCEY STREET,40.680848,-73.92756
BK,1895A FULTON STREET,40.6789935,-73.9207804
BK,44 MAC DOUGAL STREET,40.6791026,-73.9196878
BK,SUMPTER STREET,40.6794285,-73.9269125
BK,33 SUMPTER STREET,40.6795732,-73.9256649
MN,2245 2 AVENUE,40.7966087,-73.9384496
BK,HARING STREET,40.601265,-73.9409056
BK,SUMPTER STREET,40.6794804,-73.9264654
BK,2333 STILLWELL AVENUE,40.5903603,-73.9837112
MN,WEST 143 STREET,40.8208073,-73.9405625
BX,3631A TIBBETT AVENUE,40.885549,-73.9034607
QN,55 STREET,40.7135465,-73.9084063
QN,130 AVENUE,40.6799521,-73.7331879
QN,32 AVENUE,40.7574244,-73.8871182
QN,BEACH 90 STREET,40.5878295,-73.8147128
BK,WEST 13 STREET,40.5895778,-73.9827069
BK,OCEAN PARKWAY,40.5795834,-73.9671613
BK,PATCHEN AVENUE,40.6848215,-73.9261891
QN,86 AVENUE,40.7319968,-73.7186189
BK,39 STREET,40.6475848,-73.9982775
BK,PUTNAM AVENUE,40.686668,-73.9250873
BK,893 PUTNAM AVENUE,40.6870937,-73.9254186
QN,EDGEWATER ROAD,40.6134878,-73.7718631
QN,50 AVENUE,40.7509505,-73.778156
QN,WALDEN AVENUE,40.7708629,-73.7313977
QN,67 STREET,40.7170553,-73.893586
QN,100 PLACE,40.598649,-73.8195441
QN,EAST 10 ROAD,40.605992,-73.8181989
QN,100 PLACE,40.6017643,-73.8194708
QN,100 PLACE,40.6051419,-73.8186838
QN,FAIRFIELD PLACE,40.6635194,-73.856484
QN,CRONSTON AVENUE,40.5810981,-73.8454902
BX,HENRY HUDSON PARKWAY,40.889775,-73.909169
BK,5 AVENUE,40.6817934,-73.9764815
BK,1509 EMMONS AVENUE,40.5834953,-73.9531367
BK,1501 EMMONS AVENUE,40.5834735,-73.9533527
QN,DORMANS ROAD,40.5901163,-73.8132086
QN,VIRGINIA STREET,40.6093808,-73.7441523
QN,BEACH 44 STREET,40.5944741,-73.7758493
BX,BATHGATE AVENUE,40.8530151,-73.8929781
QN,BEACH 98TH STREET,40.5849826,-73.819527
BK,2114 HARING STREET,40.6000574,-73.9411156
QN,LAKEVIEW BLVD EAST,40.6825385,-73.7846825
BK,926 PUTNAM AVENUE,40.6866817,-73.9249611
BK,JEFFERSON AVENUE,40.6864317,-73.9246801
QN,110 STREET,40.7235778,-73.841884
BX,WESTCHESTER AVENUE,40.8226096,-73.8964197
QN,85 AVENUE,40.7304078,-73.7560309
BX,2964 JEROME AVENUE,40.8727982,-73.8893015
QN,430 BEACH 46 STREET,40.5964888,-73.7772505
BK,EAST 46 STREET,40.6410217,-73.9328568
BK,2347 WEST STREET,40.5914445,-73.9701079
BK,211 GRAVESEND NECK ROAD,40.5950425,-73.9687524
BK,2345 WEST STREET,40.5915515,-73.9701295
QN,78 STREET,40.6679603,-73.856424
BK,14 JEFFERSON STREET,40.6974169,-73.9346284
BK,52 GARDEN STREET,40.7005061,-73.9370345
BK,64 BEAVER STREET,40.7002866,-73.9372691
BK,ARION PLACE,40.6988639,-73.9354817
BK,860 FLUSHING AVENUE,40.7015986,-73.9372426
BK,203 CLEVELAND STREET,40.6801961,-73.8854029
BK,627 AVENUE U,40.5981923,-73.9644622
BK,AVENUE N,40.6208629,-73.9146824
BK,2110 OCEAN PARKWAY,40.5974545,-73.9660362
BK,2050 OCEAN PARKWAY,40.5987995,-73.9662804
BX,WALLACE AVENUE,40.8559611,-73.8650518
BK,2123 EAST 5 STREET,40.5986706,-73.9667126
BK,2125 EAST 4 STREET,40.5983744,-73.9676381
BK,2144 OCEAN PARKWAY,40.5966666,-73.965889
BK,EAST 5 STREET,40.5960658,-73.9668183
BK,2316 CONEY ISLAND AVENUE,40.6002994,-73.9616991
BX,1942 GRAND CONCOURSE,40.8503274,-73.9047227
BK,2068 EAST 1 STREET,40.5981173,-73.9710052
BK,AVENUE Y,40.5882556,-73.9725036
BX,EDGEHILL AVENUE,40.8804403,-73.9126931
BK,2157 EAST 1 STREET,40.5955616,-73.9699944
MN,55 AVENUE D,40.7218644,-73.9776796
MN,663 WEST 125 STREET,40.8178294,-73.9599228
BX,1174 LONGFELLOW AVENUE,40.8281101,-73.8876812
BK,EAST 35 STREET,40.6527126,-73.9448424
BK,BROADWAY,40.680544,-73.9058378
BK,DE SALES PLACE,40.682928,-73.9042732
BK,103 VANDERVEER STREET,40.6824278,-73.9035961
BK,BROADWAY,40.6796534,-73.9042491
BK,44 STREET,40.6342466,-73.9825548
BX,2052 BLACKROCK AVENUE,40.8282842,-73.8544086
BX,4220 ELY AVENUE,40.895435,-73.8471902
QN,88-04 GETTYSBURG STREET,40.7301492,-73.7310855
BK,KINGS HIGHWAY,40.6536244,-73.9221007
QN,108-35 ROOSEVELT AVENUE,40.7513478,-73.857623
QN,64 STREET,40.7248383,-73.9016659
BX,BRYANT AVENUE,40.8116721,-73.8850754
MN,661 WEST 187 STREET,40.8540662,-73.9327429
QN,BARBADOES DRIVE,40.5973798,-73.8037791
QN,4-27 BEACH 63 STREET,40.5938305,-73.7926885
BX,2936 TIEMANN AVENUE,40.8697368,-73.8393345
BK,COLONIAL ROAD,40.6279571,-74.0347575
BX,1784 MERRILL STREET,40.8366143,-73.8679677
BK,278 COOPER STREET,40.691362,-73.903475
BX,BAYCHESTER AVENUE,40.8604257,-73.8272426
QN,133 AVENUE,40.6715259,-73.8143108
QN,247 STREET,40.7710945,-73.7426501
BX,1533 HOE AVENUE,40.8342456,-73.8888091
QN,168-39 104 AVENUE,40.7022073,-73.7889541
BX,BOLLER AVENUE,40.8602631,-73.8249366
BK,676 CENTRAL AVENUE,40.68758,-73.9071584
QN,39-73 WOODSIDE AVENUE,40.7443223,-73.9003885
BK,7402 7 AVENUE,40.6276919,-74.0185459
BK,GARLAND COURT,40.5919889,-73.9286105
BK,DARE COURT,40.5861451,-73.9200985
BK,NOVA COURT,40.5868101,-73.9253614
BX,677 KING AVENUE,40.8570755,-73.7898436
QN,78 STREET,40.6726314,-73.8581551
QN,133-46 135 AVENUE,40.6718734,-73.8578539
QN,3527 SHORE FRONT PARKWAY,40.5943084,-73.7684143
QN,BEACH 39 STREET,40.5941842,-73.7708092
BX,135 BRUCKNER BOULEVARD,40.8041347,-73.9203316
BX,1176 EAST 178 STREET,40.8390237,-73.8749921
BK,KEEN COURT,40.5884371,-73.9243226
BK,NOEL AVENUE,40.589316,-73.9251857
BX,WILCOX AVENUE,40.8267908,-73.8141305
BX,ST RAYMOND AVENUE,40.839556,-73.8495303
BK,SCHAEFER STREET,40.6900316,-73.9078329
BX,2215 NUVERN AVENUE,40.8933746,-73.8357979
QN,GUY R BREWER BLVD,40.6713567,-73.7734748
BK,BAYARD STREET,40.7190228,-73.9491562
BX,EAST 213 STREET,40.8764774,-73.8556699
QN,LAUREL HILL BLVD,40.7333561,-73.9244828
BX,DELAFIELD AVENUE,40.8982952,-73.906571
QN,5 AVENUE,40.7926096,-73.8408678
QN,130 STREET,40.7913514,-73.8381478
MN,567 3 AVENUE,40.7477719,-73.9762164
MN,562 5 AVENUE,40.7562922,-73.9792779
BK,20 AVENUE,40.6223253,-73.9785666
BK,EAST 88 STREET,40.6352636,-73.9028067
BX,EAST 166 STREET,40.825797,-73.9004002
QN,GREENWAY SOUTH,40.7108426,-73.840237
QN,92 STREET,40.7524327,-73.8748045
BK,EAST 56 STREET,40.6481334,-73.923963
BK,AVENUE T,40.5997207,-73.9726069
QN,61 STREET,40.7440342,-73.9037704
QN,26 AVENUE,40.7740457,-73.8420061
BK,BRIGHTON 5 STREET,40.5796535,-73.9630141
QN,214 BEACH 31 STREET,40.5950888,-73.7634497
BX,SECOR AVENUE,40.892084,-73.831591
BK,1128 BLAKE AVENUE,40.6703575,-73.876195
BX,SHORE DRIVE,40.8335053,-73.8164136
QN,SOUTH CONDUIT AVENUE,40.6649522,-73.8321789
BX,BAYCHESTER AVENUE,40.8635966,-73.8295771
BK,1878 EAST 9 STREET,40.6032534,-73.9633503
BK,141 ERASMUS STREET,40.6499294,-73.9509891
QN,149-03 NORTH CONDUIT AVENUE,40.6671229,-73.7901357
MN,WEST 63 STREET,40.7743457,-73.9896415
QN,193 STREET,40.7564789,-73.7886269
BK,EAST MILL BASIN,40.6137116,-73.9062526
MN,1386 2 AVENUE,40.7682316,-73.9584255
MN,2140 FREDRICK DOUGLASS BL,40.8040135,-73.9552571
MN,2174 2 AVENUE,40.7941637,-73.939492
BK,2035A EAST 7 STREET,40.6012061,-73.9643922
BK,AVENUE R,40.6049633,-73.9631369
QN,47 AVENUE,40.7465909,-73.8574382
BX,SYCAMORE AVENUE,40.9021235,-73.912907
QN,22 AVENUE,40.7777505,-73.8056956
BX,BISSEL AVENUE,40.8998228,-73.8506346
BX,SCHURZ AVENUE,40.8139988,-73.8165253
QN,33 AVENUE,40.7639088,-73.9303648
BK,AVENUE Y,40.5868384,-73.9818939
QN,41 STREET,40.7361726,-73.9250245
BK,SEDGWICK PLACE,40.6399179,-74.0284941
BX,LAFAYETTE AVENUE,40.8191137,-73.8802935
QN,133 AVENUE,40.6734752,-73.8251205
QN,LINDEN BOULEVARD,40.6823535,-73.8072752
MN,122 WEST 136 STREET,40.815022,-73.9415179
BX,1135 CLAY AVENUE,40.8304587,-73.9119746
BX,1875 LACOMBE AVENUE,40.8156148,-73.8589992
BX,COMMONWEALTH AVENUE,40.819588,-73.8649341
BX,BRONX RIVER AVENUE,40.8386126,-73.8705332
QN,109 AVENUE,40.698419,-73.7813638
QN,59-20 DECATUR STREET,40.6995677,-73.895868
BK,FORCE TUBE AVENUE,40.6847897,-73.8815262
BX,MULINER AVENUE,40.849894,-73.8616555
QN,156 STREET,40.7715709,-73.8082806
BK,24 AVENUE,40.5956614,-73.9933781
MN,WEST 114 STREET,40.80677,-73.965579
MN,CATHEDRAL PARKWAY,40.8003478,-73.9585897
BX,2399 BUTLER PLACE,40.8362608,-73.8462998
QN,220 STREET,40.6808632,-73.747725
BX,591 OLMSTEAD AVENUE,40.8175757,-73.8511841
QN,19 AVENUE,40.7732795,-73.8914635
BK,80 STANHOPE STREET,40.6964361,-73.9242072
BK,65 STREET,40.629738,-74.0070684
BK,QUINCY STREET,40.6859856,-73.9600237
BK,DEAN STREET,40.6759797,-73.9290398
BK,CHURCH AVENUE,40.6517878,-73.9346551
QN,165 STREET,40.7555748,-73.8019343
BK,78 STANHOPE STREET,40.6963812,-73.9242614
BK,CRESCENT STREET,40.6617498,-73.8662737
QN,137 ROAD,40.6664669,-73.7284585
BX,WELLMAN AVENUE,40.8415514,-73.8316503
BK,EAST 10 STREET,40.6180647,-73.9646317
QN,105 STREET,40.6995865,-73.8444041
BX,2250 ELLIS AVENUE,40.8327019,-73.8491266
BX,EAST 213 STREET,40.8770705,-73.8581203
BK,UNION STREET,40.6677199,-73.9236054
QN,85 STREET,40.6484028,-73.8450893
QN,79 PLACE,40.7078728,-73.870899
QN,108 AVENUE,40.6926883,-73.799687
QN,CORONA AVENUE,40.7437542,-73.8653512
QN,LANDING ROAD,40.6458904,-73.7433492
QN,11 AVENUE,40.7875941,-73.8344338
BX,STEDMAN PLACE,40.8666873,-73.84944
QN,43 AVENUE,40.7428404,-73.903967
BK,KIMBALL STREET,40.6196421,-73.9370567
QN,6TH AVENUE,40.7970715,-73.8144627
QN,103 STREET,40.6778738,-73.8354164
QN,149 AVENUE,40.6693528,-73.8235271
BK,1910 HOMECREST AVENUE,40.6029971,-73.9602894
BK,86 STREET,40.5897857,-73.9783178
BK,UNION STREET,40.667797,-73.9239658
BK,EAST 23 STREET,40.6054521,-73.9493219
QN,58 STREET,40.7160808,-73.90955
MN,146 WEST 129 STREET,40.8108849,-73.9455638
QN,PEARSON STREET,40.7433848,-73.9424505
BK,GOTHAM AVENUE,40.5913385,-73.924575
BK,AVENUE R,40.6157352,-73.9304113
BX,SCHOFIELD STREET,40.8446572,-73.7891816
QN,HILLMEYER AVENUE,40.5974221,-73.8044307
QN,BEACH 38 STREET,40.5973788,-73.7706434
BX,CODDINGTON AVENUE,40.8391961,-73.8333079
QN,176 STREET,40.7061122,-73.7840653
BK,LAKE STREET,40.591432,-73.9752532
QN,NASHVILLE BOULEVARD,40.6841751,-73.7548552
QN,BROADWAY,40.7524674,-73.905404
BK,EAST 94 STREET,40.6479063,-73.9098622
QN,80-15 91 AVENUE,40.6869589,-73.860252
MN,EAST 57 STREET,40.7576548,-73.9624929
BK,WEST 23 STREET,40.5733432,-73.9898635
BK,EAST 8 STREET,40.6032509,-73.9643335
BX,WILLIAMSBRIDGE ROAD,40.8647779,-73.858819
BX,ROSEDALE AVENUE,40.8388292,-73.8703521
BK,72 STREET,40.616371,-73.9958326
BK,53 BLEECKER STREET,40.6941267,-73.9225546
BK,ALBANY AVENUE,40.6318182,-73.9372866
BK,EAST 26 STREET,40.6340377,-73.952395
BX,POST ROAD,40.8987988,-73.8984786
BK,257 EVERGREEN AVENUE,40.6959271,-73.9264761
BK,WYTHE AVENUE,40.7173782,-73.9620683
BK,90 BLEECKER STREET,40.6946912,-73.9212954
BK,CARROLL STREET,40.6668832,-73.9381152
BK,554 ROCKAWAY PARKWAY,40.6550706,-73.9138963
BK,1959 HOMECREST AVENUE,40.6017672,-73.9595087
QN,94-50 MERRICK BOULEVARD,40.7025719,-73.7917408
BK,EAST 51 STREET,40.6495473,-73.928848
BK,AVENUE M,40.6183954,-73.9602154
BX,BAYCHESTER AVENUE,40.8603021,-73.8271743
BK,LINCOLN AVENUE,40.6692646,-73.8659126
BK,1311 MYRTLE AVENUE,40.6982427,-73.9250022
BK,CARROLL STREET,40.6759178,-73.9822086
BK,865 GLENMORE AVENUE,40.6760303,-73.8781132
QN,144-18 123 AVENUE,40.6747802,-73.7943295
BK,FLATLANDS AVENUE,40.6611632,-73.8600141
BK,82 STANHOPE STREET,40.6964965,-73.9241567
BK,130 STANHOPE STREET,40.6978597,-73.9228532
BK,ASTER COURT,40.5938847,-73.9272906
BX,FENTON AVENUE,40.872188,-73.8455514
BK,13 AVENUE,40.6272679,-73.9998775
BK,NOVA COURT,40.5868812,-73.9248788
BK,GARLAND COURT,40.5906734,-73.927539
BX,2316 BELMONT AVENUE,40.8531024,-73.8866341
MN,131 WEST 133 STREET,40.813612,-73.9431159
BK,63 HUDSON AVENUE,40.7029261,-73.9808669
QN,85 AVENUE,40.6966218,-73.8525143
QN,73-23 57 AVENUE,40.7287322,-73.8885559
BX,850 EAST 176 STREET,40.8410465,-73.8882918
BX,ELLIS AVENUE,40.8318982,-73.8581878
BK,966 GREENE AVENUE,40.6906917,-73.9290926
BX,RIDER AVENUE,40.8104265,-73.9302222
BK,1836 EAST 3 STREET,40.6055062,-73.9705338
BX,COLLEGE AVENUE,40.8310751,-73.9140515
BK,REMSEN AVENUE,40.6439535,-73.9094496
BX,1877 LACOMBE AVENUE,40.8156257,-73.8589089
BK,204 WITHERS STREET,40.7172772,-73.9433748
MN,2461 AMSTERDAM AVENUE,40.8487014,-73.9300628
BX,1179 TINTON AVENUE,40.8286685,-73.9009957
BK,1068 55 STREET,40.6344648,-74.000699
BK,LENOX ROAD,40.6543393,-73.9429886
BX,1074 RHINELANDER AVENUE,40.8510031,-73.8550963
BX,1104 ALLERTON AVENUE,40.8651634,-73.8553836
BK,WEST 16 STREET,40.5862213,-73.9855232
BK,17 SUYDAM PLACE,40.6778196,-73.9262293
BX,ALLERTON AVENUE,40.8651602,-73.8550654
BK,64 STREET,40.6155409,-73.9828334
BK,867 GREENE AVENUE,40.6907105,-73.9330591
BK,150 BAY 47 STREET,40.5886013,-73.9877081
BK,BAY 43 STREET,40.5943269,-73.9866952
BK,430 EMPIRE BOULEVARD,40.663844,-73.9476555
QN,14-47 BROADWAY,40.7657076,-73.931926
BK,GRAVESEND BAY,40.581155,-74.0083917
BK,2804 MERMAID AVENUE,40.5753088,-73.9944852
BK,159 ERASMUS STREET,40.6500198,-73.9504484
BK,831 HART STREET,40.7020867,-73.9229349
BK,481 CENTRAL AVENUE,40.6915564,-73.9131893
BK,WEST 8 STREET,40.6084071,-73.9820177
BK,2225 65 STREET,40.6136274,-73.9804999
BK,1560 PACIFIC STREET,40.6767477,-73.9376193
BK,260 MANHATTAN AVENUE,40.7124556,-73.9455144
BK,1330 RALPH AVENUE,40.644258,-73.9202487
BK,EAST 93 STREET,40.651945,-73.9148625
BK,AVENUE P,40.6178517,-73.9356248
BK,70 MILFORD STREET,40.6780067,-73.8782466
BK,356 EAST 51 STREET,40.6530804,-73.9298029
BK,113 BLAKE AVENUE,40.6648872,-73.9155849
BK,EAST 92 STREET,40.6512047,-73.9160095
BK,546 BELMONT AVENUE,40.6713152,-73.8893547
BK,AMBOY STREET,40.6641221,-73.9129474
BK,1426 WEST 4 STREET,40.6113571,-73.9786493
BK,1480 MYRTLE AVENUE,40.6989661,-73.9153362
BK,1447 WEST 5 STREET,40.6115329,-73.9790455
BK,SCHENCK AVENUE,40.6733509,-73.8884141
BK,1550 WEST 3 STREET,40.6096908,-73.9773893
QN,161-03 99 STREET,40.6565052,-73.8331625
BX,CONCORD AVENUE,40.809635,-73.9090905
BK,FANE COURT,40.5908458,-73.9267035
BK,KAY COURT,40.5884415,-73.9268429
BX,4539 RICHARDSON AVENUE,40.9015639,-73.8535608
BK,1242 MADISON STREET,40.6944659,-73.9133117
BX,1840 PATTERSON AVENUE,40.8127946,-73.860154
QN,170-16 DOUGLAS AVENUE,40.7042058,-73.7876529
BX,GUNTHER AVENUE,40.8698791,-73.8390341
BK,2213 65 STREET,40.6137647,-73.9807268
BK,JEFFERSON STREET,40.7083004,-73.9221486
BK,28 7 AVENUE,40.6770444,-73.9740389
BK,LEFFERTS AVENUE,40.6624031,-73.9542527
BK,1248 HALSEY STREET,40.6924309,-73.9082767
BK,2221 65 STREET,40.613696,-73.9806116
BK,1075 PACIFIC STREET,40.6790954,-73.9577024
BK,OCEAN PARKWAY,40.6089801,-73.9669271
BK,1224 HALSEY STREET,40.6919207,-73.9087822
BK,CONEY ISLAND AVENUE,40.6134009,-73.9633808
BK,1806 CONEY ISLAND AVENUE,40.6133487,-73.96337
BK,57 STREET,40.6204345,-73.9805087
BK,58 STREET,40.6257304,-73.9898411
BK,1626 54 STREET,40.6275857,-73.9878162
BK,315 ELDERT STREET,40.6931957,-73.9070712
BK,1871 54 STREET,40.6245794,-73.9819197
BK,1625 52 STREET,40.6290814,-73.9863461
BK,1626 53 STREET,40.6282032,-73.9873189
BK,1648 52 STREET,40.6284089,-73.9861553
BK,1645 52 STREET,40.6288343,-73.9859354
BK,5311 17 AVENUE,40.6268526,-73.9855216
BK,1769 53RD STREET,40.6264104,-73.983371
BK,1736 53 STREET,40.6265862,-73.984639
BK,1640 48 STREET,40.6308131,-73.984094
BK,316 STOCKHOLM STREET,40.7031132,-73.9188799
BK,4901 18 AVENUE,40.6280678,-73.980838
BK,1431 EAST 5 STREET,40.6156947,-73.9700106
BK,1771 49 STREET,40.6286278,-73.9810684
BK,AVENUE O,40.6120084,-73.9698718
BK,1682 48 STREET,40.6302146,-73.9831286
BK,112 RYDER AVENUE,40.6125335,-73.9731707
BK,1578 DEKALB AVENUE,40.7032649,-73.919904
BK,1580 DEKALB AVENUE,40.7033198,-73.9198498
BK,652 EAST 2 STREET,40.6350416,-73.9771069
BK,EAST 9 STREET,40.637845,-73.9692908
BK,193 LAWRENCE AVENUE,40.6312941,-73.9727777
BK,EAST 5 STREET,40.6421804,-73.9749965
BK,1430 EAST 2 STREET,40.6148694,-73.9733175
BK,EAST 5 STREET,40.6183902,-73.9704272
BK,59 STREET,40.61686,-73.9761946
BK,200 PARKVILLE AVENUE,40.6308846,-73.9709405
BK,1134 EAST 7 STREET,40.6233168,-73.9692003
BK,224 AINSLIE STREET,40.7127575,-73.9452905
BK,DEVOE STREET,40.7138126,-73.9421261
BK,EAST 7 STREET,40.6204976,-73.9680489
BK,121 DITMAS AVENUE,40.6358816,-73.9772688
BK,HICKS STREET,40.6737726,-74.0065648
BK,EAST 9TH STREET,40.6273623,-73.9679231
BK,TEHAMA STREET,40.6444077,-73.9818675
BK,131 TEHAMA STREET,40.6433184,-73.9846099
BK,1262 CONEY ISLAND AVENUE,40.6267633,-73.9659204
BK,1262A CONEY ISLAND AVENUE,40.6267139,-73.9659096
BK,1286 CONEY ISLAND AVENUE,40.6262226,-73.9658162
BK,12 CLARA STREET,40.6443006,-73.9812837
BK,1882 EAST 12 STREET,40.6034337,-73.9608654
BK,499 EAST 3 STREET,40.6398257,-73.9764279
BK,DAHILL ROAD,40.6434824,-73.9803038
BK,936 EAST 8 STREET,40.6263661,-73.9687161
BK,487 OCEAN PARKWAY,40.6366243,-73.9721738
BK,EAST 18 STREET,40.633898,-73.960426
QN,150-22 TUSKEGEE AIRMEN WAY,40.6955964,-73.800486
BK,CLARA STREET,40.6429369,-73.9847938
BK,597 EAST 3 STREET,40.6378493,-73.9760719
BK,595 EAST 3 STREET,40.6379015,-73.9760826
BK,125 TEHAMA STREET,40.6433678,-73.9844874
BK,340 EAST 9 STREET,40.640247,-73.9703599
BK,2145 58TH STREET,40.6186307,-73.9781103
BK,2141 58TH STREET,40.6186994,-73.9782219
BK,2071 57TH STREET,40.6202202,-73.9792228
BK,222 NORTH 8 STREET,40.7168706,-73.9551424
BK,209 NORTH 7 STREET,40.7170493,-73.95577
BK,275 METROPOLITAN AVENUE,40.7148296,-73.9581053
BK,EAST 14 STREET,40.6353871,-73.9646658
BK,EAST 13 STREET,40.6343112,-73.9648969
BK,NEWKIRK AVENUE,40.6360041,-73.9628675
BK,1315 DORCHESTER ROAD,40.6388292,-73.9653521
BK,79 DOVER STREET,40.5801835,-73.949431
BK,CONEY ISLAND AVENUE,40.6469884,-73.9713551
BK,81 DOVER STREET,40.5801039,-73.9494167
BK,DOVER STREET,40.5808314,-73.9495566
BK,BEDFORD AVENUE,40.6038896,-73.9477133
BK,287 AMHERST STREET,40.5749198,-73.9512529
BK,COLERIDGE STREET,40.5749439,-73.949939
BK,EXETER STREET,40.5753768,-73.9481244
BK,228 COLERIDGE STREET,40.5763768,-73.9502043
BK,100 UNION AVENUE,40.7032709,-73.9499905
BK,177 MACKENZIE STREET,40.5789684,-73.9396258
BK,181 MACKENZIE STREET,40.5788887,-73.9396151
BK,183 ORIENTAL BOULEVARD,40.5772778,-73.9516975
BK,157 LEONARD STREET,40.7090035,-73.9471042
BK,126 GIRARD STREET,40.5793805,-73.9459793
BK,EXETER STREET,40.5784979,-73.9487267
BK,SOUTH 2 STREET,40.7102577,-73.9531919
BK,371 HOOPER STREET,40.7098978,-73.952413
BK,SOUTH 2 STREET,40.7102907,-73.9532712
BK,HARING STREET,40.6032637,-73.9417069
BK,GRAND STREET,40.7111519,-73.9516618
BK,124 GIRARD STREET,40.5794628,-73.9459972
BK,197 ROEBLING STREET,40.7124446,-73.9585361
BK,436 UNION AVENUE,40.71346,-73.9511912
BK,66 MARCY AVENUE,40.7120785,-73.955813
BK,496 STRATFORD ROAD,40.6362114,-73.9675513
BK,EAST 11 STREET,40.5902336,-73.9598542
BK,171 NORTH 8 STREET,40.7183094,-73.956552
BK,168 NORTH 10 STREET,40.719171,-73.9558227
BK,EAST 45 STREET,40.6219643,-73.932332
BK,QUENTIN ROAD,40.6173672,-73.9330823
BK,QUENTIN ROAD,40.6174029,-73.9330282
BK,281 METROPOLITAN AVENUE,40.7148049,-73.9580332
BK,273 METROPOLITAN AVENUE,40.7148654,-73.9581883
BK,EAST 48 STREET,40.620296,-73.9286883
BK,HENDRICKSON STREET,40.6164547,-73.93094
BK,SCHENECTADY AVENUE,40.6201378,-73.930259
BK,EAST 38 STREET,40.6086352,-73.9272242
BK,EAST 53 STREET,40.6136912,-73.9230838
BK,1746 KIMBALL STREET,40.6154706,-73.9331346
BK,KIMBALL STREET,40.6132293,-73.9305328
QN,233 STREET,40.677917,-73.7350348
BK,1994 UTICA AVENUE,40.6230758,-73.9276767
BK,EAST 49 STREET,40.6184676,-73.9281284
BK,EAST 46 STREET,40.6219472,-73.9313126
BK,SCHENECTADY AVENUE,40.6217871,-73.9297746
BK,SCHENECTADY AVENUE,40.6217405,-73.9298827
BK,SCHENECTADY AVENUE,40.62168,-73.9297495
BK,EAST 46 STREET,40.6218869,-73.9313811
BK,EAST 46 STREET,40.621785,-73.9308012
BK,RYDER STREET,40.6109774,-73.9286082
BK,EAST 46 STREET,40.6219002,-73.9307903
BK,342 BROADWAY,40.7075773,-73.9561947
BK,EAST 49 STREET,40.6253791,-73.9282902
BK,488 BROADWAY,40.705621,-73.9511609
BK,1035 EAST 52 STREET,40.6347788,-73.9263309
BK,EAST 53 STREET,40.6337327,-73.9258565
BK,EAST 48 STREET,40.6308535,-73.9303955
BK,103 LYNCH STREET,40.7019389,-73.954698
BK,EAST 53 STREET,40.6184706,-73.9242273
BK,1752 EAST 34 STREET,40.612915,-73.9377618
BK,737 ROGERS AVENUE,40.6532512,-73.9523525
BK,KINGS HIGHWAY,40.6274235,-73.9319698
BK,EAST 43 STREET,40.6282459,-73.9349591
BK,EAST 18 STREET,40.62476,-73.9586986
BK,1175 EAST 43 STREET,40.6263186,-73.934172
BK,1709 AVENUE J,40.6256687,-73.9591412
BK,EAST 42 STREET,40.628628,-73.9359386
BK,EAST 52 STREET,40.6153471,-73.9242633
BK,EAST 54 STREET,40.6151454,-73.9222897
BK,AVENUE O,40.6173117,-73.9192651
BK,EAST 57 STREET,40.6157779,-73.9200414
BK,EAST 58 STREET,40.6181983,-73.9193289
BK,EAST 58 STREET,40.6184203,-73.9188243
BK,1514 EAST 56 STREET,40.6185674,-73.9212051
BK,MILL AVENUE,40.6184655,-73.9168359
BK,EAST 11 STREET,40.5885261,-73.9591279
BK,CLEAR WATER ROAD,40.610971,-73.9152281
BK,MILL AVENUE,40.6149767,-73.9128998
BK,2742 OCEAN AVENUE,40.5944242,-73.950875
BK,EAST 72 STREET,40.6199146,-73.9059305
BK,1098 EAST 56TH STREET,40.6292181,-73.9225291
BK,EAST 21 STREET,40.6336086,-73.9571259
BK,EAST 58 STREET,40.6307042,-73.9201964
BK,EAST 53 STREET,40.6512617,-73.9270804
BK,1272 EAST 15 STREET,40.6195621,-73.9606326
BK,EAST 15 STREET,40.6172479,-73.959647
BK,AVENUE M,40.6353047,-73.8964726
BK,EAST 55 STREET,40.6319468,-73.923142
BK,EAST 51 STREET,40.6318148,-73.9269539
BK,ELM AVENUE,40.6171995,-73.9628888
BK,1111 AVENUE N,40.6154978,-73.9629186
BK,1103 AVENUE N,40.6154814,-73.9630627
BK,1101 AVENUE N,40.6154677,-73.9631995
BK,1711 CONEY ISLAND AVENUE,40.6157284,-73.9631057
BK,2586 NOSTRAND AVENUE,40.621387,-73.9461903
BK,2596 NOSTRAND AVENUE,40.6212223,-73.946158
BK,EAST 52 STREET,40.6322946,-73.9260707
BK,AVENUE I,40.6288673,-73.9477874
BK,HAWTHORNE STREET,40.6575873,-73.9507672
BK,283 MIDWOOD STREET,40.6602856,-73.9513455
BK,AVENUE N,40.6343334,-73.8938296
BK,1935 BEDFORD AVENUE,40.6579133,-73.9561768
BK,440 LINCOLN ROAD,40.6614838,-73.9483494
BK,2210 NOSTRAND AVENUE,40.6308216,-73.9479552
BK,881 EAST 23 STREET,40.6289028,-73.9537569
BK,337 WINTHROP STREET,40.6574244,-73.9486156
BK,234 FOUNTAIN AVENUE,40.6742351,-73.8753947
BK,104 KENILWORTH PLACE,40.63329,-73.9498231
BK,EAST 23 STREET,40.6148483,-73.9511409
BK,EAST 23 STREET,40.6160262,-73.9519685
BK,3924 FARRAGUT ROAD,40.6366387,-73.9386332
BK,OLEAN STREET,40.6160702,-73.9521557
BK,AVENUE M,40.6189857,-73.9534
BK,697 EAST 38 STREET,40.6382919,-73.9401306
BK,774 EAST 39 STREET,40.6381599,-73.9397236
BK,429 MAPLE STREET,40.6612991,-73.9465906
BK,489 EAST NEW YORK AVENUE,40.6620484,-73.9464891
BK,778 EAST 39 STREET,40.6380255,-73.9399327
BK,EAST 39 STREET,40.6372456,-73.9391695
BK,713 EAST 35 STREET,40.6375385,-73.9430354
BK,1515 NEW YORK AVENUE,40.6358074,-73.9447302
BK,MIDWOOD STREET,40.6601164,-73.9472583
QN,82-25 60 AVENUE,40.7276099,-73.8780622
BK,3124 FARRAGUT ROAD,40.6361293,-73.9462504
BK,1573 FLATBUSH AVENUE,40.6326465,-73.9469594
BK,SCHENECTADY AVENUE,40.6400058,-73.9323786
BK,2019 NOSTRAND AVENUE,40.6361244,-73.9476772
BK,2004 NOSTRAND AVENUE,40.6366572,-73.9483758
BK,2013 NOSTRAND AVENUE,40.6365334,-73.9477238
BK,3115 FARRAGUT ROAD,40.636596,-73.9465311
BK,EAST 51 STREET,40.6453863,-73.9289858
BK,EAST 52 STREET,40.6456242,-73.9274901
BK,161 VERONICA PLACE,40.6462081,-73.9524332
BK,159 LOTT STREET,40.6460137,-73.9536838
BK,368 LENOX ROAD,40.6539462,-73.9473569
BK,112 VERONICA PLACE,40.6474326,-73.9531386
BK,304 VAN BRUNT STREET,40.6794238,-74.010798
BK,WOODS PLACE,40.6489814,-73.9550872
BK,866 ROGERS AVENUE,40.6494141,-73.9525426
BK,885 NEW YORK AVENUE,40.6519668,-73.9464611
BK,778 NEW YORK AVENUE,40.654841,-73.9474103
BK,HAWTHORNE STREET,40.6579696,-73.9527312
BK,419 EAST 34 STREET,40.6465671,-73.945006
BK,EAST 48 STREET,40.6492691,-73.9317782
BK,878 THOMAS S BOYLAND ST,40.6587822,-73.9111991
BK,TILDEN AVENUE,40.6485151,-73.9285897
BK,LINDEN BOULEVARD,40.6540328,-73.917343
BK,555 EAST 96 STREET,40.6548786,-73.9141632
BK,354 EAST 51 STREET,40.6531353,-73.9298065
BK,388 EAST 51 STREET,40.6523146,-73.9297172
BK,750 UTICA AVE,40.6545936,-73.9310411
BK,258 EAST 53 STREET,40.65348,-73.9279681
BK,EAST 51 STREET,40.6530228,-73.9297958
BK,EAST 52 STREET,40.6526266,-73.9282429
BK,826 HOWARD AVENUE,40.6616698,-73.9187717
BK,200 TAPSCOTT STREET,40.6630486,-73.9200784
BK,198 TAPSCOTT STREET,40.6631145,-73.9200964
BK,NOSTRAND AVE,40.6476781,-73.9495529
BK,SCHENECTADY AVENUE,40.6521656,-73.9330293
BK,2206 STRAUSS STREET,40.6598111,-73.9143263
BK,CLARKSON AVENUE,40.6562524,-73.9326829
BK,398 EAST 98 STREET,40.658956,-73.9159565
BK,379 EAST 98 STREET,40.6590356,-73.9160104
BK,791 SARATOGA AVENUE,40.6612856,-73.9150849
BK,62 RIVERDALE AVENUE,40.6599595,-73.9145135
BK,241 LEGION STREET,40.6627826,-73.9165212
BK,237 LEGION STREET,40.6628622,-73.9165427
BK,545 TROY AVENUE,40.6601194,-73.9367842
BK,EAST 49 STREET,40.6591782,-73.9324853
BK,EAST 49 STREET,40.6593206,-73.9319121
BK,425 HERZL STREET,40.6594256,-73.9126904
BK,HERZL STREET,40.6565678,-73.9119553
BK,AMBOY STREET,40.6565478,-73.9110003
BK,155 18 STREET,40.6649811,-73.994503
BK,480 WATKINS STREET,40.6607405,-73.9058621
BK,508 ROCKAWAY AVENUE,40.6676446,-73.9105277
BK,9517 NOLANS LANE,40.6481435,-73.9078258
BK,366 ROCKAWAY AVENUE,40.6709473,-73.9115254
BK,2041 UNION STREET,40.6664695,-73.9213251
BK,37 TAPSCOTT STREET,40.6668422,-73.9204632
BK,61 SUTTER AVENUE,40.6658923,-73.9202552
BK,EAST 92 STREET,40.6509432,-73.9149647
BK,353 EAST 31ST STREET,40.641935,-73.9473592
BK,103 BLAKE AVENUE,40.6648326,-73.9159815
BK,1836 STRAUSS STREET,40.6692467,-73.9167438
BK,581 SARATOGA AVENUE,40.6668147,-73.9164945
BK,198 HERZL STREET,40.6652159,-73.9147591
BK,1536 EAST NEW YORK AVENUE,40.6719186,-73.9110663
BK,357 ROCKAWAY AVENUE,40.6713311,-73.9108616
BK,120 THATFORD AVENUE,40.6688161,-73.9098196
BK,CHESTER STREET,40.6579593,-73.9084214
BK,BROOKLYN AVENUE,40.6419848,-73.9425055
BK,EAST 46 STREET,40.6383536,-73.9325712
BK,117 OSBORN STREET,40.6695863,-73.9084992
BK,792 ROCKAWAY AVENUE,40.660364,-73.9086668
BK,BRISTOL STREET,40.657999,-73.9099747
BK,CHESTER STREET,40.6591128,-73.9092704
BK,CHESTER STREET,40.6590414,-73.9092525
BK,RALPH AVENUE,40.6444829,-73.9201043
BK,EAST 46 STREET,40.6391198,-73.9332262
BK,791 EAST 43 STREET,40.6355389,-73.935161
BK,460 EAST 57 STREET,40.6442956,-73.9230881
BK,10409 GLENWOOD ROAD,40.6489193,-73.8969813
BK,10204 FARRAGUT ROAD,40.6490261,-73.8998028
BK,659 EAST 78 STREET,40.6368804,-73.9169823
BK,221 CONKLIN AVENUE,40.6448744,-73.9010919
BK,CONKLIN AVENUE,40.6447756,-73.901092
BK,223 CONKLIN AVENUE,40.6449182,-73.9010233
BK,EAST 98 STREET,40.6450967,-73.9010555
BK,842 BLAKE AVENUE,40.668755,-73.8872899
BK,372 BRADFORD STREET,40.6697529,-73.8917221
BK,366 BRADFORD STREET,40.6700027,-73.8917902
BK,340 BRADFORD STREET,40.6706644,-73.8919621
BK,743 BLAKE AVENUE,40.6684927,-73.8913961
BK,234 HINSDALE STREET,40.6694313,-73.9003489
BK,AVENUE N,40.6359943,-73.8912436
BK,1382 EAST 95 STREET,40.6379929,-73.8976215
BK,1382 EAST 95 STREET,40.6379462,-73.8975675
BK,1350 EAST 96 STREET,40.6389343,-73.8975227
BK,EAST 96 STREET,40.6390962,-73.8974648
BK,EAST 93 STREET,40.6398517,-73.9013948
BK,747 EAST 87TH STREET,40.6395475,-73.9086196
BK,EAST 87 STREET,40.6400035,-73.9091198
BK,EAST 88 STREET,40.6401735,-73.908835
BK,718 EAST 87 STREET,40.6397569,-73.9095994
BK,GLENWOOD ROAD,40.6405482,-73.9106937
BK,EAST 105 STREET,40.6379749,-73.8844594
BK,EAST 91 STREET,40.6369861,-73.9014134
BK,651 EAST 87 STREET,40.6409101,-73.9101311
BK,EAST 84 STREET,40.6383994,-73.9111182
BK,EAST 96 STREET,40.63554,-73.8926171
BK,8919 FARRAGUT ROAD,40.6431769,-73.9096632
BK,EAST 80 STREET,40.6290303,-73.9029347
BK,909 EAST 92 STREET,40.6463778,-73.9102643
BK,EAST 89 STREET,40.6411005,-73.907886
BK,1150 REMSEN AVENUE,40.6411275,-73.907432
BK,EAST 89 STREET,40.6424389,-73.9101399
BK,614 EAST 89 STREET,40.6421752,-73.9098411
BK,9002 AVENUE L,40.6352284,-73.9001298
BK,EAST 96 STREET,40.6365539,-73.8937396
BK,1621 EAST 92 STREET,40.6328272,-73.8945814
BK,EAST 95 STREET,40.6337259,-73.8928722
BK,EAST 96 STREET,40.6371474,-73.894416
BK,1554 EAST 95 STREET,40.6346766,-73.8939264
BK,AVENUE N,40.6345116,-73.8935555
BK,AVENUE J,40.6397621,-73.9026128
BK,ROCKAWAY PARKWAY,40.6384181,-73.8943492
BK,10826 AVENUE N,40.6410115,-73.882566
BK,LINWOOD STREET,40.6691611,-73.8816405
BK,363 NEW LOTS AVENUE,40.6618114,-73.8937967
BK,GLENMORE AVENUE,40.6749944,-73.8822826
BK,ST JUDES PLACE,40.6321752,-73.8900429
BK,605 GLENMORE AVENUE,40.6746129,-73.887864
BK,NEW JERSEY AVENUE,40.6705374,-73.8941505
BK,446 LOGAN STREET,40.6752821,-73.8766113
BK,124 MILFORD STREET,40.6766339,-73.8778994
BK,138 MILFORD STREET,40.6762825,-73.8778136
BK,140 MILFORD STREET,40.6762303,-73.8777992
BK,873 GLENMORE AVENUE,40.676063,-73.8778644
BK,178 MILFORD STREET,40.675209,-73.8775487
BK,395 LOGAN STREET,40.6766433,-73.8763708
BK,483 NEW LOTS AVENUE,40.6633176,-73.8901358
BK,419 LOUISIANA AVENUE,40.6582013,-73.8960046
BK,65 MONTAUK AVENUE,40.6779027,-73.8785893
BK,47 MILFORD STREET,40.6785414,-73.8778022
BK,LOGAN STREET,40.6781155,-73.8773127
QN,160-07 102 STREET,40.6583735,-73.8307178
BK,MILFORD STREET,40.6786458,-73.8778273
BK,278 LOGAN STREET,40.6794306,-73.8776419
BK,68 MILFORD STREET,40.6780561,-73.8782574
BK,53 MONTAUK AVENUE CIR,40.6781993,-73.8786609
BK,320 LOGAN STREET,40.6784312,-73.8773914
BK,291 19 STREET,40.6614758,-73.9903006
BK,1109 BLAKE AVENUE,40.6706905,-73.8769442
BK,LOGAN STREET,40.674313,-73.8763679
BK,526 LOGAN STREET,40.6731242,-73.8760781
BK,838 BELMONT AVENUE,40.6729482,-73.8783856
BK,MILFORD STREET,40.6727402,-73.8763528
MN,347 EAST 54 STREET,40.7568074,-73.9647602
BK,LOGAN STREET,40.6719237,-73.8752008
BK,306 ATKINS AVENUE,40.6712438,-73.8784717
BK,606 ALABAMA AVENUE,40.6609985,-73.896285
BK,500 WARWICK STREET,40.6712648,-73.8855733
BK,502 WARWICK STREET,40.6712099,-73.885559
BK,BELMONT AVENUE,40.6733953,-73.8781289
BK,503 BARBEY STREET,40.670242,-73.886606
BK,FANE COURT,40.5921508,-73.9285527
BK,BELMONT AVENUE,40.67294,-73.8784542
BK,658 GLENMORE AVENUE,40.6744738,-73.885986
BK,1111 BLAKE AVENUE,40.6706986,-73.8768757
BK,2702 PITKIN AVENUE,40.6751099,-73.8722062
BK,BELMONT AVENUE,40.669676,-73.9007811
QN,57 AVENUE,40.7290977,-73.883421
BK,399 PINE STREET,40.6759894,-73.8708165
BK,503 SUTTER AVENUE,40.6689785,-73.9004253
BK,241 HINSDALE STREET,40.669332,-73.8997398
BK,282 WILLIAMS AVENUE,40.6691449,-73.8992859
BK,93 SANDFORD STREET,40.6962321,-73.9534145
BK,GLENMORE AVENUE,40.6763649,-73.8728094
BK,299 SCHENCK AVENUE,40.6735073,-73.8883597
BK,232 HINSDALE STREET,40.6694752,-73.9003633
BK,DE GRAW STREET,40.6858552,-74.0036417
BK,105 SPENCER STREET,40.6954861,-73.9550847
BK,279 JEROME STREET,40.6751363,-73.886951
BK,JEROME STREET,40.6754108,-73.8870118
BK,641 GLENMORE AVENUE,40.6747956,-73.8866163
BK,271 FOUNTAIN AVENUE,40.6732378,-73.8745638
BK,195 FOUNTAIN AVENUE,40.6753683,-73.875097
BK,2647 PITKIN AVENUE,40.6752717,-73.8745492
BK,PITKIN AVENUE,40.6751763,-73.8751947
BK,519 BARBEY STREET,40.6698686,-73.8865129
BK,488 WARWICK STREET,40.6715339,-73.8856413
BK,614 BERRIMAN STREET,40.6636649,-73.8753568
BK,ASHFORD STREET,40.6740259,-73.8854207
BK,BARBEY STREET,40.674039,-73.8875765
BK,11 CARROLL STREET,40.6837334,-74.0054985
BK,482 CLEVELAND STREET,40.6728308,-73.8842764
BK,299 GEORGIA AVENUE,40.6694393,-73.8969063
BK,19 WOODHULL STREET,40.6818972,-74.0043698
BK,DUMONT AVENUE,40.670534,-73.8670347
BK,ATKINS AVENUE,40.6655831,-73.8750468
BK,994 LINDEN BOULEVARD,40.6649845,-73.8747632
BK,782 LOGAN STREET,40.6668467,-73.8734151
BK,FOUNTAIN AVENUE,40.6667658,-73.8722834
BK,434 NEW JERSEY AVENUE,40.6687508,-73.8944273
BK,760 AUTUMN AVENUE,40.6696858,-73.8669679
BK,764 SHEPHERD AVENUE,40.6654873,-73.8777937
BK,SHEPHERD AVENUE,40.665547,-73.8771736
BK,494 FOUNTAIN AVENUE,40.6675075,-73.8728335
BK,BELMONT AVENUE,40.6722777,-73.8828859
BK,HAZEL COURT,40.5908661,-73.9283921
BK,1013 DUMONT AVENUE,40.6685017,-73.8810829
BK,GARLAND COURT,40.5949308,-73.9322946
BK,PINE STREET,40.6687501,-73.8696013
BK,537 SHEPHERD AVENUE,40.6711765,-73.8797732
BK,314 BERRIMAN STREET,40.6707973,-73.8793124
BK,964 SUTTER AVENUE,40.6710015,-73.8830395
BK,1330 BLAKE AVENUE,40.6716105,-73.8675193
BK,MC CLANCY PLACE,40.6643012,-73.8855312
BK,GATES AVENUE,40.6890685,-73.9274537
BK,641 JEROME STREET,40.6647637,-73.884139
BK,123 SANDFORD STREET,40.6953427,-73.9532348
BK,739 MYRTLE AVENUE,40.6951697,-73.9531448
BK,703 MYRTLE AVENUE,40.6949536,-73.9550201
BK,118 IVAN COURT,40.5890971,-73.9261905
BK,KENT AVENUE,40.6949222,-73.9591745
BK,96 FRANKLIN AVENUE,40.6961133,-73.9586508
BK,759 BARBEY STREET,40.6635507,-73.8843105
BK,440 LINWOOD STREET,40.6746575,-73.8830439
BK,GLENMORE AVENUE,40.6750216,-73.8820951
BK,136 FRANKLIN AVENUE,40.6947573,-73.9583776
BK,819 BEDFORD AVENUE,40.69589,-73.9560833
BK,136 NOSTRAND AVENUE,40.6955319,-73.9528957
BK,101 SANDFORD STREET,40.6959603,-73.9533606
BK,99 SANDFORD STREET,40.6960344,-73.953375
BK,97 SANDFORD STREET,40.6961003,-73.9533857
BK,49 SPENCER STREET,40.6975888,-73.9555052
BK,27 SPENCER STREET,40.6983134,-73.9555264
BK,480 FLUSHING AVENUE,40.6989639,-73.955324
BK,434 FLUSHING AVENUE,40.6987505,-73.9573365
BK,5 SKILLMAN STREET,40.6986656,-73.9576539
BK,430 FLUSHING AVENUE,40.6987341,-73.9574483
BK,SPENCER STREET,40.6951458,-73.9550164
BK,112 SANDFORD STREET,40.6954856,-73.9538045
BK,715 MYRTLE AVENUE,40.6950357,-73.9542339
BK,671 MYRTLE AVENUE,40.6948967,-73.9568521
BK,537 PARK AVENUE,40.6972016,-73.9549248
BK,535 PARK AVENUE,40.6971934,-73.9550114
BK,WALWORTH STREET,40.6973743,-73.9544415
BK,390 SHEPHERD AVENUE,40.6750867,-73.8813343
BK,ESSEX STREET,40.6747692,-73.8821713
BK,76 SANDFORD STREET,40.6966193,-73.9540309
BK,26 SPENCER STREET,40.6980721,-73.9561468
BK,389 ESSEX STREET,40.6745106,-73.8815661
BK,397 ELTON STREET,40.6733702,-73.8830498
BK,447 LINWOOD STREET,40.6744456,-73.8824639
BK,440 PARK AVENUE,40.6962945,-73.9589284
BK,134 NOSTRAND AVENUE,40.6955896,-73.9529101
BK,BARBEY STREET,40.6670106,-73.8857788
BK,446 LINWOOD STREET,40.6745505,-73.8830153
BK,459 LINWOOD STREET,40.6743468,-73.8824424
BK,DARE COURT,40.5869005,-73.92094
BK,GAIN COURT,40.5861466,-73.922327
QN,145-73 FARMERS BOULEVARD,40.6643055,-73.7680668
BK,392 SHEPHERD AVENUE,40.6750181,-73.88132
BK,350 ELTON STREET,40.6747022,-73.8837829
BK,2410 PITKIN AVENUE,40.6734805,-73.8834714
BK,598 JEROME STREET,40.6663239,-73.8852357
BK,488 LINWOOD STREET,40.6734742,-73.8827396
BK,603 JEROME STREET,40.6660378,-73.8846487
BK,DUMONT AVENUE,40.6672718,-73.8862614
BK,268 ARLINGTON AVENUE,40.6806728,-73.8844719
QN,88 AVENUE,40.7302303,-73.7259184
QN,147-41 183 STREET,40.6587132,-73.7647883
QN,183 STREET,40.655665,-73.7640206
BK,2999 FULTON STREET,40.6803157,-73.8842382
BK,605 JEROME STREET,40.6659774,-73.8846343
BK,876 LIVONIA AVENUE,40.6660321,-73.8844576
BK,207 ESSEX STREET,40.6793229,-73.8823002
BK,2994 FULTON STREET,40.6798381,-73.8842102
BK,3050 FULTON STREET,40.6804784,-73.8822441
QN,136 AVENUE,40.6688487,-73.7281965
BK,646 HENDRIX STREET,40.6657994,-73.88785
BK,686 HENDRIX STREET,40.6646738,-73.8876031
BK,682 HENDRIX STREET,40.6648001,-73.8876354
BK,2900 FULTON STREET,40.6787793,-73.8876226
QN,146-93 GUY R BREWER BLVD,40.6605279,-73.7676834
QN,180-17 145 AVENUE,40.6657053,-73.7639851
BK,EAST 95 STREET,40.652726,-73.9132073
BK,NORWOOD AVENUE,40.680489,-73.87923
BK,501 PENNSYLVANIA AVENUE,40.6650942,-73.8937771
BK,279 EUCLID AVENUE,40.6818743,-73.8733578
BK,CHESTNUT STREET,40.6813237,-73.8743755
QN,160 STREET,40.7921641,-73.8014101
MN,51 LITTLE WEST 12 ST,40.7406953,-74.0082855
QN,10 AVENUE,40.7922501,-73.8003553
BK,QUINCY STREET,40.6900637,-73.9256785
BX,589 EAST 161 STREET,40.8223317,-73.9086324
BK,NOEL AVENUE,40.5869453,-73.9222505
BX,895 EAGLE AVENUE,40.8224442,-73.9085852
BX,EAST 215 STREET,40.8791477,-73.8599674
QN,145-18 232 STREET,40.6600852,-73.7477639
BX,893 EAGLE AVENUE,40.8223948,-73.908607
BX,923 EAGLE AVENUE,40.8236021,-73.9081067
BX,369 EAST 159TH STREET,40.8234595,-73.9154488
BK,171 MONTAUK AVENUE,40.6751545,-73.8779094
BX,465 EAST 159 STREET,40.8224608,-73.9122164
BX,411 EAST 161 STREET,40.8242484,-73.9132474
QN,69-15 44 AVENUE,40.7411941,-73.8951389
QN,48-59 58TH PLACE,40.7369699,-73.907952
QN,58 PLACE,40.7372938,-73.9079768
QN,48-57 58TH PLACE,40.7370193,-73.9079555
QN,48-61 58TH PLACE,40.7368903,-73.9079629
QN,102-39 RUSSELL STREET,40.6564883,-73.8291836
QN,164 DRIVE,40.650927,-73.8289347
QN,165 AVENUE,40.6506938,-73.8289966
QN,67 STREET,40.7423653,-73.8972807
BK,203 ARGYLE ROAD,40.6445031,-73.9666573
QN,153 HAWTREE BASIN,40.6550485,-73.831829
QN,PEDESTRIAN WAY,40.6537362,-73.8298069
BK,198 DOUGLASS STREET,40.6813669,-73.9876514
BK,479 DEGRAW STREET,40.6811638,-73.987774
BK,GARLAND COURT,40.594936,-73.9319021
QN,FLYNN CANAL,40.6557158,-73.8301731
QN,165 AVENUE,40.6504193,-73.8289829
QN,21 BAYVIEW AVENUE,40.6565292,-73.8326795
QN,163 ROAD,40.6528106,-73.831222
BX,1853 O'BRIEN AVENUE,40.8112371,-73.8591205
QN,225-10 113 DRIVE,40.7021818,-73.7319016
QN,102-11 RUSSELL STREET,40.6561576,-73.8300927
QN,102-15 RUSSELL STREET,40.6562645,-73.8300059
QN,160-45 102 STREET,40.6574599,-73.8291415
BK,6202 AVENUE U,40.615419,-73.9133927
QN,BAYVIEW AVENUE,40.6566935,-73.8324736
QN,CHURCH STREET,40.6570226,-73.8322349
QN,99-81 164 ROAD,40.6516903,-73.829095
QN,98-01 218 STREET,40.716223,-73.7373644
BK,BEACON COURT,40.5888391,-73.9220575
QN,HEMPSTEAD AVENUE,40.7129781,-73.7335211
QN,HEMPSTEAD AVENUE,40.7121718,-73.7302959
QN,223-07 HEMPSTEAD AVENUE,40.7122521,-73.7306022
QN,164-44 89 STREET,40.6489716,-73.8415203
QN,217-45 100 AVENUE,40.7153243,-73.7392942
QN,221-09 HEMPSTEAD AVENUE,40.7126179,-73.7320724
QN,92 STREET,40.6501008,-73.8383859
BK,WEBSTER AVENUE,40.6295823,-73.9773934
QN,164-37 99 STREET,40.650275,-73.8316284
QN,88 STREET,40.7655147,-73.8804512
QN,113 AVENUE,40.7036697,-73.7320038
BX,SWINTON AVENUE,40.8302656,-73.8301323
BX,SWINTON AVENUE,40.8307118,-73.8311971
QN,227 STREET,40.7088483,-73.7281452
MN,2102 3 AVENUE,40.7975074,-73.9406845
QN,40-04 23 ROAD,40.7697157,-73.9091342
QN,46 STREET,40.7698284,-73.9026609
QN,22-35 46 STREET,40.7690634,-73.9036187
QN,24-43 47 STREET,40.7666106,-73.9047558
QN,158 AVENUE,40.6608569,-73.8398701
BX,MAGENTA STREET,40.8755448,-73.8701106
BK,114A MARCUS GARVEY BLVD,40.6946836,-73.9406461
BX,650 MAGENTA STREET,40.8751729,-73.8688421
BX,285 BONNER PLACE,40.8277695,-73.9165707
QN,84 STREET,40.7324013,-73.882441
BX,VALLES AVENUE,40.902535,-73.8992036
BX,MOSHOLU AVENUE,40.9056132,-73.8976578
QN,84-22 57 ROAD,40.730302,-73.8775377
BX,SYLVAN AVENUE,40.9031714,-73.8988336
BX,POST ROAD,40.9017627,-73.8980002
BX,5422A SYLVAN AVENUE,40.9020044,-73.8981915
QN,82 STREET,40.7316501,-73.8832578
BX,WEST 256 STREET,40.9039731,-73.8991327
QN,BROADWAY,40.6568237,-73.8295251
BX,5912 FIELDSTON ROAD,40.9071604,-73.8999744
BX,WEST 260 STREET,40.907525,-73.8994022
QN,JAY AVENUE,40.7279745,-73.89731
QN,143 BROADWAY,40.6552735,-73.8317708
QN,RAU COURT,40.6537175,-73.8301565
QN,102-12A 160 AVENUE,40.6585243,-73.830566
QN,99-49 164 ROAD,40.651396,-73.8305336
QN,157-07 CROSS BAY BOULEVARD,40.6618756,-73.8401236
QN,95-11 158 AVENUE,40.6614005,-73.8379693
BX,1351 CLINTON AVENUE,40.832815,-73.900115
QN,66 STREET,40.7278745,-73.8989807
QN,99-75 RUSSELL STREET,40.6556513,-73.8310959
QN,1 STREET,40.6541133,-73.8304871
QN,WILLIAMS COURT,40.6549238,-73.8291515
QN,ELIOT AVENUE,40.7261487,-73.8771088
BK,DE GRAW STREET,40.6858772,-74.0037175
BK,FORD STREET,40.5887954,-73.9357032
QN,93-06 224TH STREET,40.7232865,-73.7319502
QN,46-07 70 STREET,40.7394637,-73.8938209
QN,70 STREET,40.7396478,-73.8940984
QN,76 STREET,40.7255416,-73.8845348
BK,14 CARROLL STREET,40.6833162,-74.005347
BK,CARROLL STREET,40.68319,-74.0049901
BK,HAMILTON AVENUE,40.682125,-74.0048638
BK,CARROLL STREET,40.6837691,-74.0056283
BK,115 WEST 9TH STREET,40.6761799,-74.0021667
BK,302 VAN BRUNT STREET,40.679454,-74.0107619
BK,26 LUQUER STREET,40.6786584,-74.0046653
BK,777 HICKS STREET,40.6762787,-74.0046687
BK,2665 FORD STREET,40.5884192,-73.935538
BK,288 22 STREET,40.659582,-73.9922472
BK,COLUMBIA STREET,40.6791771,-74.00517
BK,LUQUER STREET,40.6791826,-74.0049717
BK,COLUMBIA STREET,40.6796218,-74.0051196
MN,467 WEST 157 STREET,40.8328214,-73.9413468
BK,NOVA COURT,40.5873777,-73.9244786
QN,TROON ROAD,40.7264895,-73.7812248
BK,150 22 STREET,40.6625466,-73.997376
BK,2663 FORD STREET,40.5885016,-73.9355739
BK,82 14 STREET,40.6689583,-73.9950831
BK,WEST 8 STREET,40.5770768,-73.9757516
BK,500 3RD AVENUE,40.6702263,-73.992437
QN,9-13 36 AVENUE,40.7616421,-73.941016
BK,280 19 STREET,40.661399,-73.9909458
BK,613 5 AVENUE,40.6636826,-73.9905815
BK,665A 5 AVENUE,40.6621374,-73.9922253
BK,AVENUE Y,40.6150834,-73.8990289
QN,93 STREET,40.7678309,-73.8774651
QN,23-21 91 STREET,40.7672091,-73.8786648
QN,86-38 102 ROAD,40.6809644,-73.8515358
BK,287 18 STREET,40.6622498,-73.9899293
BK,89 MALCOLM X BOULEVARD,40.690676,-73.9303295
BK,726 LEXINGTON AVENUE,40.6898551,-73.9299697
BK,EAST 73 STREET,40.6187871,-73.9034431
BK,1006 GREENE AVENUE,40.6909294,-73.9273002
BK,QUINCY STREET,40.6900856,-73.9255054
BK,40 KOSSUTH PLACE,40.6936874,-73.9265435
BK,2237 EAST 74 STREET,40.6189757,-73.9024306
BK,1100 GREENE AVENUE,40.6924893,-73.9244245
BK,1140 GREENE AVENUE,40.6937567,-73.9234963
BK,1070 DEKALB AVENUE,40.6933778,-73.9318953
BK,540 KOSCIUSZKO STREET,40.692593,-73.9322495
BK,929 LAFAYETTE AVENUE,40.6919661,-73.9351854
BK,2224 EAST 74 STREET,40.6189626,-73.9031762
BK,1039A DEKALB AVENUE,40.6936723,-73.9333843
BK,1037A DEKALB AVENUE,40.6936614,-73.9334817
BK,27 IRA COURT,40.5910148,-73.9291949
BK,VERANDAH PLACE,40.6882981,-73.9965889
BK,SAGLE STREET,40.7346286,-73.9609074
BX,TRINITY AVENUE,40.8153687,-73.9090899
QN,42-42 27TH STREET,40.7494858,-73.9412506
BX,427 EAST 141 STREET,40.8107494,-73.9202551
BX,418 EAST 143 STREET,40.8117428,-73.9199179
BK,CONOVER STREET,40.6770545,-74.0151347
BX,340 BROOK AVENUE,40.8097046,-73.9176265
BK,25 DARE COURT,40.5871559,-73.9212278
BK,CELESTE COURT,40.5954701,-73.9299391
BX,529 ST ANNS AVENUE,40.814008,-73.9134594
BX,528 EAST 149 STREET,40.8143846,-73.9141923
BX,536 EAST 149 STREET,40.8142442,-73.9137445
QN,84-19 KENT STREET,40.7219175,-73.7816475
BK,20 DARE COURT,40.586936,-73.9206628
QN,179-09 80 DRIVE,40.7253223,-73.7881845
QN,80-74 188 STREET,40.7271882,-73.780555
QN,188 STREET,40.7252539,-73.779526
BK,EAST 83 STREET,40.6408375,-73.9158099
BK,DICTUM COURT,40.5925672,-73.9273497
BK,EAST 95 STREET,40.649724,-73.9106886
BK,795 EAST 94 STREET,40.6493892,-73.9107828
BK,EAST 92 STREET,40.6485532,-73.9122001
BK,784 EAST 95 STREET,40.6496004,-73.9105771
BK,8712 DITMAS AVENUE,40.6466926,-73.916426
BK,8716 DITMAS AVENUE,40.6467529,-73.9163322
BK,789 EAST 91 STREET,40.6483232,-73.9130329
QN,14 AVENUE,40.7893167,-73.7960919
BK,81 CLAY STREET,40.7368577,-73.9546202
QN,CROSS ISLAND PARKWAY,40.7867145,-73.8038964
QN,9 AVENUE,40.7922712,-73.7951945
QN,184-15 ABERDEEN ROAD,40.7243729,-73.7839015
QN,12 ROAD,40.7907506,-73.8030467
QN,155 STREET,40.7882049,-73.807106
QN,CRYDERS LANE,40.787008,-73.8070228
QN,BURTON STREET,40.7866151,-73.7956524
QN,CRYDERS LANE,40.786999,-73.8065353
QN,155 STREET,40.7885936,-73.8065054
BX,530 ZEREGA AVENUE,40.81873,-73.8420156
BX,6083 BROADWAY,40.8938871,-73.8967789
BK,237A 27 STREET,40.6585969,-73.9974771
BX,PALISADE AVENUE,40.9107095,-73.9068068
BX,INDEPENDENCE AVENUE,40.9104509,-73.9060004
BX,POST ROAD,40.8949973,-73.8982529
BX,POST ROAD,40.892705,-73.8977753
BX,6159 BROADWAY,40.8951471,-73.8969794
BX,LIVINGSTON AVENUE,40.8937804,-73.9035319
BX,LIVINGSTON AVENUE,40.8939504,-73.903358
BX,LIVINGSTON AVENUE,40.8943919,-73.902804
BX,POST ROAD,40.8966793,-73.8977475
BX,WEST 246 STREET,40.8939985,-73.9017737
BX,FIELDSTON ROAD,40.8952243,-73.9037685
BX,WALDO AVENUE,40.892332,-73.9012228
BK,126 30 STREET,40.6584459,-74.0026851
BK,218 24 STREET,40.6614185,-73.9984429
BK,EAST 54 STREET,40.6478851,-73.9263525
BX,FIELDSTON ROAD,40.8949468,-73.9034579
BX,LIVINGSTON AVENUE,40.8953656,-73.9020828
BX,LIVINGSTON AVENUE,40.8949409,-73.9029587
BX,FIELDSTON ROAD,40.8955093,-73.9032075
BX,TIBBETT AVENUE,40.8918625,-73.9010897
BX,WALDO AVENUE,40.891476,-73.9016798
BX,WEST 252 STREET,40.8979863,-73.8983387
BX,4422 CAYUGA AVENUE,40.8919429,-73.8988182
BX,5201 POST ROAD,40.8978933,-73.8987476
BK,FANE COURT,40.5951801,-73.931531
BK,FANE COURT,40.594815,-73.9315205
BK,LOIS AVENUE,40.5876714,-73.9204459
BK,216 26 STREET,40.6592529,-73.9979708
BK,CELESTE COURT,40.5924462,-73.9269645
BK,29 EATON COURT,40.5873046,-73.9219081
BK,LESTER COURT,40.5878389,-73.9246221
BK,FRANK COURT,40.5886809,-73.9236563
BK,55 FRANK COURT,40.5883955,-73.9236458
BK,FRANK COURT,40.5868545,-73.9219338
BK,BEACON COURT,40.5906273,-73.9240501
BK,42 DARE COURT,40.587977,-73.9218245
BK,JOVAL COURT,40.5915561,-73.930044
BK,2801 PLUMB 2 STREET,40.5863047,-73.9291603
BK,LESTER COURT,40.588341,-73.9242147
BK,128 30 STREET,40.6584047,-74.002613
BX,CONCORD AVENUE,40.8095719,-73.9091159
BK,FANE COURT,40.5947079,-73.9313874
BK,CELESTE COURT,40.5947285,-73.9291117
BK,BEACON COURT,40.5874956,-73.9202517
BK,BEACON COURT,40.5880999,-73.9209278
BK,BEACON COURT,40.5871223,-73.9201405
BK,3074 GERRITSEN AVENUE,40.5866216,-73.9186073
MN,152 EAST 106 STREET,40.7919384,-73.9462149
MN,1800 PARK AVENUE,40.8049342,-73.9397929
MN,153 EAST 109 STREET,40.7942678,-73.9444939
MN,157 EAST 109 STREET,40.7942019,-73.9443351
QN,36-00 48 STREET,40.7516689,-73.9162871
MN,62 EAST 125 STREET,40.8052308,-73.94019
MN,186 LENOX AVENUE,40.8040735,-73.9477005
QN,43 STREET,40.7514988,-73.9202033
BK,54 FANE COURT,40.5929004,-73.9289912
QN,NORTHERN BOULEVARD,40.7518558,-73.9204988
MN,21 WEST 124 STREET,40.8063579,-73.9436386
BX,1719 BARNES AVENUE,40.8450067,-73.8625259
MN,EAST 132 STREET,40.8103516,-73.9384911
BX,1111 FOX STREET,40.8270513,-73.8942087
BX,1735 MATTHEWS AVENUE,40.8456509,-73.8618234
MN,15 WEST 124 STREET,40.806292,-73.9434797
MN,38 WEST 126 STREET,40.8075216,-73.9433956
QN,157 STREET,40.7921962,-73.8041547
BX,411 EAST 151 STREET,40.8175866,-73.9165257
QN,12 ROAD,40.790397,-73.7985552
BX,780 EAST 137 STREET,40.8032499,-73.9115229
BX,410 BEDFORD PARK BOULEVARD,40.8666721,-73.8837728
BX,3925 PROVOST AVENUE,40.8896304,-73.827995
BK,28 LUQUER STREET,40.6786364,-74.0045823
BX,EAST 152 STREET,40.8179077,-73.9164747
QN,107-06 95TH AVENUE,40.6897176,-73.8374497
BX,3164 SCHLEY AVENUE,40.8266249,-73.8150596
BK,60 WEST 9 STREET,40.6763363,-74.0042108
QN,6120 BLEECKER STREET,40.7115364,-73.9006827
QN,6122 BLEECKER STREET,40.7116297,-73.9006249
QN,63-08 FRESH POND ROAD,40.7115828,-73.9004085
BK,265 VERMONT STREET,40.6732381,-73.8939299
BX,3037 3 AVENUE,40.8200436,-73.9134733
BX,748 ELTON AVENUE,40.8205653,-73.9136749
BX,3061 3 AVENUE,40.8207075,-73.9130244
BX,122I UNDERHILL AVENUE,40.8080913,-73.8565768
BX,HARDING PARK,40.8081654,-73.8565947
QN,108-20 ATLANTIC AVENUE,40.6912893,-73.8366706
BX,378 EAST 156 STREET,40.8208226,-73.9164349
BK,PARK PLACE,40.6787437,-73.9752388
QN,108-18 ATLANTIC AVENUE,40.6912675,-73.8367572
QN,108-12 ATLANTIC AVENUE,40.691221,-73.8369232
QN,108-08 ATLANTIC AVENUE,40.6911855,-73.8370495
BX,PATTERSON AVENUE,40.813343,-73.8597049
QN,108-14 ATLANTIC AVENUE,40.6912429,-73.8368402
BX,BALCOM AVENUE,40.8370665,-73.8373897
BX,1869 PATTERSON AVENUE,40.8134709,-73.8587798
BK,35 NORTH ELLIOTT PLACE,40.6971121,-73.9771866
QN,WESTGATE STREET,40.6726745,-73.7600995
BK,467 LAFAYETTE AVENUE,40.6895304,-73.9562282
BK,676 LORIMER STREET,40.7172307,-73.9496301
BX,431 BEACH AVENUE,40.8137141,-73.8624172
BX,215 SOUNDVIEW AVENUE,40.810432,-73.8561383
BX,422 TAYLOR AVENUE,40.8137617,-73.8609539
BX,400 HARDING PARK,40.8061252,-73.8581235
BX,CORNELL AVENUE,40.8060752,-73.857607
BX,500 HARDING PARK,40.8063229,-73.8582025
BX,211 HARDING PARK,40.8056047,-73.8567122
BX,909 HARDING PARK,40.8070849,-73.8573267
BX,HARDING PARK,40.8089078,-73.857666
BX,1424 HARDING PARK,40.8086084,-73.8574932
BX,1886 GILDERSLEEVE AVENUE,40.8085086,-73.8566915
BX,120 UNDERHILL AVENUE,40.8079076,-73.856747
BX,THIERIOT AVENUE,40.8112239,-73.859507
BX,311 LELAND AVENUE,40.8114291,-73.8590189
QN,167-05 144 AVENUE,40.6693752,-73.7721874
BX,O'BRIEN AVENUE,40.8110893,-73.859482
QN,140 AVENUE,40.6719444,-73.7587827
BX,3182 FISH AVENUE,40.8718089,-73.8473855
BK,24 14 STREET,40.6699383,-73.9970152
BX,1407 HARDING PARK,40.8100526,-73.8578442
BK,55 STREET,40.645135,-74.018385
BX,1616 HARDING PARK,40.809445,-73.8570218
BX,416 BEACH AVENUE,40.8134498,-73.8617819
BX,FLINT AVENUE,40.8897337,-73.8183705
BK,247 55 STREET,40.6457389,-74.0184608
BK,263 56 STREET,40.6449346,-74.0186336
BX,4630 POST ROAD,40.8929432,-73.8970407
BX,433 LELAND AVENUE,40.8141554,-73.8596598
BK,2219 CONEY ISLAND AVENUE,40.6028958,-73.9611754
QN,140-17 GUY R BREWER BLVD,40.6702797,-73.7729306
BK,282 HENDRIX STREET,40.6750626,-73.8901669
BK,167 MESEROLE AVENUE,40.7282318,-73.9499754
BK,2742 FULTON STREET,40.6775687,-73.8932921
BK,265 ECKFORD STREET,40.7281666,-73.9515629
QN,173 STREET,40.6697765,-73.7669879
BK,108 BAY 46 STREET,40.5904485,-73.9869481
MN,EAST 52 STREET,40.7554163,-73.9664646
BK,227 STARR STREET,40.7054547,-73.9231546
BK,177 GREEN STREET,40.7340086,-73.9543298
BK,1658 BROADWAY,40.6843515,-73.9133933
BK,1649 BROADWAY,40.6848785,-73.9134035
BK,2097 SHORE PARKWAY,40.5852583,-73.98849
BK,1811 EAST NEW YORK AVENUE,40.6766129,-73.9017839
BK,97 TRUXTON STREET,40.6788395,-73.9057933
BK,HERKIMER STREET,40.6774363,-73.9050274
BK,1422 HERKIMER STREET,40.6770615,-73.9065241
QN,27-20 172 STREET,40.7719409,-73.7936648
BK,BROADWAY,40.6849225,-73.9134827
BX,EAST 212 STREET,40.8750743,-73.8531129
BX,EAST 212 STREET,40.875025,-73.8532034
BX,3574 LACONIA AVENUE,40.8756907,-73.8543446
QN,28 AVENUE,40.773106,-73.7898053
BK,99 4 STREET,40.6768138,-73.9928184
QN,133 AVENUE,40.6788202,-73.7436046
BX,1217 SHAKESPEARE AVENUE,40.8374851,-73.9234683
BK,922 DEAN STREET,40.678171,-73.9595344
BX,4855 BALDWIN STREET,40.9099988,-73.851831
QN,35 AVENUE,40.7648162,-73.7924992
BX,4716 MATILDA AVENUE,40.9045613,-73.8515862
QN,35 AVENUE,40.7640911,-73.7891839
BX,4564 MATILDA AVENUE,40.9023514,-73.8533565
BX,662 EAST 240 STREET,40.9024469,-73.8529547
QN,88 LANE,40.7015303,-73.8575598
BK,ASTER COURT,40.5965954,-73.9299127
BX,4541 RICHARDSON AVENUE,40.9016516,-73.8534919
BK,DICTUM COURT,40.595248,-73.9303282
BX,4332 BRONX BOULEVARD,40.8975689,-73.8589664
BX,4322 BULLARD AVENUE,40.8976278,-73.8600225
BK,616 MYRTLE AVENUE,40.6939864,-73.9595104
BK,78 QUINCY STREET,40.6858614,-73.9581524
BX,635 EAST 236 STREET,40.8964646,-73.8581911
MN,614 WEST 125 STREET,40.8161467,-73.9592302
BX,NETHERLAND AVENUE,40.8828607,-73.912209
BX,ALLERTON AVENUE,40.8656044,-73.8362353
BX,2968 3 AVENUE,40.8181832,-73.9141657
BX,503 EAST 153 STREET,40.8183061,-73.9132515
BX,727 EAGLE AVENUE,40.818891,-73.9100642
BX,MICKLE AVENUE,40.8686765,-73.8407472
BX,JOHNSON AVENUE,40.8813014,-73.9117228
BX,ARLINGTON AVENUE,40.8829929,-73.9127115
BK,JEFFERSON STREET,40.7057689,-73.9251596
BX,1075 OGDEN AVENUE,40.8351937,-73.9284255
QN,GRANDVIEW AVENUE,40.7099557,-73.9076574
BK,AVENUE K,40.6254422,-73.9376781
BX,2743 WICKHAM AVENUE,40.8664829,-73.8363632
QN,FOREST AVENUE,40.7124439,-73.9060272
BX,631 NEREID AVENUE,40.8996189,-73.8565638
QN,62-50 60 STREET,40.7122042,-73.904884
BK,510 1 STREET,40.6706137,-73.9758114
BK,56 STREET,40.6451375,-74.0198948
BK,BAY RIDGE PARKWAY,40.62096,-74.0090919
QN,AMORY COURT,40.712214,-73.910338
BX,1810 BARTOW AVENUE,40.8671272,-73.8358953
BK,57 STREET,40.644443,-74.0202442
QN,62-08 60 PLACE,40.7134359,-73.9040851
QN,60 PLACE,40.7133701,-73.9041501
BK,55 STREET,40.6455631,-74.0190914
QN,DOUGLASTON PARKWAY,40.7727259,-73.7518828
BK,202 61 STREET,40.6426309,-74.0234038
BK,215 KOSCIUSZKO STREET,40.6914092,-73.9463465
BK,246 54 STREET,40.6459695,-74.0182555
BK,218 56TH STREET,40.6452884,-74.0201399
BK,220 56 STREET,40.6452198,-74.0200282
BK,55 STREET,40.6456072,-74.0182446
QN,159-17 NORMAL ROAD,40.7098518,-73.8047213
BK,ABBEY COURT,40.5870145,-73.9191901
BX,ARNOW AVENUE,40.867745,-73.8460028
QN,182-12 93 AVENUE,40.7078571,-73.7778883
QN,183 STREET,40.7080701,-73.7773105
MN,438 11 AVENUE,40.7570351,-74.0001624
QN,82-46 168 STREET,40.7188034,-73.7988798
QN,92-91 165 STREET,40.7033425,-73.7928853
BK,641 WATKINS STREET,40.656471,-73.9042138
QN,166-17 DOUGLAS AVENUE,40.703672,-73.79142
QN,166-16 DOUGLAS AVENUE,40.7033615,-73.7912731
QN,168-31 LIBERTY AVENUE,40.7033803,-73.789513
QN,175-01 LIBERTY AVENUE,40.7050615,-73.7843464
BK,666 OSBORN STREET,40.6553878,-73.9053795
QN,170-32 93 AVENUE,40.7054875,-73.7876128
BX,SOUTH OAK DRIVE,40.8721098,-73.8641295
QN,170-55 DOUGLAS AVENUE,40.7049448,-73.7864964
QN,93-41 175 STREET,40.7053468,-73.7842517
QN,175-05 LIBERTY AVENUE,40.7050888,-73.7842634
QN,93-43 175 STREET,40.7052781,-73.7842231
QN,93-40 175 STREET,40.7052986,-73.7849155
QN,170-19 DOUGLAS AVENUE,40.7046862,-73.7877055
QN,170-22 DOUGLAS AVENUE,40.7041833,-73.7873573
BX,CRUGER AVENUE,40.8624652,-73.8667269
QN,LIBERTY AVENUE,40.7065142,-73.7789099
BX,2960 CRUGER AVENUE,40.8694988,-73.8657691
BX,HOLLAND AVENUE,40.8687603,-73.8655862
BK,ST NICHOLAS AVENUE,40.7078089,-73.9219256
QN,90-19 179 STREET,40.7100847,-73.7830172
QN,90-17 179 STREET,40.7101451,-73.7830459
BK,58 QUINCY STREET,40.6857902,-73.958769
BK,76 QUINCY STREET,40.6858532,-73.9582245
BK,CANTON COURT,40.587724,-73.9210291
BK,239 GATES AVENUE,40.6855978,-73.9580047
BK,235 GATES AVENUE,40.6855787,-73.9581778
BK,233 GATES AVENUE,40.6855677,-73.9582535
BX,2940 WHITE PLAINS ROAD,40.8690114,-73.866768
BK,278 GATES AVENUE,40.6853555,-73.9557838
BK,MADISON STREET,40.6837748,-73.9567403
BK,91 QUINCY STREET,40.6863909,-73.9575607
BK,QUINCY STREET,40.6863061,-73.9583144
BK,71 QUINCY STREET,40.6862924,-73.9584117
BK,74 QUINCY STREET,40.6858422,-73.9583038
BK,80 QUINCY STREET,40.6858696,-73.9580839
BK,4609 16TH AVENUE,40.6322212,-73.9839244
BK,237 GATES AVENUE,40.6855869,-73.9580913
BK,GATES AVENUE,40.6855595,-73.9583293
BK,229 GATES AVENUE,40.6855486,-73.958423
BK,412 FRANKLIN AVENUE,40.6845461,-73.9566172
BK,1663 48 STREET,40.6308157,-73.9831717
BK,113 MADISON STREET,40.6844712,-73.9547496
BK,WEST STREET,40.7288528,-73.9586053
BK,89 QUINCY STREET,40.6863827,-73.9576328
BK,429 CLASSON AVENUE,40.6863119,-73.9591942
BK,1647 46 STREET,40.6321441,-73.9823644
BK,44 STREET,40.6335357,-73.9823352
BK,359 49 STREET,40.6475897,-74.0124685
BK,PLAZA STREET,40.6749166,-73.9716279
BK,LINCOLN PLACE,40.6760702,-73.9749189
BK,433 FRANKLIN AVENUE,40.6842137,-73.9560153
BK,UNION STREET,40.6750878,-73.9760261
BK,124 STERLING STREET,40.6626319,-73.9567901
BK,73-97 EMPIRE BOULEVARD,40.6637883,-73.959107
BK,1078 WASHINGTON AVENUE,40.6630176,-73.9610611
BX,CHESTNUT DRIVE NORTH,40.8727159,-73.8637197
BK,123 MARCUS GARVEY BLVD,40.6945186,-73.9400549
BK,127 MARCUS GARVEY BLVD,40.6943539,-73.9400226
BK,954 MYRTLE AVENUE,40.695868,-73.9433461
BK,958 MYRTLE AVENUE,40.6958322,-73.9431442
BK,HINSDALE STREET,40.6748425,-73.901736
BK,269A VERNON AVENUE,40.6958145,-73.9408038
BK,129 MARCUS GARVEY BLVD,40.694299,-73.9400118
BK,269 VERNON AVENUE,40.6958091,-73.9408615
BK,235A VERNON AVENUE,40.6956478,-73.94225
BK,KANE STREET,40.6877217,-74.000595
BX,1450 ROSEDALE AVENUE,40.8365037,-73.8697098
BX,1547 ST LAWRENCE AVENUE,40.8394036,-73.8685657
BX,1448 ROSEDALE AVENUE,40.8364351,-73.8697063
BX,1740 EAST TREMONT AVENUE,40.8390921,-73.8698493
BX,1760 EAST TREMONT AVENUE,40.8394234,-73.8690571
BK,654 HART STREET,40.6985565,-73.9264011
BK,1983 54 STREET,40.6230473,-73.9793841
BK,4911 19TH AVENUE,40.626566,-73.9786589
BK,5312 21 AVENUE,40.6217541,-73.9772195
BK,1263 MYRTLE AVENUE,40.6979456,-73.9282843
BK,110 SUYDAM STREET,40.6980967,-73.9284428
BK,1265 MYRTLE AVENUE,40.6979318,-73.9281509
BK,168 SUYDAM STREET,40.6993139,-73.9261226
BK,580 HART STREET,40.6970976,-73.9285485
BK,584 HART STREET,40.6971415,-73.9284763
BK,1282 MYRTLE AVENUE,40.6979001,-73.9257202
BK,36 DODWORTH STREET,40.6951631,-73.9293944
BK,1168 MYRTLE AVENUE,40.6970593,-73.933298
BK,27 DITMARS STREET,40.6969413,-73.9333522
BK,979 BROADWAY,40.6965025,-73.9339044
BK,973 BROADWAY,40.6966261,-73.9341062
BK,969 BROADWAY,40.6966646,-73.9342072
BK,975 BROADWAY,40.6966096,-73.9340558
BK,971 BROADWAY,40.6966453,-73.9341567
BK,967 BROADWAY,40.6966893,-73.9342757
BK,29 DITMARS STREET,40.6969825,-73.9333089
BK,977 BROADWAY,40.6965656,-73.9339837
BK,34 DODWORTH STREET,40.6951055,-73.9294485
BK,1031 BROADWAY,40.6956589,-73.9323654
BK,DODWORTH STREET,40.6946559,-73.9303686
BX,CLAREMONT PARKWAY,40.837944,-73.9023263
BX,1127 NELSON AVENUE,40.8359393,-73.9269069
BX,404 CLAREMONT PARKWAY,40.8393872,-73.9050094
BK,PROSPECT PARK WEST,40.6658105,-73.9764944
BK,122A PROSPECT PARK WEST,40.6656458,-73.9763683
BX,1184 OGDEN AVENUE,40.8374706,-73.926486
BX,1221 RIVER AVENUE,40.8361525,-73.9213738
BX,1135 NELSON AVENUE,40.8360271,-73.9268381
BX,112 EAST 167 STREET,40.8345919,-73.9189472
BX,1192 OGDEN AVENUE,40.8375501,-73.9262654
BX,1125 NELSON AVENUE,40.8358762,-73.9269467
QN,77-11 80 STREET,40.7064869,-73.8687268
BK,HALL STREET,40.6899206,-73.9654266
BK,WEST 7 STREET,40.6073501,-73.9807971
BK,223 WAVERLY AVENUE,40.6912331,-73.9671568
BK,221 WAVERLY AVENUE,40.6912825,-73.9671675
BK,WASHINGTON AVENUE,40.6903268,-73.9655165
BK,144 CLASSON AVENUE,40.6956313,-73.9617885
BX,374 EAST 173 STREET,40.8429821,-73.9041477
BK,179 CLASSON AVENUE,40.6949531,-73.9610316
BK,177 CLASSON AVENUE,40.695019,-73.961046
BK,100 WASHINGTON AVENUE,40.6955645,-73.9676487
BK,VERMONT STREET,40.6732221,-73.8945067
QN,HILLSIDE AVENUE,40.7002366,-73.8323642
QN,117-08 HILLSIDE AVENUE,40.7003271,-73.8323099
BK,119 RYERSON STREET,40.6942626,-73.9648437
BK,527 MYRTLE AVENUE,40.6939548,-73.9636034
BK,73 RYERSON STREET,40.6954292,-73.9650775
BK,212A CLASSON AVENUE,40.69318,-73.9612022
BK,161 EMERSON PLACE,40.6926834,-73.9617866
BK,49 WILLIAMS AVENUE,40.6751514,-73.9002719
BK,2518 ATLANTIC AVENUE,40.6752648,-73.9012847
BK,2532 ATLANTIC AVENUE,40.6752974,-73.9008917
BK,133 HINSDALE STREET,40.672124,-73.9004494
BK,185 VAN SINDEREN AVENUE,40.672963,-73.9025931
BK,228 VERMONT STREET,40.674194,-73.8947576
BK,234 WYONA STREET,40.6731553,-73.8935191
BK,230 VERMONT STREET,40.6741363,-73.8947396
BK,174 ALABAMA AVENUE,40.6721805,-73.8991408
BK,383 13 STREET,40.6647798,-73.9838372
BK,273 NEW JERSEY AVENUE,40.6729671,-73.8948208
BK,424 GLENMORE AVENUE,40.6732716,-73.894586
BK,GLENMORE AVENUE,40.6733339,-73.8937207
BK,275 VERMONT STREET,40.6730322,-73.8938762
BK,2526 ATLANTIC AVENUE,40.6753168,-73.9011224
BK,371 13 STREET,40.6650378,-73.9841976
BK,381 13 STREET,40.6648017,-73.9838805
BK,441 13 STREET,40.6637501,-73.9815306
BK,1667 OCEAN PARKWAY,40.6077092,-73.9667008
BK,1405 BEDFORD AVENUE,40.6749628,-73.9532635
BK,1405 BEDFORD AVENUE,40.6750341,-73.9532418
BK,1134 PACIFIC STREET,40.6779689,-73.9547071
BK,BERGEN STREET,40.6771442,-73.9587275
BK,633 CLASSON AVENUE,40.6787992,-73.9583695
BK,841 BERGEN STREET,40.6778939,-73.9597257
BK,839 BERGEN STREET,40.6779131,-73.9598158
BK,CLASSON AVENUE,40.6768397,-73.9591098
BK,625 CLASSON AVENUE,40.6792136,-73.9582539
BK,623 CLASSON AVENUE,40.6792602,-73.9582395
BK,843 BERGEN STREET,40.6778746,-73.9596392
BK,910 BERGEN STREET,40.6768445,-73.957282
BK,530 ST MARKS AVENUE,40.6758261,-73.9571348
BK,PACIFIC STREET,40.678472,-73.9570214
BK,PACIFIC STREET,40.6783013,-73.9555938
BK,845 BERGEN STREET,40.6778581,-73.9595526
BK,820 BERGEN STREET,40.6775291,-73.9605587
BK,GRAND AVENUE,40.6800216,-73.9612495
BK,PACIFIC STREET,40.6791091,-73.9577853
BK,621 CLASSON AVENUE,40.6793042,-73.9582214
BK,962 PACIFIC STREET,40.6792749,-73.9608317
BK,861 DEAN STREET,40.6790417,-73.9612609
BK,857 DEAN STREET,40.6790637,-73.9613762
BK,CLASSON AVENUE,40.6788678,-73.9583443
BK,523 NOSTRAND AVENUE,40.6793363,-73.949309
BK,GRAND AVENUE,40.67686,-73.9624771
QN,164-59 77 ROAD,40.7240604,-73.8024681
QN,34 AVENUE,40.7764711,-73.7474639
BK,1545 EAST 13 STREET,40.6116872,-73.9604427
BK,521 NOSTRAND AVENUE,40.6793911,-73.9493053
BK,519 NOSTRAND AVENUE,40.6794433,-73.9492981
BK,SCHENCK AVENUE,40.6774799,-73.889377
QN,73 AVENUE,40.7287719,-73.7970313
QN,213-42 35 AVENUE,40.7688911,-73.7730167
BK,HUMBOLDT STREET,40.7260752,-73.9457269
BK,1024 EAST 83 STREET,40.6346208,-73.9088894
QN,POPLAR AVENUE,40.7486608,-73.8134498
QN,36 AVENUE,40.7744806,-73.748468
MN,311 WEST 121 STREET,40.8081492,-73.9537335
QN,59 AVENUE,40.7189502,-73.9041782
QN,FLUSHING AVENUE,40.7163457,-73.9113605
QN,94 STREET,40.6735718,-73.8426082
BK,443 LOGAN STREET,40.6753941,-73.8760559
BK,408 VAN BRUNT STREET,40.6762614,-74.0144964
QN,265 STREET,40.7361172,-73.7024322
QN,212 STREET,40.7311065,-73.7580489
QN,ROCKAWAY BOULEVARD,40.6737343,-73.7927501
QN,LAKEVIEW AVENUE,40.7683914,-73.7273751
QN,253 STREET,40.7636598,-73.7275316
BX,ELLIS AVENUE,40.8318984,-73.8583612
MN,1482 1 AVENUE,40.7710622,-73.9532286
BX,1117 STADIUM AVENUE,40.8362825,-73.8178298
BX,1399 CROTONA AVENUE,40.8335107,-73.8984156
BX,1430 VYSE AVENUE,40.8309769,-73.8891145
BK,STANLEY AVENUE,40.6652125,-73.8700552
MN,651 WEST 125 STREET,40.8176372,-73.9596483
QN,157 BEACH 30TH STREET,40.5934599,-73.7628469
BX,WEST 246 STREET,40.8914125,-73.9150043
QN,42-76 HUNTER STREET,40.7486868,-73.9408146
QN,53-04 ROCKAWAY BEACH BLVD,40.5928615,-73.7837114
BK,647 LIBERTY AVENUE,40.6761838,-73.8859506
BX,ELLIS AVENUE,40.8319065,-73.8582492
BK,2520 OCEAN AVENUE,40.6001009,-73.9519583
BK,109 BLAKE AVENUE,40.6648598,-73.9157616
QN,73-25 57 AVENUE,40.7287458,-73.8884512
BK,PRESIDENT STREET,40.6726714,-73.9719028
BX,664 EAST 170 STREET,40.8336095,-73.8984516
BK,327 WILSON AVENUE,40.6965224,-73.9179431
BX,3 AVENUE,40.8446313,-73.8973541
QN,31-13 LINDEN STREET,40.7689896,-73.8320864
MN,936 1 AVENUE,40.7546721,-73.9652269
BK,1515 EMMONS AVENUE,40.5835035,-73.9529927
BK,1511 EMMONS AVENUE,40.5835036,-73.9530683
BK,1503 EMMONS AVENUE,40.5834789,-73.9532807
BK,402 UNION AVENUE,40.7125378,-73.9511378
BX,846 EAST 176 STREET,40.8411152,-73.8884073
BK,1519 EMMONS AVENUE,40.5835172,-73.9528487
MN,45 EAST 126 STREET,40.8063366,-73.9394051
BX,3071 VILLA AVENUE,40.8738348,-73.8884031
BX,ELLIS AVENUE,40.8319121,-73.8583142
BX,1301 FINDLAY AVENUE,40.8351297,-73.9112709
BK,271 VERNON AVENUE,40.69582,-73.9407497
QN,169 STREET,40.7205721,-73.797904
BK,EAST 53 STREET,40.6131449,-73.9230232
BK,234 WYONA STREET,40.6731498,-73.8935155
MN,815 BROADWAY,40.7330319,-73.9914809
QN,LAKEVIEW BLVD EAST,40.6824643,-73.7846575
BX,MORRIS AVENUE,40.8418694,-73.9096898
BX,1983 ELLIS AVENUE,40.8318023,-73.8582783
QN,42-53 27 STREET,40.7488268,-73.9408505
QN,RUSHMORE AVENUE,40.7630015,-73.7408078
BK,200 PINE STREET,40.6817475,-73.8729073
BX,848 EAST 176 STREET,40.8410822,-73.8883532
BX,EAST 151 STREET,40.8205058,-73.9269202
QN,81 AVENUE,40.7214418,-73.7992542
QN,165-19 82 ROAD,40.7184499,-73.800764
MN,556 WEST 186 STREET,40.8518776,-73.9309306
MN,156 PERRY STREET,40.7345305,-74.0090136
QN,214-60 35 AVENUE,40.7695364,-73.7704007
BK,AVENUE J,40.6278417,-73.9291774
BK,SCHENECTADY AVENUE,40.6275927,-73.9304169
MN,3RD AVENUE,40.7937952,-73.943447
QN,38-40 215TH STREET,40.7659058,-73.7693627
QN,79 STREET,40.7577938,-73.8887599
BX,WEBSTER AVENUE,40.8739713,-73.8742828
QN,21-19A MOTT AVENUE,40.6045481,-73.7546434
MN,WEST 153 STREET,40.8296272,-73.942618
MN,409 EAST 51 STREET,40.7544827,-73.965079
QN,127-006A 94 AVENUE,40.6957478,-73.8207238
BX,3400 BOLLER AVENUE,40.8802287,-73.8347057
BK,641 WASHINGTON AVENUE,40.6782245,-73.9635975
BX,ELLIS AVENUE,40.8318927,-73.8581263
BK,BUSHWICK AVENUE,40.6869404,-73.9142121
BX,78 EAST 237 STREET,40.8981486,-73.8736583
BX,2899 RESERVOIR AVENUE,40.8708355,-73.8980006
QN,103-24 VAN WYCK EXPRESSWAY,40.6909203,-73.8107771
QN,100 AVENUE,40.7154669,-73.7296982
MN,EAST 5 STREET,40.7218947,-73.9779646
BK,SCHENECTADY AVENUE,40.6263222,-73.9309154
BK,AVENUE L,40.6234606,-73.9329681
BK,4525 FLATLANDS AVENUE,40.6240224,-73.9315518
BK,EAST 45 STREET,40.6245305,-73.9320376
BK,1498 EAST 46 STREET,40.624253,-73.931638
BK,1954A TROY AVENUE,40.6244875,-73.9335506
BK,KINGS HIGHWAY,40.6252812,-73.93431
BK,1917 FLATBUSH AVENUE,40.6230154,-73.936841
BK,79 STEUBEN STREET,40.6951624,-73.9631267
QN,159 STREET,40.6137093,-73.8228206
BX,633 MEAD STREET,40.8427389,-73.8665857
BK,WAVERLY AVENUE,40.6837037,-73.965675
BX,1776 BUSSING AVENUE,40.8937884,-73.8494763
BK,OCEAN VIEW AVENUE,40.5812786,-74.0073153
BK,161 PROSPECT AVENUE,40.6661229,-73.9934504
BK,196A 13 STREET,40.6680386,-73.991464
BX,VAN NEST AVENUE,40.8449479,-73.8592695
BK,OPAL COURT,40.5859315,-73.9249555
BK,JUST COURT,40.5885645,-73.9261191
BK,KNIGHT COURT,40.5910291,-73.9300986
BK,25 NOEL AVENUE,40.5869428,-73.9226825
BX,WEST 263 STREET,40.9121,-73.899048
BK,1074 FULTON STREET,40.6813242,-73.9579353
BK,NORTH 6 STREET,40.7208621,-73.9647936
BK,EAST MILL BASIN,40.6141346,-73.9065726
BK,MOFFAT STREET,40.683729,-73.9105061
QN,CANEY LANE,40.663232,-73.7278301
QN,CANEY LANE,40.6631746,-73.7279276
BK,GRAVESEND BAY,40.5811715,-74.0082477
BK,52 WYCKOFF AVENUE,40.7053877,-73.9214415
QN,CRYDERS LANE,40.7873435,-73.8025223
BK,81 STREET,40.6207835,-74.0169662
BK,22 PUTNAM AVENUE,40.682558,-73.9618357
BK,230 LINDEN STREET,40.6964579,-73.9160462
BK,EAST 1 STREET,40.5922184,-73.9698843
BK,CANARSIE ROAD,40.6307751,-73.8897894
QN,52 AVENUE,40.7337849,-73.8969222
QN,40-49 ORIENT AVENUE,40.7705041,-73.7437824
BK,7 AVENUE,40.6174697,-74.0218353
QN,140-16 111 AVENUE,40.6853802,-73.8035382
BX,986 PIERCE AVENUE,40.8446147,-73.85395
BK,236 WYONA STREET,40.6730949,-73.8935011
BX,BELL AVENUE,40.8928919,-73.8341389
BK,GRAVESEND BAY,40.5812924,-74.0071857
BX,LAFAYETTE AVENUE,40.8184997,-73.8811003
QN,100 PLACE,40.5983495,-73.8193432
QN,100 PLACE,40.5984127,-73.8193863
QN,12 ROAD,40.603602,-73.8186628
QN,100 PLACE,40.6026019,-73.8180425
QN,SHAD CREEK ROAD,40.6066042,-73.8218059
BX,TIFFANY STREET,40.8058734,-73.8916632
BX,MERRIAM AVENUE,40.8396993,-73.9264582
BX,BALDWIN STREET,40.9089645,-73.8543295
BX,4551 BULLARD AVENUE,40.9061643,-73.8559745
BX,BULLARD AVENUE,40.9047742,-73.8571713
BX,EDISON AVENUE,40.8269946,-73.8215084
BX,SHORE DRIVE,40.8834798,-73.7945482
QN,70 AVENUE,40.7068515,-73.8782156
QN,38 AVENUE,40.749617,-73.9071188
BK,GRAVESEND BAY,40.5812347,-74.0077005
QN,75 STREET,40.7276373,-73.8859852
BX,WEST 263 STREET,40.9122598,-73.8997388
BX,PELL PLACE,40.8419956,-73.7881203
BX,424 EAST 242 STREET,40.9022954,-73.8659995
BX,HUNT AVENUE,40.84972,-73.8653464
BX,EXTERIOR STREET,40.8174542,-73.9322416
QN,110 STREET,40.7831281,-73.8566848
BX,WEST 236 STREET,40.8855286,-73.905334
BX,FLINT AVENUE,40.8893849,-73.8164763
BX,WEST 261 STREET,40.9152186,-73.9096588
BK,FLUSHING AVENUE,40.7025464,-73.9337397
BK,GRAVESEND BAY,40.5812484,-74.0075709
BK,GRAVESEND BAY,40.5812622,-74.0074449
BK,GRAVESEND BAY,40.5811166,-74.0086941
BK,GRAVESEND BAY,40.5811386,-74.0085321
BK,AVENUE O,40.6162854,-73.9279974
QN,56 ROAD,40.7236497,-73.9152941
QN,GREENE AVENUE,40.7100654,-73.9075382
BX,THIRD AVENUE,40.8071773,-73.9311539
BX,LINCOLN AVENUE,40.8068751,-73.93071
BX,EXTERIOR STREET,40.8126779,-73.9324624
BX,EDGEWATER ROAD,40.8271985,-73.8845861
QN,POWELLS COVE BLVD,40.800133,-73.8186295
BK,EAST 46 STREET,40.6218481,-73.9308804
BK,555 LENOX ROAD,40.6549883,-73.9399138
QN,223 STREET,40.7068949,-73.7331919
BK,ALBEMARLE ROAD,40.6465171,-73.964404
QN,76 STREET,40.7105274,-73.876344
BX,BOSTON ROAD,40.838798,-73.8849454
BX,315 LOCUST AVENUE,40.8039179,-73.9058402
BX,2350 LORILLARD PLACE,40.855208,-73.8899272
BX,,40.907742,-73.8534531
BK,EVANS STREET,40.7028383,-73.9805676
BX,1113 LEBANON STREET,40.8413988,-73.8758333
BK,457 20 STREET,40.6574925,-73.9850572
BK,AVENUE S,40.6017112,-73.974936
BK,1764 EAST 2 STREET,40.6063985,-73.9717182
QN,LITTLE NECK PARKWAY,40.7274034,-73.710322
QN,46 ROAD,40.7550871,-73.7768934
BK,500 LEFFERTS AVENUE,40.6624647,-73.9446361
BK,2725 CHURCH AVENUE,40.6509864,-73.9515541
QN,80 STREET,40.7316045,-73.884279
BK,EATON COURT,40.5898729,-73.9247675
QN,69-31 HILLMEYER AVENUE,40.5972879,-73.7998292
BK,2072 EASTERN PARKWAY,40.6810038,-73.9041966
QN,64 STREET,40.747694,-73.8985825
QN,BRINKERHOFF AVENUE,40.6911051,-73.7937347
QN,215 PLACE,40.7596296,-73.7657712
BK,LINDEN BOULEVARD,40.6692131,-73.8573152
BK,CRESCENT STREET,40.6643725,-73.8675589
QN,BEACH 27 STREET,40.5958314,-73.7601955
BK,463 RUTLAND ROAD,40.6599507,-73.9451788
QN,EDGEWOOD AVENUE,40.6651611,-73.7480944
BK,AVENUE Z,40.5901759,-73.9355147
MN,3 AVENUE,40.8023797,-73.9361543
BX,2601 SEDGWICK AVENUE,40.8689184,-73.9061278
BX,601 EAST 239 STREET,40.9016577,-73.8561217
BK,57 STREET,40.644476,-74.0202982
BK,2 AVENUE,40.6408957,-74.0257381
BK,VAN SICKLEN STREET,40.5939874,-73.975191
BK,78 3 AVENUE,40.684325,-73.9817196
QN,89 STREET,40.7660438,-73.8798257
BX,3958 AMUNDSON AVENUE,40.8908661,-73.8359379
BK,171 BAY 52 STREET,40.5833121,-73.9878531
BX,867 FOX STREET,40.8185549,-73.8956059
BX,1644 COLDEN AVENUE,40.8461413,-73.8544237
BX,2429 JEROME AVENUE,40.8621492,-73.9019581
QN,169-11 FOCH BOULEVARD,40.6863786,-73.7775271
QN,87 DRIVE,40.7281454,-73.7139556
BK,OCEAN COURT,40.5904525,-73.9662738
MN,113 WEST 136 STREET,40.8153154,-73.9410443
BK,534A 2 STREET,40.6704548,-73.9772065
MN,159 EAST 109 STREET,40.7941661,-73.9442557
BX,1408 PROSPECT AVENUE,40.8323341,-73.8963251
BX,CHISHOLM STREET,40.8309998,-73.8960055
QN,27-11 30 AVENUE,40.7682358,-73.923649
QN,24 AVENUE,40.7766646,-73.9231916
QN,155-12 TUSKEGEE AIRMEN WAY,40.6970563,-73.7986785
QN,64-26 WETHEROLE STREET,40.7271305,-73.8618455
QN,WOODHAVEN BOULEVARD,40.7242511,-73.8687314
QN,120 STREET,40.7826194,-73.8474419
QN,64 AVENUE,40.7377989,-73.7921034
BX,4062A HILL AVENUE,40.8928199,-73.8395283
BK,84 FERRIS STREET,40.6788301,-74.0172478
BK,103 KING STREET,40.6775655,-74.0108914
QN,35 STREET,40.7619127,-73.9206926
BX,EAST 213 STREET,40.8784546,-73.8633174
QN,97 STREET,40.6629551,-73.8368049
BX,CROSS BRONX EXPWY,40.831296,-73.8528771
BX,MAJ WM DEEGAN BLVD,40.8280763,-73.9323139
BX,532 LELAND AVENUE,40.8163978,-73.8595973
BX,1850 BARNES AVENUE,40.847439,-73.8629366
QN,WALTHAM STREET,40.6934596,-73.8028617
QN,146-56 106 AVENUE,40.6946786,-73.803042
QN,42 ROAD,40.7591915,-73.7846007
QN,100 HILLSIDE AVENUE,40.7387587,-73.7007171
BK,AVENUE S,40.6019321,-73.9689977
BX,LURTING AVENUE,40.8553435,-73.8581161
BX,FENTON AVENUE,40.8657552,-73.8440551
BX,ZEREGA AVENUE,40.835804,-73.8454371
BK,55 STREET,40.6300125,-73.9924164
BX,4118A BAYCHESTER AVENUE,40.8935555,-73.8435812
QN,32 AVENUE,40.7695258,-73.7907336
QN,28 AVENUE,40.7733255,-73.7897865
QN,56 AVENUE,40.7252836,-73.9023507
QN,84-19 102 ROAD,40.6806767,-73.8540783
QN,226 STREET,40.6996582,-73.731378
BK,HOYT STREET,40.6854979,-73.9883681
BX,EAST 224 STREET,40.880342,-73.8431096
QN,46 AVENUE,40.7436587,-73.8682674
QN,LINDEN BOULEVARD,40.693706,-73.7343049
QN,126 STREET,40.7051225,-73.8251781
BX,EAST 223 STREET,40.880923,-73.8445475
BX,TIEMANN AVENUE,40.8640812,-73.838307
BX,MIDDLETOWN ROAD,40.843407,-73.8317468
BX,ST ANNS AVENUE,40.8103677,-73.9161807
BX,ROSEDALE AVENUE,40.8307827,-73.8687706
BX,PARK DRIVE,40.8882167,-73.8120491
BX,ARMAND PLACE,40.8766015,-73.9004723
QN,ILION AVENUE,40.7003481,-73.7684859
BX,NEWBOLD AVENUE,40.8336876,-73.8473139
QN,ROCKAWAY BOULEVARD,40.6776136,-73.8264472
QN,98 STREET,40.7673583,-73.8719822
QN,49 STREET,40.7457835,-73.9154572
QN,53-41 CONCORD STREET,40.7675734,-73.7261943
BX,VALHALLA DRIVE,40.8404445,-73.8219782
QN,83 AVENUE,40.7082202,-73.8317634
QN,NORTH CONDUIT AVENUE,40.6663534,-73.7327773
BK,SACKETT STREET,40.6860445,-74.0069049
BK,7 STREET,40.6704535,-73.9857644
QN,31 ROAD,40.7755884,-73.7689356
QN,CLEARVIEW EXPRESSWAY,40.7678252,-73.7824573
QN,156 STREET,40.767503,-73.8081299
QN,BAYSIDE AVENUE,40.7707456,-73.8189658
QN,85 DRIVE,40.6947654,-73.8605855
QN,85 AVENUE,40.6960917,-73.8610587
QN,QUINCE AVENUE,40.7492523,-73.8109506
QN,FRESH MEADOW LANE,40.7471966,-73.7949793
QN,9 STREET,40.7638953,-73.9405375
QN,9 STREET,40.7637249,-73.940054
BK,NOVA COURT,40.5865551,-73.9257469
BK,23 AVENUE,40.6001766,-73.9924162
QN,156 STREET,40.6689676,-73.7785116
QN,79 STREET,40.7299244,-73.8839572
BX,POWELL AVENUE,40.8298245,-73.859222
QN,428 BEACH 45 STREET,40.5965201,-73.7764078
QN,GATEWAY BOULEVARD,40.6004016,-73.7499376
BK,EAST 58 STREET,40.6496445,-73.9221378
MN,WEST 138 STREET,40.8182538,-73.944156
MN,WEST 139 STREET,40.8180941,-73.9430217
BX,WOODYCREST AVENUE,40.8355163,-73.9263363
QN,116 STREET,40.7008627,-73.8326187
QN,214 STREET,40.7237489,-73.7495686
QN,203 STREET,40.7006772,-73.752526
BK,REMSEN AVENUE,40.6345751,-73.9001343
BK,AVENUE M,40.6353541,-73.8964293
MN,WEST 29 STREET,40.7475023,-73.9925546
QN,NEWTOWN AVENUE,40.7693377,-73.9214563
QN,88 STREET,40.7072411,-73.8658001
BK,79 STREET,40.6240849,-74.0203965
QN,96 STREET,40.6616528,-73.8378497
BX,EDISON AVENUE,40.8312847,-73.8251574
BX,MORGAN AVENUE,40.8642587,-73.8456241
BK,MILL ROAD,40.5893564,-73.9899223
BK,BAY 10 STREET,40.6084243,-74.0117589
BK,67 STREET,40.6222806,-73.9990346
QN,79 STREET,40.7299766,-73.8840004
QN,79 STREET,40.730026,-73.88404
BK,2 AVENUE,40.6462959,-74.0194411
QN,48 STREET,40.7302922,-73.9192798
QN,210 STREET,40.7451544,-73.7660963
BX,JEROME AVENUE,40.8418083,-73.9159206
BK,BATH AVENUE,40.6066622,-74.0115209
BK,REMSEN AVENUE,40.6422015,-73.9084214
BK,EAST 92 STREET,40.6471745,-73.9111713
BK,EAST 94 STREET,40.6370658,-73.8983687
QN,145 ROAD,40.6638089,-73.7588085
QN,SPRINGFIELD BLVD,40.6647631,-73.7583184
QN,44 AVENUE,40.7409962,-73.8918409
QN,WOODSIDE AVENUE,40.7424967,-73.893863
QN,221 STREET,40.7135609,-73.7327432
QN,JAY AVENUE,40.7269552,-73.9023735
QN,21 STREET,40.7697899,-73.9287846
QN,49-16 106 STREET,40.7444968,-73.8575582
QN,111 AVENUE,40.6851018,-73.8060918
QN,164 STREET,40.7123273,-73.8013522
BK,1628A 54 STREET,40.6275719,-73.9876973
BK,EAST 2 STREET,40.6390025,-73.9780352
BX,MULINER AVENUE,40.8501995,-73.8622947
BX,BEACH AVENUE,40.8347137,-73.866909
BX,WILCOX AVENUE,40.8314649,-73.8174275
BX,BARNES AVENUE,40.8480129,-73.8630799
BX,WHITE PLAINS ROAD,40.8441462,-73.866001
BK,WASHINGTON AVENUE,40.6778981,-73.9640448
QN,78 AVENUE,40.6957326,-73.8982504
BX,CALHOUN AVENUE,40.827624,-73.8256512
QN,108 STREET,40.7483152,-73.8578676
QN,108 AVENUE,40.7002944,-73.7817183
QN,104 STREET,40.7461982,-73.8594962
QN,VAN CLEEF STREET,40.7407808,-73.8534956
QN,56 AVENUE,40.7369572,-73.869291
QN,HILLSIDE AVENUE,40.7201927,-73.7603758
QN,201 STREET,40.7191464,-73.762746
QN,187 PLACE,40.7119191,-73.7721358
QN,208 STREET,40.7198321,-73.7559614
QN,BRINKERHOFF AVENUE,40.6941118,-73.7868737
QN,HOOK CREEK BOULEVARD,40.6705006,-73.7279843
QN,214 STREET,40.7089655,-73.7433156
BX,ROPES AVENUE,40.8874955,-73.8175521
QN,LINDEN BOULEVARD,40.6883888,-73.7882983
BK,HUBBARD STREET,40.5883764,-73.9628148
BX,WEST 256 STREET,40.903203,-73.8972889
BX,FARADAY AVENUE,40.9049811,-73.8999089
QN,71 STREET,40.7438036,-73.8942831
QN,75 PLACE,40.7178374,-73.8795411
BX,VICTOR STREET,40.8458323,-73.8667096
BX,EAST 215 STREET,40.8767779,-73.852451
QN,73 PLACE,40.7270242,-73.887765
QN,109 AVENUE,40.6876559,-73.805374
BK,471 UNION STREET,40.6802857,-73.9899229
